ts,open,high,low,close,volume
2010-01-04,100.0580,100.9367,99.1392,100.9367,2124961
2010-01-05,101.0450,101.6357,100.9788,101.3481,888514
2010-01-06,101.5513,102.8740,101.5513,102.3403,1581929
2010-01-07,102.3127,102.4434,102.0630,102.2129,1286687
2010-01-08,101.8824,101.8824,100.2052,100.2052,1854171
2010-01-11,100.6997,102.4410,100.6997,101.9654,2053630
2010-01-12,101.8708,101.8708,100.5123,100.5123,1389880
2010-01-13,100.6567,100.9842,100.3935,100.9755,1261729
2010-01-14,101.1267,102.3674,101.1267,101.5452,1523072
2010-01-15,101.7470,102.3963,101.0808,102.3963,1695578
2010-01-18,102.4968,103.8776,102.4968,103.8776,1610450
2010-01-19,103.6547,103.6547,101.0878,101.0878,2088256
2010-01-20,101.6983,104.3932,101.6983,103.2274,2088540
2010-01-21,103.1403,103.2189,100.4143,102.1905,1268180
2010-01-22,102.1078,103.8590,101.4088,101.4217,1417701
2010-01-25,101.2371,101.2371,98.5775,99.4897,1327551
2010-01-26,99.5833,102.6141,99.5833,100.5387,883011
2010-01-27,99.6572,99.6653,97.4933,97.7055,2429019
2010-01-28,97.8594,100.8960,97.8594,100.6870,1406576
2010-01-29,100.4859,100.7675,98.7837,99.2116,1642454
2010-02-01,99.0239,99.7060,97.7364,97.7364,1513681
2010-02-02,98.0925,98.8700,97.6825,98.8477,1438802
2010-02-03,99.0187,100.0254,99.0187,99.3823,1850849
2010-02-04,99.1874,99.1874,97.9571,98.7972,1212281
2010-02-05,98.6209,98.6209,97.6097,97.6097,1389163
2010-02-08,97.1715,97.1715,96.2245,96.2245,1922166
2010-02-09,95.8214,95.8214,94.2085,94.6255,2607401
2010-02-10,94.6405,95.1103,94.3741,94.6886,1237339
2010-02-11,94.8875,95.3948,94.4077,95.3948,2418678
2010-02-12,95.3470,95.4583,94.8285,95.1400,1526467
2010-02-15,94.9384,94.9384,94.0135,94.3771,1490454
2010-02-16,94.3008,94.5239,93.9222,94.1541,1500720
2010-02-17,94.3790,94.8858,93.8587,94.8858,1789402
2010-02-18,94.5408,94.5408,93.6554,93.6554,2723965
2010-02-19,93.5216,93.9063,93.2697,93.2697,770004
2010-02-22,93.1914,93.1914,92.0218,92.5227,1547810
2010-02-23,92.3661,92.3661,91.4023,91.4368,1570425
2010-02-24,91.3015,91.7653,90.4236,90.4236,2119833
2010-02-25,90.5182,91.2029,89.3535,91.2029,1108122
2010-02-26,91.2295,91.7478,90.9615,91.3921,1080282
2010-03-01,91.1894,91.1894,90.2294,90.2294,2187581
2010-03-02,90.1467,90.5300,89.8338,89.8338,1158597
2010-03-03,90.0709,91.5162,90.0709,90.9171,2424902
2010-03-04,90.8753,90.9516,90.3945,90.6587,1322595
2010-03-05,90.5178,90.5178,89.1686,89.1686,2049662
2010-03-08,89.4165,90.0877,89.1438,90.0877,1755729
2010-03-09,90.0832,90.0832,89.3998,90.0041,1152613
2010-03-10,89.8289,90.2799,89.2142,89.2142,1811415
2010-03-11,89.1479,89.4056,88.7494,88.8169,1958344
2010-03-12,88.8764,89.2256,88.7213,89.2256,940200
2010-03-15,89.7455,91.8366,89.7455,91.5629,2521606
2010-03-16,91.4230,91.6383,90.4636,90.4636,3030610
2010-03-17,90.0412,90.3850,89.2101,89.2101,2264341
2010-03-18,89.0948,89.4479,88.8674,88.8674,803870
2010-03-19,88.7148,89.3289,88.1104,88.1750,1209615
2010-03-22,88.0224,88.0224,87.0141,87.3237,1582456
2010-03-23,87.6087,89.3831,87.6001,89.3831,2855312
2010-03-24,89.6313,90.4787,89.6313,90.1317,1818718
2010-03-25,89.8339,89.8339,88.3245,88.9068,2556957
2010-03-26,88.9549,89.6396,88.9549,89.0614,1299771
2010-03-29,89.2569,89.7936,89.2569,89.7936,1897331
2010-03-30,89.6429,89.9374,88.0276,88.0276,4041154
2010-03-31,88.1923,89.2349,87.7371,89.2349,1758181
2010-04-01,89.2101,89.9607,88.8974,88.9445,1131922
2010-04-02,88.9632,89.1067,88.5273,89.0329,1359382
2010-04-05,89.2154,89.9446,89.2120,89.8190,1214424
2010-04-06,90.0437,90.5167,89.3942,90.5167,1707787
2010-04-07,90.8079,92.5854,90.8079,92.2516,1909569
2010-04-08,92.3133,92.8071,92.2325,92.7597,1555329
2010-04-09,92.7585,93.4804,92.2494,92.7552,887676
2010-04-12,92.4869,92.4869,91.3237,91.3237,2034240
2010-04-13,91.5150,92.6293,91.2421,92.6293,1790897
2010-04-14,92.7197,93.5547,92.5576,93.1992,1403863
2010-04-15,93.0254,93.2058,92.0858,92.3639,1580830
2010-04-16,92.4143,92.6650,91.5347,92.6650,1193637
2010-04-19,92.4113,92.4895,91.7465,91.8977,1401181
2010-04-20,91.7899,91.9495,91.0410,91.1078,1361442
2010-04-21,90.9388,91.4445,89.7303,89.8083,2162753
2010-04-22,89.6942,90.2669,89.1485,89.3341,968426
2010-04-23,89.2259,89.2259,87.7817,87.7817,2300689
2010-04-26,87.6910,87.6910,87.1327,87.1327,1793646
2010-04-27,87.2629,88.2489,86.6353,88.2489,1580125
2010-04-28,88.2621,88.8273,88.1913,88.4425,1421678
2010-04-29,88.5404,89.1871,88.0896,89.1871,2264220
2010-04-30,89.1615,89.8237,88.9030,88.9448,1165782
2010-05-03,88.7367,88.9214,87.6573,87.6573,1685501
2010-05-04,87.6523,87.6523,86.9040,87.6396,1069342
2010-05-05,87.6889,88.5973,87.6889,88.5973,1818672
2010-05-06,88.7162,89.0314,88.3403,88.9829,1563202
2010-05-07,88.7983,88.7983,87.3787,87.5085,2168682
2010-05-10,87.5381,88.0475,87.4740,87.8862,900197
2010-05-11,87.8237,87.8237,86.7399,86.9164,1721982
2010-05-12,86.7855,86.7855,85.8382,85.8382,1685737
2010-05-13,85.7002,85.7002,84.7153,84.7392,1895431
2010-05-14,84.6142,84.6976,83.7282,84.0393,1136197
2010-05-17,83.9843,83.9843,82.9941,83.0647,2691487
2010-05-18,83.4038,84.6871,83.4038,84.6871,3064803
2010-05-19,84.7082,84.8667,84.3570,84.8667,1344987
2010-05-20,84.7681,84.8788,84.2033,84.5180,1903755
2010-05-21,84.1362,84.2018,81.6252,81.9882,1629647
2010-05-24,81.6424,82.6975,80.8637,80.8637,779955
2010-05-25,81.4960,83.0677,80.5550,83.0677,2632248
2010-05-26,83.1876,83.8433,82.9581,83.4744,616681
2010-05-27,83.2002,83.2002,80.4590,81.2557,2063062
2010-05-28,80.5362,81.6082,78.7168,78.7168,1679102
2010-05-31,79.0191,80.7669,79.0191,79.8292,1931158
2010-06-01,79.8555,80.9257,79.5536,79.9823,752238
2010-06-02,79.6521,79.6521,78.3978,78.8211,1260904
2010-06-03,78.8369,78.9250,76.7108,78.9250,1719965
2010-06-04,79.0255,83.0017,79.0255,80.8933,2004578
2010-06-07,81.0529,84.5828,81.0529,83.6608,2196841
2010-06-08,83.5862,84.2551,82.7894,82.7894,1027958
2010-06-09,82.7561,83.4662,81.4437,82.6816,903971
2010-06-10,82.8580,84.9990,82.8580,83.2399,968662
2010-06-11,83.0066,83.8587,81.8904,82.4045,717033
2010-06-14,82.0941,82.3190,79.5744,81.1656,1317389
2010-06-15,81.0631,81.0631,79.4245,79.4245,2116344
2010-06-16,79.6622,82.4857,79.2196,82.4857,2288859
2010-06-17,82.8669,84.8618,82.2731,84.8618,1661300
2010-06-18,84.5286,85.0475,82.5011,82.5011,2065059
2010-06-21,82.3578,82.3578,81.2575,81.9110,1083677
2010-06-22,82.3825,84.0548,81.6526,84.0548,1311084
2010-06-23,83.9485,84.5638,81.6155,82.6539,1765134
2010-06-24,82.0117,82.0117,80.6374,80.6576,3050950
2010-06-25,79.9071,79.9071,77.9475,78.4260,1835299
2010-06-28,78.3640,79.7156,77.7622,78.1014,1372817
2010-06-29,77.9118,78.6083,77.0332,77.0332,969440
2010-06-30,77.0615,78.2151,76.7623,77.5179,1443094
2010-07-01,77.3378,77.5266,76.2024,76.6689,1905351
2010-07-02,76.5503,77.1401,75.8490,75.8837,1730064
2010-07-05,75.9662,76.7516,75.9662,76.1436,1018703
2010-07-06,76.3651,77.8911,76.3651,77.8911,3828284
2010-07-07,78.1283,79.6736,78.1283,79.6736,3223806
2010-07-08,79.5744,80.0794,79.0962,79.2422,1279221
2010-07-09,79.1490,79.1490,78.1158,78.4170,2006765
2010-07-12,78.3009,78.3009,77.7973,77.8126,3137583
2010-07-13,77.9738,78.9355,77.9738,78.3576,1448242
2010-07-14,78.3007,78.7148,77.5822,77.8761,1220557
2010-07-15,78.1840,78.7983,77.7308,78.7983,1374751
2010-07-16,78.9595,80.1614,78.9595,79.3260,2073326
2010-07-19,79.2735,79.5325,78.8570,79.1115,1268312
2010-07-20,79.6718,80.7956,78.9876,80.7956,3129867
2010-07-21,80.8163,81.1165,80.8163,80.8720,2328948
2010-07-22,80.4065,80.5236,79.2020,79.3935,2072443
2010-07-23,79.4829,80.1926,79.4829,79.6718,1123440
2010-07-26,79.6091,79.8975,79.3212,79.4556,1415820
2010-07-27,79.6049,80.2893,79.3196,80.0323,2023622
2010-07-28,79.9000,80.1521,79.5675,79.5675,1293303
2010-07-29,79.4666,79.4666,78.0304,78.3091,2286810
2010-07-30,78.2722,78.6343,77.8849,78.1800,1557328
2010-08-02,78.1667,78.3770,77.7611,78.0713,980669
2010-08-03,78.2432,78.9762,77.9901,78.7199,1295548
2010-08-04,78.6883,78.7235,77.5736,78.4269,1745332
2010-08-05,78.4873,79.0763,78.4873,78.6269,1234957
2010-08-06,78.8564,79.7713,78.8203,79.5611,2379868
2010-08-09,79.5234,79.9140,79.2889,79.4180,1149853
2010-08-10,79.3624,79.3624,78.5891,78.7901,1529459
2010-08-11,78.5803,78.5803,77.6123,77.6328,2012590
2010-08-12,77.7509,78.3869,77.7509,78.0990,1544050
2010-08-13,77.9317,78.5283,77.4417,77.4417,1127815
2010-08-16,77.2296,77.3719,76.5814,76.7111,1958316
2010-08-17,76.6161,77.0011,76.4260,76.4260,861181
2010-08-18,76.3701,76.8953,75.5661,75.5661,1628232
2010-08-19,75.5706,76.2603,75.4684,75.6238,979910
2010-08-20,75.5596,75.5603,74.9297,74.9297,1874738
2010-08-23,74.9015,75.1094,74.5374,74.8142,1229948
2010-08-24,74.8518,75.3358,74.5779,75.0032,1141837
2010-08-25,74.6664,74.6664,73.6841,73.7446,2515595
2010-08-26,74.1814,75.4935,74.1814,75.4935,2520853
2010-08-27,75.6037,75.9701,75.5774,75.8809,1373438
2010-08-30,75.8518,76.1276,75.4061,75.5618,1410344
2010-08-31,75.5641,76.2103,75.3275,75.5765,1030287
2010-09-01,75.3905,75.6430,74.6070,74.9579,1352456
2010-09-02,74.9107,75.3337,74.5518,74.7839,1546112
2010-09-03,74.8130,74.9582,74.5314,74.9582,1232532
2010-09-06,74.6536,74.9746,73.9038,74.0531,1744934
2010-09-07,73.9287,73.9287,72.5408,73.2248,2451519
2010-09-08,73.2264,73.3849,73.1232,73.2359,956999
2010-09-09,73.5263,74.2117,73.5263,74.1320,2050858
2010-09-10,74.2966,75.0032,74.2966,74.6102,1777989
2010-09-13,74.3401,74.3401,73.6782,73.6986,2327216
2010-09-14,73.8440,74.7646,73.8440,74.3097,2732353
2010-09-15,74.3185,74.3546,73.5082,74.3546,1562784
2010-09-16,74.5670,75.3289,74.3519,75.2132,2525411
2010-09-17,75.0918,75.0918,74.3328,74.4926,1494850
2010-09-20,74.4885,74.4885,74.0744,74.4371,1229719
2010-09-21,74.2697,74.7762,73.5386,73.5386,3145655
2010-09-22,73.4950,74.4348,73.2159,73.2159,1282921
2010-09-23,73.3333,73.8729,73.2675,73.8729,1617041
2010-09-24,73.8089,74.1200,73.6551,73.6551,1161344
2010-09-27,73.6409,74.7961,73.5861,73.5861,1287894
2010-09-28,73.5673,74.1077,73.1874,73.4196,1198849
2010-09-29,73.3664,73.5377,73.0447,73.0447,1437913
2010-09-30,73.0961,73.4728,72.9709,73.3263,1244054
2010-10-01,73.3385,73.7583,73.3081,73.3878,1041164
2010-10-04,73.1482,73.6479,72.3102,72.3102,1839518
2010-10-05,71.9915,72.1772,71.3535,71.3535,1851098
2010-10-06,71.4391,72.3170,71.3732,72.3170,2180301
2010-10-07,72.1986,72.2366,71.3507,71.7719,1288222
2010-10-08,71.5926,71.5926,70.9595,71.2075,1450450
2010-10-11,70.9935,71.3179,70.2016,70.2016,2418681
2010-10-12,70.1003,70.1003,69.3451,69.6923,2224164
2010-10-13,69.5922,69.9993,68.0604,68.2496,3134467
2010-10-14,68.3226,68.9423,67.8591,68.5510,1219474
2010-10-15,68.7017,70.2395,68.6840,70.2395,1865185
2010-10-18,70.3489,71.2490,70.3489,71.1859,1629824
2010-10-19,71.1622,71.6146,70.7769,71.1063,910658
2010-10-20,70.9718,70.9718,70.3892,70.6398,1315070
2010-10-21,70.8515,71.4046,70.8015,71.4046,1800985
2010-10-22,71.2902,71.3880,70.5734,70.8308,1189598
2010-10-25,70.9573,71.7798,70.4966,71.7798,1661031
2010-10-26,71.6877,71.7870,71.3702,71.4733,1376767
2010-10-27,71.4250,71.5499,70.8998,71.0364,775556
2010-10-28,71.0464,71.1602,70.6481,71.1602,841013
2010-10-29,71.1980,71.9566,71.1980,71.5967,1713611
2010-11-01,71.5922,71.7452,70.9108,71.5813,971191
2010-11-02,71.4948,71.7179,71.2182,71.2842,1956838
2010-11-03,71.3462,71.5360,71.0872,71.5360,1798847
2010-11-04,71.4277,71.4277,70.7627,71.1581,1377615
2010-11-05,71.0932,71.4370,70.5157,70.5157,2433349
2010-11-08,70.4632,70.4632,70.0395,70.2736,1167539
2010-11-09,69.9472,70.0475,68.9105,69.2702,2099199
2010-11-10,69.5765,70.3320,69.4952,70.3320,2381129
2010-11-11,70.2810,70.2810,69.5595,69.8819,1539297
2010-11-12,69.9204,70.1919,69.8972,70.0381,1613656
2010-11-15,69.7689,69.9709,68.7226,68.7226,1625764
2010-11-16,68.8429,69.5366,68.5950,69.0676,1594911
2010-11-17,69.0816,69.5843,68.9151,69.1634,1311944
2010-11-18,69.1842,70.3845,69.1842,69.5389,1006616
2010-11-19,69.4078,69.4078,68.9902,69.1327,1686250
2010-11-22,69.0206,69.0206,67.7716,67.9277,2581055
2010-11-23,67.8181,68.2293,67.4914,67.4928,1030695
2010-11-24,67.5773,67.8287,67.4077,67.8287,1475590
2010-11-25,67.9067,68.3031,67.9067,68.2523,1574526
2010-11-26,68.3822,69.2731,68.2599,68.9212,1942552
2010-11-29,68.9169,69.6272,68.8316,68.9015,705068
2010-11-30,69.0207,69.4704,68.6547,69.4704,1684984
2010-12-01,69.5436,70.1401,69.2780,69.6960,1205708
2010-12-02,69.5208,70.1337,69.1912,69.1912,1209293
2010-12-03,69.1697,69.3862,68.7924,68.7924,1017485
2010-12-06,68.8942,69.6116,68.8942,69.6116,2078947
2010-12-07,69.5704,69.8081,69.2767,69.2783,1509831
2010-12-08,69.2577,69.4650,69.0730,69.0730,2252674
2010-12-09,69.2730,69.7491,68.8389,69.7491,2194058
2010-12-10,69.7606,69.9046,69.6577,69.8338,1572351
2010-12-13,69.8660,70.4468,69.8660,70.1529,2822723
2010-12-14,70.2337,71.0416,70.2337,70.7252,1884228
2010-12-15,70.6914,70.9611,70.4060,70.4758,1746738
2010-12-16,70.5465,70.9747,70.3387,70.9747,1123378
2010-12-17,71.0648,71.5210,71.0648,71.2547,1525388
2010-12-20,71.2936,71.3939,71.0510,71.3939,769622
2010-12-21,71.4557,72.3073,71.4557,72.1331,983597
2010-12-22,72.0926,72.3203,71.4327,71.4652,2149515
2010-12-23,71.4535,71.8787,71.3574,71.4186,1496516
2010-12-24,71.6119,73.0950,71.6119,72.9725,2367227
2010-12-27,72.7310,72.7310,71.7057,72.2424,1376455
2010-12-28,72.3851,73.2562,72.3029,73.1622,1535591
2010-12-29,73.5724,75.0044,73.5724,74.8828,3731944
2010-12-30,74.9930,75.8455,74.9930,75.2680,1700463
2010-12-31,75.1260,75.2351,74.3404,74.5917,1823824
2011-01-03,74.5209,74.7599,73.8921,73.8921,2696661
2011-01-04,73.3109,73.4967,72.0777,72.0777,2036628
2011-01-05,72.1014,72.2807,71.6078,72.2807,1757060
2011-01-06,72.2391,72.3393,71.7786,72.0268,1028706
2011-01-07,72.1029,72.5297,71.9648,72.5297,1588673
2011-01-10,72.4527,72.6291,72.1435,72.2609,1433746
2011-01-11,72.0868,72.1050,70.5239,70.6048,2257973
2011-01-12,70.7313,71.3167,70.3364,71.3167,1931881
2011-01-13,71.3353,72.0190,71.2548,71.4114,827090
2011-01-14,71.2942,71.2942,70.3548,70.8221,2001759
2011-01-17,70.8861,71.3322,70.7087,71.1897,1267882
2011-01-18,70.9696,71.2648,70.4874,70.4874,1366051
2011-01-19,70.3743,70.5645,69.7872,70.1181,859811
2011-01-20,70.0849,70.1065,69.6928,69.6928,1028307
2011-01-21,69.5660,69.5660,68.5613,69.0131,1708495
2011-01-24,68.9345,69.6295,68.6453,68.6453,1079231
2011-01-25,68.3168,68.3168,67.7064,67.7064,1587039
2011-01-26,67.5615,67.5615,66.9471,67.1710,1104900
2011-01-27,67.1401,67.1401,66.7582,66.8643,982008
2011-01-28,66.9190,67.4698,66.8926,67.0216,1268905
2011-01-31,66.9452,67.3479,66.6733,66.6733,1450490
2011-02-01,66.6120,66.7866,65.6659,65.7578,2105832
2011-02-02,65.8309,66.1307,65.4482,66.1307,1430514
2011-02-03,66.2046,66.6362,66.2046,66.5132,1234667
2011-02-04,66.4487,66.6736,65.9772,65.9772,1852951
2011-02-07,66.0339,66.7360,66.0339,66.7360,1439350
2011-02-08,66.7252,67.2028,66.5695,66.6883,829584
2011-02-09,66.6153,66.7238,66.1646,66.4442,663916
2011-02-10,66.3937,66.5429,66.0187,66.0357,1669941
2011-02-11,66.3175,67.4539,66.2800,67.4539,2027978
2011-02-14,67.2607,67.2607,66.4400,66.6856,1515132
2011-02-15,66.6269,66.6269,66.1787,66.4337,1464093
2011-02-16,66.4692,66.7919,66.2117,66.7919,1413457
2011-02-17,66.7676,67.0201,66.1329,66.6823,694858
2011-02-18,66.7209,67.2658,66.6961,67.2592,2080376
2011-02-21,67.2276,67.7431,67.1160,67.1160,1315294
2011-02-22,67.6992,68.8621,67.5697,68.8621,3777293
2011-02-23,68.8490,69.1500,68.6963,68.7867,1063456
2011-02-24,68.8000,69.3857,68.8000,68.8640,899848
2011-02-25,68.9413,69.6638,68.7472,69.3234,1473869
2011-02-28,69.6551,70.2910,69.6551,70.2868,2886893
2011-03-01,70.4547,71.9362,70.4547,71.6244,3065608
2011-03-02,71.5125,71.6430,71.1254,71.1254,1073661
2011-03-03,71.4823,72.3603,71.4823,72.2344,2661269
2011-03-04,72.0230,72.0230,71.3192,71.5942,1104260
2011-03-07,71.4545,71.5246,70.8549,70.8549,1663704
2011-03-08,70.8252,71.2041,70.6831,70.6831,1097125
2011-03-09,70.6205,70.9109,70.1107,70.4421,1395138
2011-03-10,70.4298,70.4488,70.0165,70.3263,1005544
2011-03-11,70.2918,70.5063,69.7871,70.0554,1161797
2011-03-14,69.8496,70.0590,69.4120,69.4120,1281892
2011-03-15,69.4281,69.8242,69.1890,69.5801,980506
2011-03-16,69.1277,69.4217,68.0145,68.0145,3081407
2011-03-17,68.1136,68.7907,68.1136,68.5389,1570282
2011-03-18,68.5743,69.0907,68.4435,68.8443,1233596
2011-03-21,68.8684,69.4410,68.8684,69.1612,1450536
2011-03-22,69.0514,69.1024,68.3007,68.8419,1455988
2011-03-23,68.8609,69.2869,68.6680,68.9644,1382051
2011-03-24,68.9312,69.2427,68.1581,68.5826,1998886
2011-03-25,68.4886,68.5380,68.0542,68.0587,1400208
2011-03-28,67.4983,67.6008,66.3390,66.3390,2318410
2011-03-29,66.5985,67.8691,66.5985,67.7229,2046108
2011-03-30,68.1997,69.3945,67.9862,69.3945,2939975
2011-03-31,69.5400,70.2059,69.5400,69.9279,1527580
2011-04-01,69.8875,70.0187,69.1975,69.2689,1253237
2011-04-04,69.3071,69.6254,69.2161,69.5194,1867702
2011-04-05,69.3697,69.4196,68.9293,68.9911,2585141
2011-04-06,69.2850,70.6258,69.2146,70.2986,2134192
2011-04-07,70.2969,70.4472,69.7433,70.2886,779224
2011-04-08,70.2103,70.5506,69.6341,69.6341,1522200
2011-04-11,69.5969,69.9737,69.1141,69.3894,1275794
2011-04-12,69.0121,69.0121,68.1625,68.1625,1827278
2011-04-13,68.0630,68.4430,67.7732,67.7732,1369928
2011-04-14,67.7824,67.9182,67.3036,67.8054,1368083
2011-04-15,67.8316,68.4001,67.7193,67.9346,820349
2011-04-18,68.1809,68.6996,68.0813,68.6996,1895470
2011-04-19,68.7080,68.7242,68.0897,68.7242,1011912
2011-04-20,68.7764,69.9730,68.4120,69.6437,1757181
2011-04-21,69.6253,70.0162,69.5784,69.5784,1271500
2011-04-22,69.5264,69.8913,68.9596,69.4090,650828
2011-04-25,69.3326,69.7585,68.5696,68.5696,1227271
2011-04-26,68.7244,69.3061,68.7049,69.0827,1217756
2011-04-27,69.2738,69.6584,69.1399,69.6384,1406314
2011-04-28,69.7155,69.9574,69.4885,69.9574,1109639
2011-04-29,69.9887,70.5557,69.8822,70.4304,1223690
2011-05-02,70.2857,70.3607,69.8055,69.9207,1325780
2011-05-03,69.9557,70.5451,69.5279,70.4595,1475337
2011-05-04,70.4942,71.2831,70.4942,70.7216,1459186
2011-05-05,71.0105,72.0987,71.0105,71.6887,1752781
2011-05-06,71.4207,71.5721,70.5809,70.7037,2381630
2011-05-09,70.9856,71.8743,70.9856,71.8743,2585741
2011-05-10,71.9422,72.3159,71.8178,72.1302,1005632
2011-05-11,72.2012,73.1034,72.2012,72.9481,2301305
2011-05-12,72.9249,73.6856,72.5255,72.8330,1012308
2011-05-13,72.5920,72.8001,71.5404,71.5404,1356008
2011-05-16,71.4927,71.5040,70.9487,70.9487,1052683
2011-05-17,70.9369,71.1497,70.6237,70.7832,1463921
2011-05-18,70.8206,71.3941,70.7335,71.0993,1051477
2011-05-19,70.8924,70.8924,70.1075,70.2735,1830204
2011-05-20,70.2069,70.2069,69.6339,69.7405,1338214
2011-05-23,70.3246,71.4663,70.3246,71.4663,2963137
2011-05-24,71.4475,71.6201,71.2727,71.3309,1028778
2011-05-25,71.4615,72.2707,71.4408,71.7568,1149978
2011-05-26,72.0366,72.6678,71.9618,72.5824,1597653
2011-05-27,72.5141,72.9018,72.1851,72.1851,1063721
2011-05-30,72.0078,72.1842,70.7771,70.7771,2153723
2011-05-31,70.9159,71.6566,70.6238,71.6566,3230982
2011-06-01,71.6611,71.6886,70.7106,71.6886,1345446
2011-06-02,71.7194,72.4729,71.7194,72.1901,1493133
2011-06-03,72.0606,72.0606,71.5754,71.7378,1556831
2011-06-06,72.0090,72.8100,72.0090,72.8100,2305776
2011-06-07,72.7197,72.7623,72.0791,72.0791,1843111
2011-06-08,72.1670,73.0937,71.9102,73.0937,1674460
2011-06-09,73.0651,73.5108,72.8391,72.8391,1713565
2011-06-10,72.7032,72.8547,71.8540,71.8540,2474555
2011-06-13,71.8855,72.3316,71.5003,72.2522,1099830
2011-06-14,72.2285,72.2285,71.4088,72.1680,1653231
2011-06-15,72.4248,73.0024,72.2195,73.0024,2835383
2011-06-16,72.8307,73.0053,72.2146,72.3518,1223977
2011-06-17,72.2230,72.2774,71.5469,71.9713,1511815
2011-06-20,71.9384,71.9592,71.6706,71.8538,1112622
2011-06-21,71.9469,72.2552,71.4777,72.1880,1182343
2011-06-22,72.0054,72.9535,71.4793,71.4793,2069166
2011-06-23,71.5082,71.7173,71.2261,71.7173,871418
2011-06-24,71.3412,71.3412,70.3233,70.4404,3448996
2011-06-27,70.4820,70.9734,70.0918,70.7962,2083028
2011-06-28,70.8654,71.2263,70.4820,71.0206,1636160
2011-06-29,71.1421,71.9904,71.1250,71.9447,1329805
2011-06-30,71.9176,72.1796,71.7308,71.7308,818145
2011-07-01,72.0007,72.9439,72.0007,72.9439,2196064
2011-07-04,72.9719,73.3397,72.6265,73.3397,939200
2011-07-05,73.3842,74.1331,73.3842,74.1331,1973541
2011-07-06,73.9073,73.9073,72.5249,72.5249,2040114
2011-07-07,72.3868,72.8791,71.8594,71.8594,2507108
2011-07-08,71.7868,71.8202,71.3041,71.3041,1659706
2011-07-11,71.3613,71.9563,71.3613,71.6782,1325346
2011-07-12,71.7095,72.4766,71.6919,71.8767,752614
2011-07-13,72.0546,72.9928,71.6948,72.9928,2014439
2011-07-14,72.6117,72.6117,71.2212,71.3353,2591053
2011-07-15,71.0848,71.0848,70.1212,70.1212,2521310
2011-07-18,70.1920,71.3638,70.1920,70.9945,1741853
2011-07-19,70.9990,71.1884,70.9617,71.0419,1397062
2011-07-20,71.0181,71.3655,70.4772,70.7916,1359123
2011-07-21,70.7175,70.7462,70.3973,70.3973,1713889
2011-07-22,70.3196,70.3566,69.5226,69.5432,1704039
2011-07-25,69.7122,70.3590,69.7122,70.3534,3627973
2011-07-26,70.2124,70.2124,69.5031,69.5031,1705070
2011-07-27,69.5362,70.2087,69.5362,69.6052,1310883
2011-07-28,69.7033,70.4837,69.7033,70.2476,1534083
2011-07-29,70.1918,70.1918,69.4910,69.9629,1638235
2011-08-01,70.0393,71.3059,70.0393,71.3059,1371913
2011-08-02,71.1991,71.3029,70.6490,70.7081,1213107
2011-08-03,70.6832,70.7839,70.2630,70.2630,1923575
2011-08-04,70.3443,70.5716,70.2562,70.5716,701241
2011-08-05,70.3574,70.3574,69.7041,69.7041,1416718
2011-08-08,69.5406,70.5159,69.0195,69.0195,1738965
2011-08-09,68.9957,70.4585,68.8981,68.9214,775468
2011-08-10,68.8950,69.8984,68.8159,68.8159,1179002
2011-08-11,67.9071,68.4921,66.0613,66.0613,2331354
2011-08-12,66.0258,67.4614,65.4868,65.4868,965518
2011-08-15,65.8745,66.6139,64.6929,66.6139,1081941
2011-08-16,66.4617,66.4617,64.9383,65.5643,2205244
2011-08-17,65.5017,65.5711,64.8656,65.3313,517863
2011-08-18,65.5333,67.1573,65.5333,67.1573,2302921
2011-08-19,67.2834,68.2053,67.2834,67.9439,1093689
2011-08-22,67.5569,67.9561,66.3804,66.3804,1727276
2011-08-23,65.9894,66.1770,64.6942,64.6942,1617687
2011-08-24,64.5200,64.5200,62.8336,64.1283,1095192
2011-08-25,64.1709,64.4637,63.0124,64.4637,1053343
2011-08-26,64.3946,64.3946,62.6339,63.2594,1427548
2011-08-29,63.1376,63.3268,61.9779,62.4524,656676
2011-08-30,62.3863,62.6875,61.7118,61.7118,1579299
2011-08-31,61.7367,62.2250,61.6804,61.7896,767255
2011-09-01,61.7792,61.9605,61.0760,61.6480,1118927
2011-09-02,62.1334,63.2861,62.1334,63.2861,2552473
2011-09-05,63.2373,63.2373,62.5006,63.0753,1094442
2011-09-06,63.0232,63.5221,62.7016,62.7016,1180206
2011-09-07,63.0154,64.1160,63.0154,64.1160,2804551
2011-09-08,63.8798,63.8798,63.2064,63.4410,1711131
2011-09-09,63.5780,64.3224,63.1223,64.3224,1521025
2011-09-12,64.3213,64.8755,64.1432,64.3026,999598
2011-09-13,64.3318,65.2236,64.2770,64.6413,1484769
2011-09-14,64.4549,64.4549,63.8765,63.9398,2110192
2011-09-15,63.6592,63.6592,62.6879,63.1342,2408465
2011-09-16,62.9610,62.9610,62.2975,62.4773,2044072
2011-09-19,62.7053,63.4299,62.7053,63.2017,1534337
2011-09-20,63.3091,64.8026,63.3091,64.8026,2905645
2011-09-21,64.8118,65.1313,64.8038,64.9540,1469859
2011-09-22,64.6455,64.6455,64.0233,64.0233,2083269
2011-09-23,64.0036,64.2484,63.7554,63.7554,1019811
2011-09-26,63.7668,64.3267,63.7668,63.8580,1182949
2011-09-27,63.6240,63.6240,62.9819,62.9819,1537509
2011-09-28,62.8958,62.8958,62.4955,62.7167,1120197
2011-09-29,62.8017,63.4813,62.8017,63.1922,1596357
2011-09-30,63.3254,63.5821,62.6622,63.5821,1090219
2011-10-03,63.5909,63.7767,62.9636,63.6379,1087032
2011-10-04,63.9686,66.5441,63.9686,65.8555,1440113
2011-10-05,65.9781,66.6612,65.8826,66.6612,1251731
2011-10-06,67.5605,69.7494,67.5605,69.7494,3688270
2011-10-07,69.1512,69.5044,67.6256,67.6256,3240625
2011-10-10,67.4622,67.4622,65.8969,65.8969,1287307
2011-10-11,65.9355,66.6700,65.9355,66.4090,1158561
2011-10-12,66.6280,67.3687,66.3047,67.3687,1932630
2011-10-13,67.0224,67.4975,66.2483,66.2483,2681227
2011-10-14,65.8232,65.8232,65.0067,65.0067,2073207
2011-10-17,65.1070,65.5069,64.8288,65.3111,1732741
2011-10-18,65.2639,65.3408,65.0337,65.0337,1349671
2011-10-19,65.0707,65.5742,65.0707,65.1604,1705821
2011-10-20,65.3123,66.3480,65.0987,66.3480,2312232
2011-10-21,66.3818,67.4457,66.3818,66.9350,1799553
2011-10-24,66.9704,67.2624,66.9704,67.2155,1999180
2011-10-25,67.2379,67.4891,66.9575,67.2902,844545
2011-10-26,67.4090,67.9841,67.2992,67.8890,1074563
2011-10-27,67.8280,67.8501,67.2527,67.6749,1129412
2011-10-28,67.7461,68.4174,67.5967,68.4174,2400424
2011-10-31,68.3844,68.5680,67.5239,68.1691,1433401
2011-11-01,68.8173,70.3951,68.7454,70.3951,4035569
2011-11-02,70.4386,70.8928,70.0675,70.8097,1784804
2011-11-03,70.7375,70.7375,69.6279,69.6279,1403236
2011-11-04,69.6291,69.8281,69.3333,69.6328,1135407
2011-11-07,69.5649,69.7495,69.1886,69.1886,1346239
2011-11-08,69.1898,69.5575,68.9481,69.1945,759382
2011-11-09,69.2400,69.5873,68.9758,69.4021,1216651
2011-11-10,69.5209,69.7892,68.8907,69.7892,1311379
2011-11-11,69.9412,70.3496,69.4833,70.3496,1639956
2011-11-14,70.3994,70.8894,70.3971,70.8894,1842793
2011-11-15,70.9448,71.2409,70.6791,71.1952,1126398
2011-11-16,71.2968,71.5702,70.9917,71.5702,1462714
2011-11-17,71.5352,71.7473,70.9892,70.9892,1327055
2011-11-18,71.0205,71.4227,70.9376,71.0801,998686
2011-11-21,71.0657,71.4063,70.9542,70.9542,764818
2011-11-22,70.9907,71.5838,70.9186,71.5186,1717722
2011-11-23,71.4852,71.4852,70.7163,71.4199,1234912
2011-11-24,71.4230,71.6710,71.1848,71.4453,853492
2011-11-25,71.7710,72.6421,71.6816,72.6421,2439192
2011-11-28,72.5489,72.5489,71.8484,72.3622,984663
2011-11-29,72.3379,72.3681,71.9628,72.2757,784780
2011-11-30,72.3183,72.9332,72.3183,72.7153,963135
2011-12-01,72.8916,73.8528,72.8481,73.7303,2695635
2011-12-02,73.6956,73.6956,73.2266,73.4190,1576950
2011-12-05,73.3105,73.3105,72.3324,72.5499,2303522
2011-12-06,72.4415,72.4653,71.8614,72.1509,1210082
2011-12-07,72.3179,72.9458,72.2742,72.6437,1377841
2011-12-08,72.5011,73.1660,72.0193,72.0193,1642466
2011-12-09,72.0353,72.4843,71.8554,72.2074,899584
2011-12-12,72.1680,72.1680,71.4162,71.8850,1089352
2011-12-13,71.8590,72.0169,71.5666,71.7680,1449527
2011-12-14,72.0747,73.0368,72.0747,72.8582,1392375
2011-12-15,72.7285,72.7285,71.4945,71.4945,2237921
2011-12-16,71.4907,72.0408,71.3040,71.4244,751431
2011-12-19,71.5591,71.9983,71.4178,71.8165,1442076
2011-12-20,71.7250,71.9447,71.0294,71.1859,1378588
2011-12-21,71.1616,71.1616,70.6337,70.7254,1359271
2011-12-22,70.7113,71.0714,70.4197,70.6334,1116497
2011-12-23,70.4306,70.4306,69.5336,69.8812,1819549
2011-12-26,69.9667,70.2871,69.6526,70.2871,1964043
2011-12-27,70.2589,70.7182,69.9211,69.9211,1355239
2011-12-28,70.1067,70.7492,69.7126,70.7492,2473037
2011-12-29,70.8028,70.9275,70.2538,70.9268,1004940
2011-12-30,70.6841,70.6841,69.7611,69.7741,1679004
2012-01-02,69.7268,70.1218,69.4537,69.4537,1479864
2012-01-03,69.4976,69.9134,69.4571,69.9134,1691919
2012-01-04,70.1006,71.2768,70.1006,71.2768,2427098
2012-01-05,71.4387,72.2359,71.4387,72.1737,2314014
2012-01-06,72.1604,72.5462,72.0255,72.1357,1318587
2012-01-09,72.2232,72.8255,72.1838,72.8255,2187344
2012-01-10,72.8255,73.0718,72.4778,72.8246,967829
2012-01-11,72.4078,72.4078,71.3555,71.3555,1631765
2012-01-12,71.4963,72.1409,71.4541,71.9019,1552743
2012-01-13,71.8855,71.9928,71.6154,71.7980,1257861
2012-01-16,71.7892,71.7892,70.8877,71.6536,1888767
2012-01-17,71.6557,71.9454,71.4605,71.6707,459743
2012-01-18,71.8421,72.6130,71.5873,72.5328,1197447
2012-01-19,72.5709,73.0987,72.2961,73.0987,1756391
2012-01-20,73.2575,73.6270,72.5556,73.6270,2088159
2012-01-23,73.6587,73.8633,72.9480,73.8633,1572384
2012-01-24,73.8470,73.9343,73.4964,73.7697,1069329
2012-01-25,73.8568,74.1818,73.5638,74.1076,1357445
2012-01-26,73.9412,74.2275,73.4645,73.4802,1230504
2012-01-27,73.5024,73.9127,73.2924,73.6421,1620774
2012-01-30,73.7298,74.1880,73.5904,74.1880,1464877
2012-01-31,74.1727,74.3519,73.8034,74.0855,849920
2012-02-01,73.9843,74.1226,73.5631,73.7441,1574371
2012-02-02,73.7361,74.1670,73.6168,73.6168,1066698
2012-02-03,73.6918,74.5026,73.6918,74.5026,1301380
2012-02-06,74.6482,75.1124,74.6171,75.1124,1480290
2012-02-07,75.1650,75.7895,74.7780,75.7895,1415716
2012-02-08,75.9579,76.4818,75.8750,76.4631,1351166
2012-02-09,76.7918,77.8648,76.7244,77.5667,4305072
2012-02-10,77.5606,78.0069,77.4633,77.4633,1509490
2012-02-13,77.6033,78.2495,77.6033,78.2495,1470505
2012-02-14,78.7938,80.6522,78.7938,80.6522,3015204
2012-02-15,80.5260,80.5260,79.8750,79.8750,1745531
2012-02-16,79.9255,80.1844,79.6401,80.1467,958128
2012-02-17,80.3915,81.5362,80.3915,81.5362,1746025
2012-02-20,81.5576,82.6225,81.5576,81.9325,1188387
2012-02-21,81.7402,81.9743,81.1978,81.1978,1471875
2012-02-22,81.1543,81.3074,80.6720,80.6737,1168697
2012-02-23,80.6024,81.0372,80.1233,80.4472,774726
2012-02-24,80.6747,81.7270,80.6747,81.5158,1266622
2012-02-27,81.6246,82.4635,81.6246,82.3773,2410599
2012-02-28,82.5854,83.7883,82.5787,83.7883,2147566
2012-02-29,83.8849,84.6257,83.8849,84.3455,1477419
2012-03-01,84.3218,84.7932,83.8145,84.1951,1161285
2012-03-02,84.3251,84.6332,83.7128,84.6219,1030909
2012-03-05,84.6906,85.1043,84.6881,84.8784,1317104
2012-03-06,84.9434,85.1196,84.3600,85.1196,1180459
2012-03-07,85.1530,85.2381,84.1955,85.2381,979714
2012-03-08,84.9693,85.0279,84.4642,84.4642,1409028
2012-03-09,84.4751,85.4584,84.4751,84.6522,1387850
2012-03-12,84.8780,85.8886,84.8780,85.3988,1345306
2012-03-13,85.5592,86.2699,85.5592,86.0910,2232793
2012-03-14,86.1757,87.0897,86.1757,86.8246,2178041
2012-03-15,86.9454,87.4210,85.8123,87.4210,1410234
2012-03-16,87.4156,87.6002,87.0305,87.4031,855408
2012-03-19,87.1821,87.1882,86.2008,86.2763,2761122
2012-03-20,86.3016,86.7614,85.9183,86.4954,982735
2012-03-21,86.4986,87.4707,86.4986,86.5144,914398
2012-03-22,86.4011,86.4011,84.8777,84.8777,2823165
2012-03-23,84.7614,85.5231,84.4984,84.4984,1379465
2012-03-26,84.2902,85.3727,83.6163,83.6163,1370995
2012-03-27,83.8456,84.4356,83.7287,84.4356,1705868
2012-03-28,84.4924,84.9027,84.4038,84.9027,1511299
2012-03-29,84.8119,84.8119,84.1199,84.5194,1305336
2012-03-30,84.6265,85.3353,84.6265,84.8468,1076058
2012-04-02,84.6577,84.6577,83.5227,84.2487,977557
2012-04-03,84.4945,85.5753,84.4945,85.5753,2238366
2012-04-04,85.3381,85.3381,84.3556,84.3556,2165782
2012-04-05,84.2594,84.6212,83.8130,84.0314,1689614
2012-04-06,83.9235,84.1074,83.7104,83.7104,825540
2012-04-09,83.7387,84.3486,83.4036,83.8556,740159
2012-04-10,83.7952,84.4560,83.5915,83.5915,1278766
2012-04-11,84.0176,85.1419,84.0176,84.8169,1693644
2012-04-12,84.6934,84.6934,83.4028,84.1422,1134852
2012-04-13,84.1307,84.5337,83.5252,84.0537,974130
2012-04-16,84.2057,85.1776,84.0167,84.5424,1680281
2012-04-17,84.8696,85.6293,84.6488,85.6293,1834980
2012-04-18,85.4550,85.4550,83.9727,83.9727,2420059
2012-04-19,83.9731,84.0956,83.6817,83.9764,941677
2012-04-20,83.9655,84.0786,83.5683,83.9097,1041668
2012-04-23,83.8751,83.8751,82.8266,83.5773,904186
2012-04-24,83.0272,83.0272,81.1882,81.8622,1111694
2012-04-25,81.5794,81.9841,80.8720,81.0320,1046575
2012-04-26,80.7669,80.7669,79.9507,80.1331,3018366
2012-04-27,80.1288,80.1783,79.8191,80.0980,792150
2012-04-30,79.8944,79.8944,78.8996,79.2446,2122240
2012-05-01,79.2876,79.8985,79.1038,79.4057,1751046
2012-05-02,79.4131,79.6644,79.1945,79.4360,702854
2012-05-03,79.5749,80.7622,79.5749,80.5185,1757012
2012-05-04,80.4587,80.4587,79.5053,80.2795,972640
2012-05-07,80.3838,81.0385,80.3725,80.7990,1228922
2012-05-08,81.0824,82.1158,80.9171,82.1158,2247231
2012-05-09,81.8342,81.8342,80.4823,80.4823,2112646
2012-05-10,80.5984,81.1949,80.1795,81.1949,1278667
2012-05-11,81.5120,82.1914,81.4518,82.1914,2426657
2012-05-14,82.0425,82.0425,81.0143,81.4608,1150831
2012-05-15,81.5332,81.7308,80.9219,81.7308,1572170
2012-05-16,81.6508,81.9416,80.8862,81.4623,1608712
2012-05-17,81.4058,81.5835,81.0544,81.0544,1923627
2012-05-18,81.0696,81.2197,80.2318,81.1687,720147
2012-05-21,81.3850,81.7972,80.8233,81.7972,1004285
2012-05-22,81.8177,81.9415,81.2109,81.9415,1454871
2012-05-23,81.8387,82.4056,81.4162,81.4162,1309833
2012-05-24,81.3634,81.6355,80.5451,80.8328,1173321
2012-05-25,80.8650,81.0062,80.6886,81.0062,1062006
2012-05-28,81.0883,81.6403,80.8051,81.6403,1344010
2012-05-29,81.6229,82.0922,80.9065,81.5880,845502
2012-05-30,81.3987,81.7455,80.9275,80.9275,1397635
2012-05-31,81.0784,81.4576,80.9162,81.4035,1294474
2012-06-01,81.4062,81.6934,81.2343,81.4272,502035
2012-06-04,81.4759,81.9938,81.4759,81.6507,908943
2012-06-05,81.8310,83.0047,81.8310,82.3383,1275545
2012-06-06,82.4239,82.9461,82.4239,82.7546,978550
2012-06-07,82.4581,82.4581,81.3917,81.7256,1472222
2012-06-08,81.6066,81.6988,80.9454,81.3642,691971
2012-06-11,81.6440,82.5750,81.1807,82.5750,1747538
2012-06-12,82.4846,82.6752,82.0491,82.0491,1124845
2012-06-13,82.1252,82.5316,82.1252,82.2819,714748
2012-06-14,82.4464,84.7349,82.1779,84.7349,3647411
2012-06-15,84.2785,84.2785,83.1208,83.1208,2570072
2012-06-18,83.0733,83.6954,82.8729,82.9392,1773099
2012-06-19,82.9285,82.9285,82.1574,82.8800,577190
2012-06-20,82.5814,82.5814,80.6282,81.1194,2228588
2012-06-21,81.2817,82.5188,81.2817,82.5188,2104657
2012-06-22,82.4813,83.2377,82.2350,82.2350,1337572
2012-06-25,82.2024,82.2415,81.9541,82.0359,833721
2012-06-26,82.3101,83.2607,82.3101,83.2607,1255126
2012-06-27,83.2666,83.6921,83.2666,83.3206,1069508
2012-06-28,83.4084,84.4784,83.4084,84.4784,1213239
2012-06-29,84.1098,84.1098,83.0117,83.1129,2332161
2012-07-02,83.3002,84.0346,83.3002,83.9294,1333804
2012-07-03,84.0767,85.3863,84.0767,85.1600,2204749
2012-07-04,84.9297,85.0528,84.4240,84.4849,1676548
2012-07-05,84.1051,84.1051,83.0986,83.2037,2414051
2012-07-06,83.2313,83.3741,82.5657,83.3584,806241
2012-07-09,83.1182,83.3269,82.4514,82.6010,1156186
2012-07-10,83.1769,84.7082,83.1769,84.3841,2827800
2012-07-11,84.2911,84.2911,83.8113,83.8709,1053256
2012-07-12,83.7610,84.0892,83.1752,83.2692,1713701
2012-07-13,83.3189,83.7747,82.9031,83.5976,1352359
2012-07-16,83.0333,83.0333,81.6751,81.6751,2867063
2012-07-17,81.6796,82.1560,81.6045,81.7182,1289919
2012-07-18,81.6334,81.7478,81.3906,81.3906,1335223
2012-07-19,81.4935,82.5039,81.4935,82.1813,2737677
2012-07-20,82.1881,82.2729,81.3412,82.2171,1022921
2012-07-23,82.2964,82.8880,82.2964,82.6566,1685304
2012-07-24,82.2615,82.2615,80.9680,81.2910,1621433
2012-07-25,81.3143,81.8992,80.8161,81.4714,1743173
2012-07-26,81.4838,82.3641,81.4838,81.5382,1912177
2012-07-27,81.8242,83.6243,81.8242,83.6243,2728156
2012-07-30,83.8803,84.8169,83.7865,84.8169,2987789
2012-07-31,84.7626,84.9908,83.9299,84.4161,1160524
2012-08-01,84.3885,84.7500,84.0772,84.0772,1395510
2012-08-02,83.9746,84.5681,83.6671,83.6671,1653859
2012-08-03,83.2474,83.2478,82.0067,82.0067,2035223
2012-08-06,82.2671,83.1609,82.1843,83.1609,1762564
2012-08-07,83.2402,83.8174,83.2402,83.4392,1194465
2012-08-08,83.2074,83.2074,82.1739,82.3140,2701005
2012-08-09,82.2740,82.2740,81.6026,81.6597,1732259
2012-08-10,81.5501,82.1036,81.1046,81.3311,1230640
2012-08-13,81.1196,81.2891,80.6564,80.6564,1325337
2012-08-14,80.5980,80.5980,79.8996,80.1254,1233690
2012-08-15,80.3469,80.7875,80.3243,80.7875,1091949
2012-08-16,80.6938,80.6938,79.8938,79.8938,877400
2012-08-17,79.9455,80.5124,79.7596,80.2765,1558719
2012-08-20,80.2819,80.6315,79.9663,80.3117,1283527
2012-08-21,80.3444,80.4856,79.7180,80.4856,1048556
2012-08-22,79.9854,80.0412,78.6839,78.6839,3416078
2012-08-23,78.6651,79.1747,78.4324,78.4343,1588407
2012-08-24,78.8880,80.0088,78.8880,79.9333,2719979
2012-08-27,79.9555,80.0407,79.2681,80.0407,1605176
2012-08-28,79.9516,79.9516,78.9355,79.7236,1784621
2012-08-29,79.5607,79.5607,78.9526,78.9526,2475985
2012-08-30,78.7573,79.7258,78.3337,78.3337,2249492
2012-08-31,78.2152,78.2152,77.2669,77.2669,2322923
2012-09-03,77.4597,77.9201,77.2445,77.8365,1421891
2012-09-04,78.2194,79.2090,78.2194,79.2090,2462625
2012-09-05,79.1050,79.1050,77.6486,78.1274,2156786
2012-09-06,78.1512,78.9810,77.8709,78.2590,1234100
2012-09-07,78.3167,78.8120,77.9012,78.5013,710634
2012-09-10,77.8703,77.8703,76.1080,76.2710,2980344
2012-09-11,76.1045,76.6877,75.7556,75.7556,2193874
2012-09-12,75.6836,76.6416,75.4921,75.4921,1369209
2012-09-13,75.3195,75.3195,74.5482,74.7124,1457918
2012-09-14,74.7794,75.5629,74.2458,75.2745,1994450
2012-09-17,75.3581,75.5651,75.0744,75.5651,1272932
2012-09-18,75.5652,75.5654,75.0659,75.5654,1233470
2012-09-19,75.6166,75.8833,75.5587,75.7470,1386482
2012-09-20,75.5547,75.5547,74.4281,74.6103,2092270
2012-09-21,74.4824,74.6400,73.9218,73.9465,1401901
2012-09-24,73.9822,74.0718,73.5170,74.0510,729280
2012-09-25,74.0405,74.1978,73.8497,74.0132,1054125
2012-09-26,73.8935,74.3312,72.8472,72.8765,1549911
2012-09-27,72.5986,73.0007,72.0527,72.0527,1794061
2012-09-28,71.8794,72.7125,71.1859,71.1859,1518282
2012-10-01,71.1283,71.2443,70.2763,70.2763,1750148
2012-10-02,70.4917,70.9876,70.1558,70.9876,1650940
2012-10-03,70.5821,70.5821,69.4212,69.7218,2909731
2012-10-04,69.7640,70.4617,69.7640,70.2958,960660
2012-10-05,70.5869,72.1507,70.5869,72.1507,3735833
2012-10-08,71.8814,71.9587,71.0471,71.0471,2126108
2012-10-09,70.9664,71.2703,70.6500,70.6500,1218064
2012-10-10,71.0364,72.0880,70.9355,71.8717,2573375
2012-10-11,71.9157,72.3163,71.7877,72.0884,762091
2012-10-12,72.1848,73.3826,72.1541,73.3826,1725460
2012-10-15,73.3820,73.6483,73.0065,73.3790,774470
2012-10-16,73.3392,73.4896,73.0152,73.0152,1792787
2012-10-17,73.0212,73.3283,72.4857,73.0465,951876
2012-10-18,73.0805,73.1697,72.7792,73.1697,998208
2012-10-19,73.2610,73.9123,73.0576,73.7010,1360800
2012-10-22,73.6041,73.6041,73.0195,73.2349,1664247
2012-10-23,73.0370,73.0942,72.1104,72.6169,1725102
2012-10-24,72.3251,72.6387,71.5292,71.6563,1996353
2012-10-25,71.6867,72.8268,71.6867,71.8041,834317
2012-10-26,72.0196,73.0748,72.0196,72.6192,2268334
2012-10-29,72.3511,72.4184,71.6203,71.6203,2124564
2012-10-30,71.7186,72.7270,71.7186,72.2920,1583869
2012-10-31,72.3377,72.8832,71.8625,72.7748,1282797
2012-11-01,72.8799,73.2092,72.5319,73.2092,2066004
2012-11-02,72.8862,73.2691,72.2358,72.2358,2253901
2012-11-05,72.1314,72.3480,70.9218,71.0737,1404974
2012-11-06,71.1559,71.6197,70.7456,71.6197,1641407
2012-11-07,71.2572,71.4171,69.8068,69.8068,4538462
2012-11-08,69.8621,70.8278,69.8621,70.7550,1424245
2012-11-09,70.7577,70.9007,70.3864,70.7675,942332
2012-11-12,70.8453,72.0681,70.8453,71.3084,1684463
2012-11-13,71.3012,71.6826,71.2738,71.2815,1140139
2012-11-14,71.1172,71.1172,70.2605,70.4605,1658843
2012-11-15,70.4394,70.6212,69.9276,70.2477,2059383
2012-11-16,70.3441,70.8597,70.3441,70.6895,929089
2012-11-19,70.5061,70.7487,69.6617,69.6617,2215294
2012-11-20,69.5566,69.6561,68.7949,69.0053,1592870
2012-11-21,69.0678,69.2085,68.7997,69.2085,961140
2012-11-22,69.2652,70.0443,69.2652,70.0443,1793679
2012-11-23,70.0168,70.2016,68.9607,69.9474,754801
2012-11-26,69.9814,70.3880,69.9634,70.1504,1298350
2012-11-27,70.0858,70.5301,69.7246,69.8562,1266076
2012-11-28,69.7550,69.7573,69.1723,69.5441,1544630
2012-11-29,69.5420,69.5542,68.9821,69.5289,1157521
2012-11-30,69.5643,70.2717,69.5643,69.7930,1585676
2012-12-03,69.8412,70.4299,69.7623,70.0659,3152734
2012-12-04,69.9612,69.9612,69.4010,69.7046,1132264
2012-12-05,69.6885,69.8485,69.5182,69.6053,775093
2012-12-06,70.0154,71.5759,70.0154,71.5759,3105498
2012-12-07,71.7020,72.5350,71.7020,72.0025,1510216
2012-12-10,71.9122,71.9273,71.5762,71.7099,2371644
2012-12-11,71.7451,71.9421,71.3631,71.8831,1036187
2012-12-12,71.8266,72.3691,71.3747,71.4620,2489570
2012-12-13,71.2688,71.5423,70.4227,70.6626,1714279
2012-12-14,70.3823,70.3823,69.4878,69.7840,2097317
2012-12-17,69.9559,70.7882,69.6664,70.7845,3006548
2012-12-18,70.5276,70.5276,69.5182,69.6813,1512237
2012-12-19,69.5813,69.6187,69.1572,69.1572,1991471
2012-12-20,69.1079,69.4688,68.8773,68.8773,1034938
2012-12-21,69.0114,70.3039,69.0114,69.6014,2118334
2012-12-24,69.6040,69.9179,69.2445,69.6109,1274223
2012-12-25,69.7439,70.7410,69.7439,70.7410,2099024
2012-12-26,70.6970,70.9439,70.2315,70.5552,1137509
2012-12-27,70.4736,70.5292,69.8229,70.0978,1566885
2012-12-28,70.0870,70.3185,69.8413,69.9690,1013754
2012-12-31,70.0078,70.1752,69.8092,70.1752,1235728
2013-01-01,70.1425,70.1698,69.6745,69.9674,1699733
2013-01-02,69.5191,69.5191,68.5891,68.5891,3718137
2013-01-03,68.6726,69.7025,68.6726,69.7025,1882897
2013-01-04,69.3861,69.9751,67.9743,67.9743,4391746
2013-01-07,67.8304,67.8304,66.8999,67.1930,2142724
2013-01-08,67.2433,67.5620,67.0146,67.4091,1018846
2013-01-09,67.4473,68.2320,67.4473,67.8346,1118632
2013-01-10,68.4052,69.5945,68.4052,69.5945,4462219
2013-01-11,69.7107,70.5409,69.7107,70.2286,1527021
2013-01-14,70.1880,70.5316,69.8656,70.1110,1088095
2013-01-15,70.1782,70.4348,69.8612,70.4348,747169
2013-01-16,70.1450,70.1590,69.4754,69.4754,1537400
2013-01-17,69.2166,69.3815,68.6608,68.6608,2543457
2013-01-18,68.7883,69.1743,68.4886,69.0308,1082066
2013-01-21,69.0698,69.7026,69.0698,69.7026,1949702
2013-01-22,69.7544,69.8697,69.3864,69.8618,1694547
2013-01-23,69.8597,70.0060,69.6042,69.8526,1321695
2013-01-24,69.8220,70.1473,69.4991,69.6974,1493651
2013-01-25,69.6217,69.6217,69.1497,69.3769,1340850
2013-01-28,69.3514,69.7995,69.0015,69.2137,1231652
2013-01-29,69.2139,70.0542,68.9567,69.2155,1057933
2013-01-30,69.2897,70.0540,69.0269,69.4810,1299972
2013-01-31,68.9867,68.9867,67.5325,67.6476,2640137
2013-02-01,67.6279,67.7587,67.4239,67.4823,1291940
2013-02-04,67.3618,67.5120,66.4406,66.5185,1680715
2013-02-05,66.6826,67.6073,66.5258,67.5366,2319929
2013-02-06,67.5356,67.5772,67.0774,67.5322,1232625
2013-02-07,67.4153,67.5879,67.1423,67.1423,2320019
2013-02-08,67.3069,67.8572,67.3069,67.6954,1169386
2013-02-11,67.9545,68.5960,67.9545,68.5960,2017047
2013-02-12,68.6561,69.1963,68.4410,69.1963,1603564
2013-02-13,69.2407,69.9119,69.1925,69.3830,914646
2013-02-14,69.4291,69.9552,69.1828,69.5633,984839
2013-02-15,69.8313,70.4864,69.6151,70.3338,1554986
2013-02-18,70.4879,71.4225,70.4879,71.1973,2654735
2013-02-19,71.2237,71.5964,70.9881,71.4479,1122781
2013-02-20,71.5206,72.0710,71.5206,71.7125,1101164
2013-02-21,71.6014,71.6155,70.6681,71.1347,1395997
2013-02-22,70.7519,71.0193,69.6661,69.6661,3515323
2013-02-25,69.7972,70.9483,69.7377,70.9483,3362524
2013-02-26,70.9454,71.3061,70.6340,70.9069,1032387
2013-02-27,70.6708,70.6708,69.8044,69.8044,1596767
2013-02-28,69.7601,69.7601,68.9369,69.6104,1677322
2013-03-01,69.6919,70.2243,69.6919,70.2243,1464270
2013-03-04,70.2163,70.6729,69.9259,70.1855,823274
2013-03-05,70.2145,70.7215,69.7201,70.6730,1456602
2013-03-06,70.6401,70.8771,69.8878,70.5397,1430081
2013-03-07,70.4873,70.4873,69.8130,70.1968,1205488
2013-03-08,70.4782,71.5456,70.0096,71.0442,2097276
2013-03-11,71.0927,71.8253,71.0927,71.5944,1326000
2013-03-12,71.5432,71.5988,71.0779,71.2984,1459710
2013-03-13,71.7156,72.6089,71.7156,72.6089,1968094
2013-03-14,72.6204,73.1875,72.4004,72.7032,1241204
2013-03-15,72.7776,73.0684,72.5032,73.0684,1283581
2013-03-18,72.8096,72.9662,72.3151,72.3151,1456485
2013-03-19,72.4528,72.8641,71.8496,72.7758,1904505
2013-03-20,73.0280,74.4929,73.0280,73.6871,2220456
2013-03-21,73.5768,73.5768,72.7308,72.9652,1786062
2013-03-22,72.5234,72.5545,71.2441,71.2441,3449862
2013-03-25,71.3006,72.5216,71.3006,72.1503,1499171
2013-03-26,72.0420,72.0482,71.5697,71.5697,1402982
2013-03-27,71.7906,72.9618,71.7906,72.9069,2233444
2013-03-28,72.8266,72.8266,72.2374,72.3841,1510308
2013-03-29,72.5265,72.8144,72.1783,72.8144,1028923
2013-04-01,72.8227,73.1194,72.3794,72.9106,704584
2013-04-02,72.9486,73.3158,72.6076,73.2285,850865
2013-04-03,73.2663,73.6380,72.6745,73.4796,1145706
2013-04-04,73.7969,75.2448,73.3374,75.2448,1632171
2013-04-05,75.2461,75.4021,74.6834,75.2573,1027894
2013-04-08,74.9535,75.0596,74.3341,74.3341,1780715
2013-04-09,74.3245,74.3245,73.6446,74.2443,970467
2013-04-10,74.3176,74.6673,74.1217,74.4684,1556838
2013-04-11,74.4773,74.7193,73.9845,74.5512,1520928
2013-04-12,74.5159,74.5159,73.4918,74.0151,1397775
2013-04-15,73.9996,74.2077,73.4411,73.8005,1024046
2013-04-16,73.7759,73.7759,73.1211,73.4943,1282070
2013-04-17,73.3470,74.1172,72.8754,72.8754,1216125
2013-04-18,72.8469,73.3765,72.6736,72.6908,1076722
2013-04-19,72.7555,73.0093,72.2050,73.0093,1516595
2013-04-22,73.0470,73.1741,72.7966,73.1741,1072296
2013-04-23,73.0829,73.0829,71.2757,71.8089,2620284
2013-04-24,72.2557,73.1232,72.2557,73.1232,1964236
2013-04-25,73.1957,73.7647,73.1957,73.7562,1339774
2013-04-26,73.5264,73.5264,72.9443,72.9443,1666433
2013-04-29,72.9697,73.2532,72.7621,73.0936,1082227
2013-04-30,72.8352,73.0453,72.3325,72.3325,1535486
2013-05-01,72.3099,72.7184,72.1096,72.1096,1321689
2013-05-02,71.9621,71.9974,71.5014,71.5014,1442227
2013-05-03,71.4940,71.6684,71.1331,71.4783,1161314
2013-05-06,71.6775,72.2070,71.6775,72.2070,2130864
2013-05-07,72.2600,73.2395,72.2600,72.5952,1525678
2013-05-08,72.4560,72.6323,72.0622,72.1588,1103934
2013-05-09,72.3068,72.7176,71.9867,72.6157,1633377
2013-05-10,72.7051,73.3062,72.7051,73.2272,1414494
2013-05-13,73.1181,73.1181,72.2797,72.8490,1447929
2013-05-14,72.6742,72.6742,71.6497,72.2510,1950477
2013-05-15,72.7768,74.9786,72.7768,73.7837,1045731
2013-05-16,73.6724,74.6088,72.9621,72.9621,1358226
2013-05-17,71.7949,71.7949,68.9572,69.3153,1895570
2013-05-20,68.8614,68.8614,67.0204,67.9140,1662777
2013-05-21,67.5851,67.8114,65.9555,66.7177,1211831
2013-05-22,66.9169,68.0021,66.9169,67.7868,1976714
2013-05-23,67.6381,68.2215,66.2325,66.7333,1086665
2013-05-24,66.7727,68.0225,66.2560,67.4367,1593009
2013-05-27,67.4316,68.3368,66.8423,67.3984,1459554
2013-05-28,67.3417,67.7251,66.4530,66.4530,1579390
2013-05-29,66.2766,66.2766,64.2670,64.2670,1814746
2013-05-30,64.5287,66.8812,64.2296,66.8812,2346139
2013-05-31,66.8968,67.5272,66.8429,66.9907,1464292
2013-06-03,67.2199,67.9645,67.2199,67.9645,1907253
2013-06-04,67.9311,68.0941,67.3445,67.7499,1178928
2013-06-05,67.7837,68.2979,67.7557,67.9147,852965
2013-06-06,67.8875,68.0970,67.6178,67.7828,1004349
2013-06-07,67.7290,67.7290,66.8556,67.3057,2695230
2013-06-10,67.3470,68.0533,67.2115,68.0533,2271000
2013-06-11,68.0518,68.4027,68.0240,68.0240,1069008
2013-06-12,68.0139,68.3253,67.5611,67.9856,1086911
2013-06-13,67.9538,68.6391,67.6102,67.6102,1048651
2013-06-14,67.3607,67.5272,66.5847,66.8698,1804883
2013-06-17,66.8549,67.2446,66.3548,66.6966,993352
2013-06-18,66.8825,68.0801,66.7950,67.5886,1692481
2013-06-19,67.6094,67.7943,67.5776,67.6500,756524
2013-06-20,67.6741,68.1576,67.4930,67.8993,1646137
2013-06-21,67.7259,67.7259,66.9621,66.9621,1675604
2013-06-24,67.0104,67.2352,66.7262,67.1743,943694
2013-06-25,67.3439,68.2028,67.3439,68.0886,1403044
2013-06-26,68.2052,69.1932,68.2052,69.0222,2620030
2013-06-27,68.6700,68.6700,65.7881,67.9130,1181635
2013-06-28,67.4096,67.6851,65.9947,65.9947,3087896
2013-07-01,65.9455,68.0856,65.4764,65.7077,782836
2013-07-02,65.5545,65.5545,63.3424,63.3424,2654388
2013-07-03,63.3855,63.4831,62.4640,63.4831,965763
2013-07-04,63.5253,63.9816,63.0222,63.9424,913520
2013-07-05,64.3561,65.7824,64.0900,65.2272,1520614
2013-07-08,65.8134,67.1942,65.1272,67.1942,1797617
2013-07-09,66.7452,66.7452,65.1795,65.5776,1780302
2013-07-10,65.2945,65.8998,64.7105,64.7105,833262
2013-07-11,65.0068,66.1153,65.0068,65.9966,2006065
2013-07-12,67.0835,69.6570,67.0835,69.6570,2975861
2013-07-15,69.4999,69.7125,68.5638,68.5638,1327653
2013-07-16,68.5802,69.4930,68.5305,68.6702,1135644
2013-07-17,68.5926,68.5926,68.0615,68.4136,1481397
2013-07-18,68.6046,70.1932,68.6046,70.1932,3540043
2013-07-19,69.9911,70.4085,69.2928,69.2928,1290179
2013-07-22,69.7005,71.5466,69.7005,71.5466,5529789
2013-07-23,71.5108,71.5108,71.2007,71.4363,1325845
2013-07-24,71.5577,72.2129,71.3305,72.2129,1763636
2013-07-25,72.0124,72.1667,71.3947,71.3947,1408544
2013-07-26,71.2930,71.6018,70.7455,70.7455,1390166
2013-07-29,70.8808,71.9275,70.6567,71.9275,2485381
2013-07-30,71.8833,71.8833,71.0274,71.7786,678399
2013-07-31,71.4825,71.7205,70.0897,70.3534,2364138
2013-08-01,70.3293,70.3293,69.4467,70.1911,1061500
2013-08-02,70.2455,71.2136,70.2455,70.8479,1338555
2013-08-05,70.8465,71.3656,70.8373,70.8373,978990
2013-08-06,70.6956,70.6956,70.0760,70.0760,1450629
2013-08-07,69.9341,70.1798,69.5030,69.5030,1650771
2013-08-08,69.5945,70.5215,69.5945,70.0441,1252976
2013-08-09,69.6936,69.7350,68.7410,68.7739,1660132
2013-08-12,68.5134,68.8087,67.9141,67.9141,1984858
2013-08-13,68.0306,68.9215,67.8933,68.3294,1642447
2013-08-14,68.4615,69.0977,68.4615,68.8428,1616107
2013-08-15,68.9008,69.5757,68.9008,69.0616,1106734
2013-08-16,69.1774,70.2425,69.1774,69.6725,1471797
2013-08-19,69.9813,71.3241,69.9813,70.7687,1625570
2013-08-20,70.7633,71.2329,70.6801,70.7457,1398117
2013-08-21,70.4951,70.4951,69.7693,69.9769,2349968
2013-08-22,69.9807,70.2256,69.7761,69.9953,1626288
2013-08-23,69.9314,70.0712,69.1757,69.6913,2181059
2013-08-26,69.6541,69.6572,68.7571,69.5666,879064
2013-08-27,69.7391,70.5154,69.6705,70.5154,2078179
2013-08-28,70.5583,71.0360,70.1759,71.0360,1430734
2013-08-29,71.0278,71.6684,70.5707,70.9847,1186715
2013-08-30,70.6857,70.6857,69.6658,69.6658,1912506
2013-09-02,69.7205,70.3968,69.7205,69.9318,1675928
2013-09-03,69.9066,70.0433,69.2287,69.7127,1113691
2013-09-04,70.1022,70.8989,70.1022,70.8989,1749672
2013-09-05,70.5640,70.5640,69.4128,69.4886,2712018
2013-09-06,69.4675,69.7647,69.1405,69.2732,1127838
2013-09-09,69.3394,69.8885,68.9250,69.8885,1577415
2013-09-10,69.9310,70.1638,69.4166,70.1214,964508
2013-09-11,70.0760,70.0760,69.4874,69.7739,1318799
2013-09-12,69.6044,69.6044,68.8812,69.0543,1568450
2013-09-13,69.0930,69.2015,68.3762,69.2015,676754
2013-09-16,69.0958,69.1807,68.2052,68.2052,2021405
2013-09-17,68.5077,69.4186,68.5077,69.4039,1319767
2013-09-18,69.5487,71.0285,69.4401,70.8662,2230842
2013-09-19,70.7555,70.9121,69.9057,70.4515,1325365
2013-09-20,70.5017,70.7028,70.3246,70.6488,834392
2013-09-23,70.6298,70.9177,70.4336,70.5827,1057605
2013-09-24,70.5913,71.0795,70.3482,70.6319,1219431
2013-09-25,70.5472,70.5833,69.8607,70.0917,1945053
2013-09-26,70.1535,70.6950,69.6958,70.6734,1209682
2013-09-27,70.6735,71.1179,70.6285,70.6739,1157140
2013-09-30,70.9684,72.2549,70.9684,72.1235,2460754
2013-10-01,72.2466,72.5895,72.0092,72.5895,1200648
2013-10-02,72.6457,73.0374,72.4949,72.7822,1590766
2013-10-03,72.6644,72.9167,71.4248,71.4248,1850493
2013-10-04,71.6230,72.8370,71.6230,72.0815,1763030
2013-10-07,72.1380,72.5949,71.7021,72.4858,1248816
2013-10-08,72.2347,72.2347,71.5411,71.7475,1297036
2013-10-09,71.5385,71.6272,69.5033,69.5033,3738822
2013-10-10,69.4881,70.0133,69.1942,69.4291,1688339
2013-10-11,69.5469,70.0680,69.3680,69.7902,833797
2013-10-14,69.6813,69.6813,68.8487,69.2238,1029043
2013-10-15,69.2977,69.6305,68.9288,69.6305,1335172
2013-10-16,69.4733,69.5329,68.9792,69.1138,1460619
2013-10-17,69.1629,69.5588,69.1629,69.2838,1147030
2013-10-18,69.2502,69.2502,68.6017,69.1442,1062741
2013-10-21,68.9422,68.9422,68.3968,68.5601,1854859
2013-10-22,68.7236,70.1813,68.7236,70.0151,1968546
2013-10-23,70.0149,71.0213,70.0129,70.0129,1049547
2013-10-24,70.0791,71.1242,70.0791,70.9694,1836114
2013-10-25,70.7062,70.7698,70.0882,70.0882,2197713
2013-10-28,70.1255,70.4941,70.1255,70.2849,799098
2013-10-29,70.3559,70.4968,70.2444,70.4968,1251070
2013-10-30,70.7032,71.6324,70.7032,71.6324,2179516
2013-10-31,71.7278,72.0615,71.7180,72.0615,1816004
2013-11-01,72.0514,72.7369,71.8308,72.0078,940684
2013-11-04,71.8190,71.9691,71.1523,71.4696,1065472
2013-11-05,71.2298,71.2298,70.4735,70.5770,1631727
2013-11-06,70.6848,71.0583,70.2246,70.9518,1086843
2013-11-07,70.9323,70.9323,70.4865,70.8658,790485
2013-11-08,70.8182,70.9773,70.2598,70.7237,1859258
2013-11-11,70.4431,71.2426,69.6530,69.6530,2570818
2013-11-12,69.7358,71.1651,69.7358,70.9906,2098416
2013-11-13,70.8877,70.9483,70.3467,70.3908,1019211
2013-11-14,70.3916,70.7811,70.3050,70.4024,805148
2013-11-15,70.5547,71.5168,70.3550,71.5168,2312866
2013-11-18,71.0366,71.0366,69.5547,70.1485,2979366
2013-11-19,70.1065,70.1065,69.7122,69.7860,1313133
2013-11-20,69.8735,70.3090,69.7530,70.1276,1733711
2013-11-21,70.0453,70.2248,69.4514,69.7536,1455146
2013-11-22,69.6987,69.8693,68.9593,69.3991,1281193
2013-11-25,69.2261,69.7229,68.7174,68.7174,1725979
2013-11-26,68.7892,68.9752,68.2058,68.9752,1383227
2013-11-27,68.9040,68.9040,67.9181,68.4373,1687402
2013-11-28,68.5392,69.2935,68.3812,69.2476,1914409
2013-11-29,69.0594,69.0594,68.3050,68.4708,2563059
2013-12-02,68.5305,68.9009,68.3391,68.6992,1234808
2013-12-03,68.8094,69.2313,68.8094,69.1370,1217317
2013-12-04,69.4241,70.6637,69.4241,70.2343,2008181
2013-12-05,70.0741,70.0741,69.3390,69.3390,1691961
2013-12-06,69.3446,69.7348,69.3446,69.3802,1074872
2013-12-09,69.4986,70.1683,69.4986,69.7531,1314091
2013-12-10,69.6223,70.0846,68.8771,68.8771,1722885
2013-12-11,68.8904,69.5490,68.5516,69.0581,1479782
2013-12-12,68.9038,69.2712,68.5908,68.5908,1210984
2013-12-13,68.6885,69.1978,68.5272,68.9513,1417324
2013-12-16,68.7833,68.7833,68.0086,68.4220,1808804
2013-12-17,68.6222,69.5920,68.6222,69.2183,1947867
2013-12-18,69.3317,69.8227,69.1779,69.5815,1338795
2013-12-19,69.4951,69.6474,69.1100,69.1100,1647631
2013-12-20,68.9786,69.2831,68.5021,68.5675,1886361
2013-12-23,68.4740,68.4740,67.5786,67.9457,1242910
2013-12-24,67.6463,67.6463,66.8211,66.8211,1805446
2013-12-25,66.7504,67.1637,66.5508,66.5508,1154325
2013-12-26,66.5326,67.1190,66.4648,66.4648,880414
2013-12-27,66.3454,66.3793,65.4572,65.4572,2215459
2013-12-30,65.3586,65.4779,65.1202,65.1202,1605841
2013-12-31,65.2260,65.5027,64.7268,65.5027,1496679
2014-01-01,65.6050,66.0417,65.3749,65.9419,1210407
2014-01-02,66.1219,66.9852,66.0273,66.9852,2218203
2014-01-03,66.9850,67.2981,66.6957,66.9818,1544068
2014-01-06,67.1519,67.6731,67.1493,67.6133,1487666
2014-01-07,67.7191,68.1779,67.7059,68.1388,2397732
2014-01-08,67.7405,67.9201,67.0042,67.0042,1923398
2014-01-09,67.2134,67.7840,67.2105,67.7840,990153
2014-01-10,67.6390,67.6390,67.0756,67.0863,2160922
2014-01-13,67.5658,68.6410,67.5658,68.6353,3822678
2014-01-14,68.4158,68.4158,67.4781,67.4781,2049977
2014-01-15,67.6434,68.2362,67.5014,68.2362,3114871
2014-01-16,68.1283,68.1865,66.9881,67.2961,2065717
2014-01-17,67.2601,67.3406,66.7117,66.7117,2747581
2014-01-20,66.6621,66.6621,65.6367,66.3106,1853663
2014-01-21,66.0740,66.1954,65.6259,65.6259,1482081
2014-01-22,65.6571,66.1166,65.4527,66.1166,1101506
2014-01-23,66.0433,66.0629,65.5696,65.5696,2175913
2014-01-24,65.5697,66.0906,65.5697,65.5705,1148558
2014-01-27,65.4955,65.6508,64.9872,64.9872,1259610
2014-01-28,65.1997,66.8502,65.1997,66.7322,4166520
2014-01-29,66.5978,66.5978,65.9285,66.1818,1975560
2014-01-30,66.1228,66.6298,65.6736,65.9239,1469411
2014-01-31,65.8941,65.8941,65.3749,65.5258,1169878
2014-02-03,65.5166,65.7923,65.2188,65.3514,1008604
2014-02-04,65.5166,66.1036,65.0387,66.0606,1658923
2014-02-05,66.1512,66.6952,66.0582,66.6952,2073868
2014-02-06,66.6920,66.6920,66.0772,66.6568,1121066
2014-02-07,66.5950,66.7002,65.8595,65.8800,1574853
2014-02-10,65.9156,66.5302,65.9156,66.3107,1439618
2014-02-11,66.2034,66.2624,64.5178,64.5178,2295761
2014-02-12,64.5097,64.7408,64.2511,64.4794,986967
2014-02-13,64.4948,65.0920,64.3650,64.6644,1536719
2014-02-14,64.7090,64.8005,64.2339,64.8005,916507
2014-02-17,65.0852,66.6048,65.0852,66.3735,3723074
2014-02-18,66.3563,66.9972,66.1511,66.2793,657177
2014-02-19,66.1595,66.1595,65.2293,65.4911,1074279
2014-02-20,65.4842,65.8089,65.4497,65.4497,1140448
2014-02-21,65.5670,66.1364,65.5670,65.9390,1179073
2014-02-24,65.9207,66.0919,65.5302,65.8239,1506515
2014-02-25,65.8199,66.2556,65.7223,65.7621,687965
2014-02-26,65.6106,65.8552,65.3045,65.3045,1306850
2014-02-27,65.2574,65.4482,65.1301,65.1301,1284548
2014-02-28,65.3034,66.2167,65.3034,66.1850,2192394
2014-03-03,65.7969,65.7969,64.9718,65.0117,3151189
2014-03-04,64.9273,65.0025,64.2136,64.4859,1369908
2014-03-05,64.5328,65.2778,64.5328,65.1330,2416402
2014-03-06,65.1028,65.1028,64.4681,65.0067,831193
2014-03-07,65.1838,65.7101,65.1838,65.5813,1252437
2014-03-10,65.7357,66.6255,65.6478,66.6255,2179426
2014-03-11,66.6433,66.7250,66.4282,66.7145,1038379
2014-03-12,66.5815,66.5815,65.8613,66.1445,1398292
2014-03-13,66.0950,66.0950,65.1472,65.7092,1558927
2014-03-14,65.7569,66.0366,65.2993,65.8467,1281374
2014-03-17,65.8251,66.0019,65.0100,65.4810,1189932
2014-03-18,65.3618,65.3618,63.9330,64.3697,3567082
2014-03-19,64.4439,64.8463,64.4209,64.7187,1089487
2014-03-20,64.6378,64.7782,63.9957,64.4579,1739625
2014-03-21,64.3933,64.5697,64.0204,64.0204,1254476
2014-03-24,64.0582,64.8150,64.0582,64.6882,1749958
2014-03-25,64.8140,65.2124,64.4277,65.1044,1553047
2014-03-26,65.0956,65.0956,64.7185,65.0108,1047423
2014-03-27,64.5632,64.5632,63.2701,63.2701,2872598
2014-03-28,63.2777,63.5645,62.8639,63.4054,1298346
2014-03-31,63.5012,64.2090,63.5012,63.8476,2091480
2014-04-01,63.8330,63.8411,63.3888,63.7542,1097671
2014-04-02,64.0149,64.7852,63.9252,64.7852,2809137
2014-04-03,65.1461,66.5518,65.1461,66.1242,1292698
2014-04-04,65.6565,65.7774,64.7881,64.7881,1459681
2014-04-07,64.6954,65.2396,64.1628,64.4196,1459338
2014-04-08,64.4495,65.8636,64.4495,64.6025,912624
2014-04-09,64.3485,64.3485,62.7532,63.3282,2774010
2014-04-10,63.6137,64.6568,62.6529,64.4918,1369576
2014-04-11,64.2313,64.2313,62.9824,63.6011,1206507
2014-04-14,63.4296,63.7839,62.6538,63.0918,1290488
2014-04-15,63.2175,65.4346,63.2175,63.7802,1296605
2014-04-16,63.7146,63.7972,63.0212,63.4754,1193366
2014-04-17,63.5887,64.5547,63.4026,64.1995,1349650
2014-04-18,64.1388,65.1469,63.9276,63.9276,1172909
2014-04-21,64.0653,66.2869,64.0653,66.2869,2328188
2014-04-22,66.1762,66.1762,65.1245,65.1245,1841561
2014-04-23,65.3738,67.5493,65.3738,67.5493,2446260
2014-04-24,67.3644,67.5054,64.8592,66.6060,1433860
2014-04-25,66.5954,66.5954,65.2213,66.4410,883944
2014-04-28,66.9683,68.2021,66.6856,68.2021,1654299
2014-04-29,68.1488,68.1488,66.5851,67.3465,2163874
2014-04-30,67.3460,67.5701,66.2375,67.3390,1272582
2014-05-01,67.1303,67.4831,64.8211,65.2372,1325821
2014-05-02,65.1816,65.4269,64.7135,64.7417,1341843
2014-05-05,65.0470,65.9327,64.9117,65.8103,1311649
2014-05-06,65.6475,65.6475,64.4986,65.1449,1129102
2014-05-07,65.1522,65.8977,65.1522,65.2875,873563
2014-05-08,65.2535,65.2535,64.6544,64.7972,1440355
2014-05-09,64.8217,65.3011,64.6098,65.2703,2083774
2014-05-12,65.2474,65.4446,65.1711,65.1711,1294473
2014-05-13,65.1500,65.6298,64.8487,64.8487,1261485
2014-05-14,64.8043,64.8480,64.4753,64.4753,2676751
2014-05-15,64.7199,65.6647,64.4142,65.2047,1704938
2014-05-16,65.2360,65.3765,64.9376,65.3765,1423342
2014-05-19,65.5568,66.8214,65.3744,66.8214,2611739
2014-05-20,66.6873,66.6873,65.9977,65.9977,1881825
2014-05-21,66.1811,66.8859,66.1811,66.6844,1335076
2014-05-22,66.4647,66.4647,65.7513,66.0186,1573424
2014-05-23,66.1106,66.8270,66.0508,66.4718,1468494
2014-05-26,66.4371,66.7983,66.2200,66.2255,1417018
2014-05-27,65.9822,65.9822,65.0228,65.2305,2147776
2014-05-28,65.2452,65.6602,65.2323,65.3934,1345686
2014-05-29,65.3073,65.6786,64.9053,64.9053,1217348
2014-05-30,64.8245,64.8245,64.0017,64.6154,2096424
2014-06-02,64.7526,65.5464,64.7526,65.1831,1913628
2014-06-03,65.4217,66.1216,65.0985,66.1216,1466858
2014-06-04,66.2976,67.0535,66.2976,67.0535,2593282
2014-06-05,67.0292,67.5430,66.8314,66.8862,1068866
2014-06-06,66.9818,68.1443,66.5933,68.1443,1018244
2014-06-09,68.3272,70.8114,67.3963,70.8114,2591674
2014-06-10,71.0109,72.5162,71.0109,72.1620,2322758
2014-06-11,72.3107,73.1853,70.8539,73.1853,1443717
2014-06-12,73.2102,75.5893,73.2102,73.4416,1220901
2014-06-13,73.2303,73.6546,71.9850,71.9850,1793689
2014-06-16,72.6025,75.0625,72.6025,74.8925,2170506
2014-06-17,74.7929,75.4692,74.5492,74.5492,1224825
2014-06-18,74.7494,75.8177,74.4922,75.8177,3001873
2014-06-19,75.8289,75.8584,75.3289,75.8584,759139
2014-06-20,75.7773,75.9771,75.1518,75.6070,1205259
2014-06-23,75.6703,75.9157,75.1361,75.8783,1097034
2014-06-24,75.8264,75.9466,75.0131,75.6412,867732
2014-06-25,75.6940,75.9344,75.3692,75.8384,1610114
2014-06-26,76.1222,76.9633,75.3939,76.8981,1521386
2014-06-27,76.8490,76.8490,75.9549,76.3041,1226483
2014-06-30,76.1763,76.1763,75.2912,75.2912,3600802
2014-07-01,75.2683,75.3717,74.8341,75.1247,1407422
2014-07-02,75.1101,75.3946,74.6851,75.0402,853342
2014-07-03,75.1656,75.8575,75.1437,75.5300,1112880
2014-07-04,75.5052,75.7696,75.3051,75.3161,1190349
2014-07-07,75.1247,75.1247,74.2330,74.7110,1340609
2014-07-08,74.6651,74.8291,74.2620,74.5406,925871
2014-07-09,74.6480,75.8827,74.6480,75.6102,1873574
2014-07-10,75.6550,76.2980,75.6420,76.2980,2423414
2014-07-11,75.8856,75.8856,74.8626,75.0263,1671355
2014-07-14,75.0368,75.0909,74.5574,75.0909,949943
2014-07-15,75.0317,75.7065,74.9094,74.9094,934814
2014-07-16,74.9675,75.4733,74.9675,75.4138,1214262
2014-07-17,75.1402,75.1402,74.2138,74.5773,1344996
2014-07-18,74.4058,74.5346,73.9351,73.9351,1475483
2014-07-21,74.0784,74.6428,73.9861,74.3733,1367014
2014-07-22,74.2746,74.2746,73.5563,74.0459,1287762
2014-07-23,74.0576,74.5815,74.0576,74.1869,970117
2014-07-24,73.8511,73.8511,73.1628,73.1647,1771552
2014-07-25,73.0871,73.5139,72.8480,72.8547,1161736
2014-07-28,73.0405,73.5292,73.0405,73.4483,2865681
2014-07-29,73.7014,74.6829,73.7014,74.3270,1527808
2014-07-30,74.3510,75.4762,74.3510,74.5634,1188144
2014-07-31,74.7267,75.9938,74.7267,75.9304,1934165
2014-08-01,75.8331,75.8331,75.1528,75.3668,1343684
2014-08-04,75.6456,76.5796,75.6456,76.5796,2632394
2014-08-05,76.2746,76.5266,75.6308,75.6308,2286563
2014-08-06,75.6562,76.0853,75.4504,75.7795,1393986
2014-08-07,75.8467,76.7956,75.8467,76.7956,2600066
2014-08-08,76.8515,77.7594,76.8515,77.2564,1287187
2014-08-11,77.2632,77.3113,76.6614,77.3113,646080
2014-08-12,77.2295,77.2906,76.8425,76.8941,1804806
2014-08-13,77.1480,78.0975,76.7934,77.7194,2040471
2014-08-14,77.4900,77.7946,76.6325,76.6325,2334013
2014-08-15,76.4547,76.7817,75.9474,75.9678,1521989
2014-08-18,76.0351,76.9399,76.0134,76.9399,1488591
2014-08-19,76.9500,77.3053,76.7139,77.0956,747539
2014-08-20,77.1379,77.4948,76.5447,77.4948,1893112
2014-08-21,77.5374,78.2099,77.3694,78.2099,1603763
2014-08-22,78.2553,78.7426,78.2102,78.7426,1196284
2014-08-25,78.9093,79.7467,78.9093,79.5311,1944295
2014-08-26,79.6866,80.4999,79.6866,80.4999,1394883
2014-08-27,80.6813,81.0582,80.4947,81.0582,1649539
2014-08-28,80.9978,81.3572,80.4903,80.4903,2053349
2014-08-29,80.5618,81.0635,80.5478,81.0126,1440974
2014-09-01,80.9904,81.3553,80.8247,80.8247,1269316
2014-09-02,80.3712,80.3712,79.3090,79.3957,2041741
2014-09-03,79.5238,80.3945,79.4390,79.9722,1424411
2014-09-04,79.9115,80.2720,79.5255,79.5790,1193520
2014-09-05,79.8935,80.8488,79.8935,80.6671,2361571
2014-09-08,80.6809,81.3493,80.6809,80.8310,1191286
2014-09-09,80.7798,80.7798,80.2773,80.2773,1900271
2014-09-10,80.2472,80.2648,79.9149,80.1163,2273541
2014-09-11,80.1240,80.8718,80.0540,80.2495,1236251
2014-09-12,80.5107,81.4419,80.3495,81.4182,1916505
2014-09-15,81.3839,81.5166,80.9206,81.2110,874479
2014-09-16,81.3614,82.1336,81.1970,82.0780,1212826
2014-09-17,82.1844,82.7645,81.4289,82.7066,1297295
2014-09-18,82.7895,83.2002,82.2265,83.2002,1979506
2014-09-19,83.2696,84.4073,83.2108,83.5270,1254349
2014-09-22,83.5515,83.8429,82.7460,83.8429,1649799
2014-09-23,83.9402,85.1828,83.9053,84.1696,1025913
2014-09-24,84.2712,84.7683,84.2355,84.7683,1714843
2014-09-25,85.2694,86.6561,85.2694,86.3332,2354134
2014-09-26,86.2409,86.2951,85.0628,85.1618,1712123
2014-09-29,85.4764,86.8951,85.4574,86.8227,3484462
2014-09-30,86.7588,87.0147,86.2965,86.2965,1236394
2014-10-01,86.0387,86.0387,84.9833,85.0491,2410314
2014-10-02,84.9562,85.1179,84.6128,84.7071,1242235
2014-10-03,84.6952,85.2972,84.3270,84.4769,1469819
2014-10-06,84.4397,85.0564,83.9622,83.9622,837053
2014-10-07,84.1975,84.8679,84.0669,84.8679,1638874
2014-10-08,84.8557,85.6732,84.6455,84.6455,1267633
2014-10-09,84.7494,86.7282,84.7494,86.5045,3232127
2014-10-10,86.5234,86.7868,86.3051,86.7517,1044332
2014-10-13,86.8550,87.8165,86.7234,87.3649,2895072
2014-10-14,87.4219,88.3659,86.6824,88.3659,2597031
2014-10-15,88.2723,88.6867,87.8974,87.8974,1403522
2014-10-16,87.7394,87.7394,86.7327,87.1732,1640044
2014-10-17,86.9372,87.3730,86.2970,86.2970,2387754
2014-10-20,86.0095,86.1500,85.3127,85.3127,1911592
2014-10-21,85.4313,86.7081,85.4313,86.0673,1685372
2014-10-22,86.1166,86.7084,85.9776,86.2953,1235863
2014-10-23,86.2995,87.0462,85.7675,86.3766,972378
2014-10-24,86.0221,86.0455,85.2461,85.2461,2488630
2014-10-27,85.3013,85.7241,85.2507,85.4241,970566
2014-10-28,85.2870,85.3161,84.6912,84.6912,1319323
2014-10-29,84.8396,86.0472,84.7538,85.7067,1511753
2014-10-30,86.0537,87.8985,86.0537,86.9462,2156027
2014-10-31,86.9756,87.6647,86.8737,87.0782,1139787
2014-11-03,87.1682,87.5555,86.6772,87.5555,1910603
2014-11-04,87.5687,87.6186,86.3699,87.6186,963589
2014-11-05,87.7571,88.8532,87.7298,88.1444,1255513
2014-11-06,88.2202,88.8615,88.2202,88.4407,1496443
2014-11-07,88.3119,88.4388,86.7763,86.7763,1419009
2014-11-10,87.1862,88.1146,87.1862,88.1146,3056016
2014-11-11,88.0648,88.5726,87.9321,87.9321,1532953
2014-11-12,88.0766,88.6397,87.9295,88.5721,1043157
2014-11-13,88.7705,89.8035,88.5613,89.2551,1151865
2014-11-14,89.3869,90.4578,89.2842,89.6478,1258765
2014-11-17,89.9881,91.4231,89.9881,91.0007,2271226
2014-11-18,90.9597,90.9869,89.9524,90.1925,1983200
2014-11-19,90.4217,91.3491,90.4217,90.8498,1580576
2014-11-20,91.0335,91.7192,91.0335,91.6653,1687672
2014-11-21,91.7244,92.6275,91.7244,92.1653,2302156
2014-11-24,92.1086,92.4258,91.0051,91.8706,921385
2014-11-25,91.3457,91.3457,90.1188,90.3173,2447765
2014-11-26,90.3106,91.1778,90.2671,90.2671,1038258
2014-11-27,90.3220,91.1397,90.2453,91.1397,1299379
2014-11-28,91.0619,91.0619,89.5567,90.1438,1601383
2014-12-01,90.1422,90.7823,89.1204,90.1377,1490535
2014-12-02,90.1314,90.4926,89.5601,90.0962,983562
2014-12-03,90.0552,90.0552,89.3786,89.7204,1836496
2014-12-04,89.9194,91.5518,89.9194,91.5518,1643325
2014-12-05,91.4343,91.8817,91.0333,91.0653,1251052
2014-12-08,91.4372,93.6667,91.4372,93.0250,2078505
2014-12-09,92.9209,92.9815,91.3281,91.6375,2179060
2014-12-10,91.7726,92.4407,91.5796,92.4407,1800653
2014-12-11,92.5966,93.6327,92.3208,93.6327,1186387
2014-12-12,93.6135,94.0585,93.0692,93.4190,958846
2014-12-15,93.3660,93.3660,92.3776,93.0397,1105596
2014-12-16,93.0649,93.6395,92.5411,93.2397,1618766
2014-12-17,93.3713,93.7714,92.8484,93.7714,1169470
2014-12-18,93.8200,94.5910,93.8200,94.5910,1402081
2014-12-19,94.6711,96.0783,94.2854,96.0259,1312847
2014-12-22,95.6727,95.9754,94.8290,94.8290,2043128
2014-12-23,95.1422,96.2475,95.0201,95.8755,1818223
2014-12-24,96.0903,96.9944,96.0903,96.9944,950558
2014-12-25,96.6725,97.6890,95.9702,95.9702,1693732
2014-12-26,96.2286,97.4841,96.0892,96.9589,1784365
2014-12-29,96.8675,97.1267,95.9645,96.1557,1303692
2014-12-30,96.1436,96.5172,95.4892,96.1175,1046266
2014-12-31,96.1662,96.3957,95.8123,96.3941,1448572
2015-01-01,96.3851,96.6551,96.1545,96.3589,661990
2015-01-02,95.8503,96.1851,94.5791,94.5791,1534433
2015-01-05,94.7018,95.5995,94.5066,95.0547,1236882
2015-01-06,95.3388,96.0298,95.0925,96.0298,1800817
2015-01-07,96.1985,97.2296,95.6809,97.2296,2004469
2015-01-08,97.3344,98.8424,97.3344,98.8424,1874256
2015-01-09,98.6607,98.6607,97.4415,98.0641,1151011
2015-01-12,97.7395,97.9363,96.5584,96.5584,1973111
2015-01-13,96.3714,96.3714,95.3388,95.3388,1916165
2015-01-14,95.6196,96.3156,95.6196,96.3156,2568018
2015-01-15,96.1778,96.1778,95.7995,95.8671,1579009
2015-01-16,95.6015,95.6015,94.0373,94.5831,1292838
2015-01-19,94.6056,95.2045,94.4684,94.6507,964691
2015-01-20,94.7575,95.2140,94.6354,95.2140,1761435
2015-01-21,95.2067,96.1591,95.1915,95.1915,1558951
2015-01-22,95.7348,97.2461,95.7348,97.2461,2811168
2015-01-23,97.3499,98.8696,97.3499,98.5454,1424640
2015-01-26,98.2732,98.4901,96.5724,96.5724,2018169
2015-01-27,96.4322,96.4581,95.5103,96.1502,1274821
2015-01-28,95.8881,95.8881,94.3436,94.5198,1316465
2015-01-29,94.4391,94.4949,93.7039,93.8876,1081947
2015-01-30,94.0565,94.7454,93.6370,94.3854,1010061
2015-02-02,94.1136,94.2259,93.3173,93.5468,1643682
2015-02-03,93.5664,93.8639,93.0803,93.6530,913947
2015-02-04,93.5784,93.7141,92.6333,93.2448,924871
2015-02-05,93.2690,93.9163,93.2690,93.4017,1189730
2015-02-06,93.6417,94.4461,93.5674,94.4217,1217946
2015-02-09,94.4227,94.8476,94.0755,94.4396,855097
2015-02-10,94.5794,95.4226,94.1359,95.4226,1409751
2015-02-11,95.4934,96.5075,95.4934,96.0891,1122870
2015-02-12,96.0295,96.4004,95.3738,95.3738,1254301
2015-02-13,95.3625,95.9277,95.2801,95.2801,661349
2015-02-16,95.5699,96.8537,95.5699,96.2320,1744617
2015-02-17,96.4048,97.7815,96.4048,97.3074,1626546
2015-02-18,97.4835,98.1316,97.3434,97.9595,1051268
2015-02-19,97.9572,98.3705,97.6573,97.9498,733443
2015-02-20,98.2335,99.8120,98.2335,99.5165,1614467
2015-02-23,99.4930,99.7235,99.2482,99.3341,1374665
2015-02-24,99.4284,100.3669,99.2090,100.3669,1718928
2015-02-25,100.5683,101.7297,100.4006,101.7297,1671328
2015-02-26,101.7064,101.7064,100.4475,101.2985,1543734
2015-02-27,101.1612,101.4998,100.5202,100.8512,2090873
2015-03-02,100.8021,100.8276,99.8862,99.8862,1688108
2015-03-03,99.9175,100.3633,99.6437,100.3633,1017287
2015-03-04,99.8607,99.8607,98.6493,98.6493,1811359
2015-03-05,99.4535,101.3066,99.2295,101.0084,2801516
2015-03-06,101.0975,102.6048,99.7822,102.6048,1317094
2015-03-09,102.1650,102.8504,99.0345,100.7241,851973
2015-03-10,100.6801,100.9657,98.6517,100.4625,658660
2015-03-11,99.0498,99.0498,95.1136,96.3496,2199291
2015-03-12,96.1218,96.5207,93.3949,93.3949,1557194
2015-03-13,93.1119,93.5220,90.7259,91.8678,1627270
2015-03-16,91.7821,92.5214,89.5471,91.4373,690833
2015-03-17,91.2726,91.8203,90.0402,90.1264,1153618
2015-03-18,89.9549,90.7973,89.0855,89.2865,1535417
2015-03-19,89.4579,90.1655,88.2203,90.1655,1356202
2015-03-20,90.3256,92.8516,90.1849,92.8516,1384686
2015-03-23,93.3109,96.8988,93.3109,96.8988,1534439
2015-03-24,97.1082,97.9840,95.9598,97.5848,1119921
2015-03-25,96.8847,98.3781,94.6190,94.6190,1958037
2015-03-26,95.7879,98.0616,95.7879,98.0616,3750844
2015-03-27,97.8622,97.8622,95.9305,96.9959,885748
2015-03-30,97.5739,103.6357,97.5739,102.8023,1949500
2015-03-31,102.4289,103.7921,101.1579,101.5751,1226300
2015-04-01,102.1715,104.5569,101.9052,103.7053,1606083
2015-04-02,103.9183,107.5528,103.9183,105.9025,1628698
2015-04-03,105.9020,106.1352,104.0705,105.8998,1139984
2015-04-06,105.6974,106.5598,104.7135,104.7565,1304316
2015-04-07,104.8179,105.9381,103.7258,105.0006,714837
2015-04-08,104.8572,106.5243,104.2311,104.2311,1692392
2015-04-09,104.6803,106.0950,104.1924,105.6075,1367624
2015-04-10,105.5438,106.7660,104.4164,105.1454,945842
2015-04-13,103.9578,104.4655,101.6950,101.6950,2811201
2015-04-14,101.9418,104.1413,101.9418,103.6039,1107918
2015-04-15,104.0301,107.4989,103.9084,107.4989,2101340
2015-04-16,108.5222,115.2134,107.9919,112.9451,3407453
2015-04-17,112.2831,112.2831,109.4694,109.4694,2265306
2015-04-20,109.5632,110.9072,107.4403,110.4159,1310683
2015-04-21,110.5707,113.1431,110.5707,112.1826,1097103
2015-04-22,110.6029,110.6029,105.8389,106.7620,2388042
2015-04-23,106.8836,109.2346,106.8836,107.5038,1101904
2015-04-24,107.4122,107.9972,106.8773,107.1622,962190
2015-04-27,107.0611,107.0611,104.6623,105.9172,1170309
2015-04-28,106.2348,107.8830,106.2348,107.2413,760100
2015-04-29,107.7693,109.6775,107.4354,109.6775,1246429
2015-04-30,110.5499,113.4776,110.5499,113.4776,2084148
2015-05-01,113.7589,115.7915,113.7589,115.1539,947542
2015-05-04,115.4531,119.0374,115.4531,119.0374,1863314
2015-05-05,119.0886,119.4173,117.6294,119.4173,844794
2015-05-06,118.4322,118.4322,115.3900,116.4560,1266178
2015-05-07,117.1274,119.3155,116.4635,119.3155,1683237
2015-05-08,119.1256,119.1256,118.5401,118.5401,1199509
2015-05-11,118.6652,121.2918,118.6652,120.7681,1559320
2015-05-12,120.6807,120.6807,119.5324,119.5324,1082087
2015-05-13,119.3462,120.5660,118.9702,118.9702,1544592
2015-05-14,119.0896,119.4198,118.1401,119.4198,677875
2015-05-15,119.4717,120.0637,118.7428,120.0637,904053
2015-05-18,120.0366,120.5681,119.8902,119.8902,717596
2015-05-19,119.9071,121.2970,119.7322,119.9813,901840
2015-05-20,119.8307,120.0006,119.0341,119.2157,1771666
2015-05-21,119.3139,120.7663,119.3139,120.3501,1188102
2015-05-22,120.7710,121.9724,120.6156,121.6369,1663555
2015-05-25,121.6567,122.4858,120.7161,121.7629,908541
2015-05-26,121.1729,121.1729,118.6307,118.8244,2794520
2015-05-27,118.7500,119.3414,118.2423,118.4853,1126509
2015-05-28,118.7304,120.6882,118.6089,120.6882,2125918
2015-05-29,120.6200,121.2321,119.9827,120.2948,1086062
2015-06-01,120.3341,120.5856,119.5374,120.5856,1076631
2015-06-02,120.4804,120.4804,119.0660,120.1882,1092343
2015-06-03,120.4121,121.1941,119.9113,121.0516,1090863
2015-06-04,121.2362,122.1885,120.8707,121.7184,1256169
2015-06-05,121.9269,122.4760,121.4767,122.4760,841655
2015-06-08,121.7884,121.7884,118.5282,118.5282,1199082
2015-06-09,119.7833,123.0187,119.7833,122.8415,2518749
2015-06-10,121.9953,122.1586,119.0013,119.0013,1360007
2015-06-11,118.8907,119.4856,116.5140,118.6303,908207
2015-06-12,118.8296,121.1805,118.5967,120.4325,1241897
2015-06-15,120.2326,121.2763,116.5281,118.0512,1221032
2015-06-16,118.4548,120.8852,117.5140,120.8852,1468413
2015-06-17,120.2172,120.2172,116.7562,118.4146,2274324
2015-06-18,118.2206,118.4034,115.7150,116.8860,1148572
2015-06-19,117.0342,118.7122,117.0342,117.8692,1153068
2015-06-22,117.8157,119.2963,117.0892,117.4133,1529318
2015-06-23,117.4985,120.2712,117.4985,117.8568,1059330
2015-06-24,117.6582,117.6582,113.2701,114.7778,2034424
2015-06-25,114.6617,114.6617,112.8529,112.8529,948522
2015-06-26,112.6156,113.9699,111.7859,111.7859,1170758
2015-06-29,112.0387,113.5832,111.0539,113.5832,1576342
2015-06-30,113.0286,113.0286,110.0465,110.7322,1185934
2015-07-01,110.7281,111.1053,109.4640,110.7105,585654
2015-07-02,111.1393,112.5392,111.0613,112.5139,1242740
2015-07-03,113.0418,116.7517,113.0418,116.7517,2221060
2015-07-06,117.0880,119.3478,116.2495,119.3478,1386031
2015-07-07,119.5732,120.2953,118.5756,120.0987,1140202
2015-07-08,120.0193,121.2164,119.7484,119.7717,910822
2015-07-09,119.9926,122.4365,119.5928,121.5584,1760853
2015-07-10,121.1838,123.0663,120.4069,120.4069,1139627
2015-07-13,120.4028,121.0022,119.3704,120.3607,1242652
2015-07-14,120.5739,121.7014,120.3622,121.0605,1309861
2015-07-15,121.0354,121.0354,119.9425,120.7015,909945
2015-07-16,120.9753,121.6004,120.2157,121.6004,1585815
2015-07-17,121.7124,122.5206,120.7914,122.3793,2151355
2015-07-20,122.5797,124.7609,122.5797,124.5933,2370801
2015-07-21,124.3088,124.5467,123.2138,123.2138,1782011
2015-07-22,123.2952,124.7225,123.2952,124.4116,1329695
2015-07-23,124.4098,125.2286,123.5990,124.3974,928510
2015-07-24,124.2581,125.1379,123.5386,123.7124,1413507
2015-07-27,123.5548,123.5548,122.7704,122.7704,1728856
2015-07-28,122.6673,122.6673,121.1480,121.2616,2587913
2015-07-29,120.9361,121.1991,119.2219,119.2219,2051766
2015-07-30,119.1344,119.4720,118.2409,118.8438,1009464
2015-07-31,118.8542,118.8819,117.4692,118.8819,1101019
2015-08-03,118.3191,118.3191,116.4200,116.9963,1178020
2015-08-04,117.2087,117.8237,117.2087,117.7884,1277535
2015-08-05,117.6988,118.1291,116.8590,117.4425,1018230
2015-08-06,117.4333,118.5642,117.1453,117.3547,955646
2015-08-07,117.6887,119.3385,117.6887,119.1784,2091436
2015-08-10,119.0048,119.9532,117.8111,117.8111,1635240
2015-08-11,118.0657,119.8539,118.0657,118.6617,1647267
2015-08-12,118.6284,118.6284,117.5883,118.1574,1141125
2015-08-13,118.2658,118.6632,117.7552,118.6179,1146363
2015-08-14,118.6384,118.6891,117.6282,118.6891,1004201
2015-08-17,118.9854,120.5310,118.7884,120.2888,1846996
2015-08-18,120.3485,121.2410,119.8197,120.5564,929028
2015-08-19,120.5062,121.2114,119.9545,119.9982,1113746
2015-08-20,120.2345,120.7354,119.4585,120.7354,1277219
2015-08-21,121.0000,122.1343,120.7984,122.1343,1402251
2015-08-24,122.1110,122.9370,122.0562,122.0562,798940
2015-08-25,121.8989,121.9475,121.0476,121.0476,1064203
2015-08-26,122.1678,125.2578,122.1678,125.2578,3244223
2015-08-27,125.0122,126.0876,124.4667,124.4667,1672517
2015-08-28,124.4326,124.9896,123.6130,124.0435,843200
2015-08-31,124.0835,124.6028,123.6255,124.1902,692610
2015-09-01,123.4198,123.6421,121.8228,121.8228,1909882
2015-09-02,121.6812,122.2086,121.3358,121.3358,1083159
2015-09-03,121.1697,121.6931,120.2460,120.4367,1322465
2015-09-04,120.5437,120.7511,119.9957,120.7511,948264
2015-09-07,120.8012,121.4806,120.5197,121.1181,1250875
2015-09-08,121.1794,121.4172,120.6852,121.3149,1246243
2015-09-09,121.5752,123.1532,121.5752,123.0157,1158021
2015-09-10,122.8520,123.3546,122.0253,122.1795,1047667
2015-09-11,122.0777,122.7024,121.3128,121.3128,858777
2015-09-14,121.3317,122.5215,121.3317,121.4360,635699
2015-09-15,121.1636,121.1636,120.0272,120.4940,1286274
2015-09-16,120.9649,122.1687,120.8783,122.1687,2214867
2015-09-17,122.0989,122.2080,121.1047,121.1047,1317729
2015-09-18,121.2504,123.2707,121.2189,122.4369,2380136
2015-09-21,122.6141,124.3823,122.6141,123.1756,1211865
2015-09-22,123.2029,123.8584,122.8232,123.5682,1773081
2015-09-23,123.4197,123.7544,122.9634,123.0765,1374892
2015-09-24,122.9536,122.9536,121.1823,121.8223,1158946
2015-09-25,121.8623,122.8022,121.8623,122.1241,1412534
2015-09-28,122.3668,123.0344,121.8016,123.0344,1115781
2015-09-29,123.6181,125.8976,123.5685,125.8976,2200118
2015-09-30,126.1888,128.1499,126.1888,126.8823,1033588
2015-10-01,126.8003,126.8318,125.9496,126.5026,713451
2015-10-02,126.4410,126.5026,125.9520,126.1468,1328221
2015-10-05,126.1686,126.8279,125.8013,126.3208,760119
2015-10-06,126.3551,127.3636,125.8700,126.5971,880148
2015-10-07,126.6767,127.4754,126.4101,126.9710,1491587
2015-10-08,127.8694,129.9520,127.8694,129.8279,3186387
2015-10-09,129.4122,129.4122,126.8975,128.3075,2341474
2015-10-12,128.3448,129.6327,128.3448,128.5362,1025204
2015-10-13,128.0626,128.3292,127.1530,127.1530,1867769
2015-10-14,127.3013,128.0058,126.2079,127.6305,816852
2015-10-15,127.4860,127.4860,125.7848,125.7848,1228676
2015-10-16,126.0913,127.8946,126.0913,126.6802,769104
2015-10-19,126.7672,127.9942,126.7672,127.9942,1272232
2015-10-20,127.9432,127.9683,126.6238,127.5438,1101805
2015-10-21,127.4750,128.3985,126.7573,126.7573,1099484
2015-10-22,126.1312,126.2421,124.5920,124.5920,1851177
2015-10-23,124.6208,124.7325,123.5130,124.7325,788346
2015-10-26,124.6623,125.5810,124.4356,124.4356,879384
2015-10-27,124.5350,125.7244,124.3582,125.2925,1457849
2015-10-28,125.5355,126.6507,124.8217,126.6507,1240359
2015-10-29,127.1726,128.3767,127.1057,128.3767,2430298
2015-10-30,128.6571,130.3501,128.6571,129.3176,1371118
2015-11-02,129.3012,129.5296,128.6092,129.2495,793269
2015-11-03,129.4428,131.1139,129.4428,130.5060,1016021
2015-11-04,130.5963,131.3073,130.0281,131.2191,1330863
2015-11-05,130.8053,130.9801,129.6326,129.6326,1595064
2015-11-06,129.6800,130.4518,129.3163,130.1456,1220372
2015-11-09,130.4556,131.5586,130.2221,131.3995,1310663
2015-11-10,131.3874,132.5635,131.2158,131.2487,1306149
2015-11-11,130.8600,130.9337,129.1424,129.4399,2436165
2015-11-12,129.1584,129.1584,128.0680,128.2703,2131058
2015-11-13,127.6334,127.6334,126.2911,126.2911,1669482
2015-11-16,126.2218,126.3280,125.3410,125.4028,2286521
2015-11-17,125.6182,126.4267,125.6182,126.3222,1207660
2015-11-18,126.7732,129.1602,126.7732,129.1602,1797665
2015-11-19,128.6067,129.3554,127.1954,127.3813,1721691
2015-11-20,126.9892,128.3241,126.2395,126.2395,1252839
2015-11-23,125.7896,125.7896,124.2639,124.2639,2352777
2015-11-24,123.8379,123.8379,121.9541,122.3995,1418151
2015-11-25,122.7021,123.9626,122.5801,123.4640,2765970
2015-11-26,123.2532,123.2532,121.5734,121.5734,1883788
2015-11-27,121.7295,122.4212,121.1742,122.2903,1639740
2015-11-30,123.1098,124.9792,123.1098,124.9792,1856431
2015-12-01,125.2061,125.6610,125.2061,125.6610,1417609
2015-12-02,125.7554,126.2357,124.8958,126.2357,1485877
2015-12-03,126.0783,126.0783,124.6784,124.9964,881372
2015-12-04,125.0052,125.4549,124.5334,125.0355,1141424
2015-12-07,124.8085,124.8085,123.4942,123.9146,1902602
2015-12-08,123.8407,123.8407,122.8629,122.8629,1517361
2015-12-09,123.2119,123.9607,122.4120,123.9607,1598367
2015-12-10,123.5144,124.9555,122.1924,122.1924,1627581
2015-12-11,122.2479,122.9857,122.2479,122.8195,906932
2015-12-14,122.6524,122.6524,120.6650,121.1218,2165596
2015-12-15,121.0039,121.1549,119.1029,119.1029,2265334
2015-12-16,119.1845,120.4175,118.7257,120.4175,1047294
2015-12-17,120.4211,121.3800,120.2355,120.4415,774894
2015-12-18,120.3852,120.7421,119.4563,119.8177,1213024
2015-12-21,119.8854,121.2956,119.8854,120.5106,953132
2015-12-22,120.6161,121.1356,119.9473,121.1356,835943
2015-12-23,121.2352,122.3357,120.8120,122.3357,1830208
2015-12-24,122.6610,123.7337,122.0475,123.4493,1303194
2015-12-25,123.3777,124.5752,123.2102,123.2102,1034907
2015-12-28,124.4513,127.2095,124.4513,127.2095,2644310
2015-12-29,127.5622,128.9264,127.3109,128.8185,2632283
2015-12-30,129.0590,131.5035,129.0590,130.3359,1573905
2015-12-31,130.5181,131.0528,129.7650,130.9882,1411707
2016-01-01,130.7146,131.0502,129.8688,130.1683,1048631
2016-01-04,130.0624,130.4946,129.6601,129.6601,1075532
2016-01-05,130.0743,131.4718,129.1163,131.4718,1678341
2016-01-06,131.4133,132.0371,130.4154,130.4154,1605775
2016-01-07,131.1161,133.0043,130.9842,132.8706,1856363
2016-01-08,132.9500,133.2207,132.3372,133.1156,755880
2016-01-11,133.1697,133.7553,132.9213,133.7553,1481258
2016-01-12,133.7033,134.8054,133.4469,133.4469,891377
2016-01-13,133.3719,133.3719,131.9788,132.9243,1092694
2016-01-14,132.9701,133.3217,132.0902,133.3217,1236211
2016-01-15,133.4943,135.0131,133.4943,134.2984,992805
2016-01-18,134.7504,135.6853,133.8747,135.6853,1800113
2016-01-19,135.6641,136.4654,135.6229,135.6229,1343047
2016-01-20,135.5108,135.6789,133.9111,134.7051,1170005
2016-01-21,135.4252,137.9576,135.4252,137.7112,3865865
2016-01-22,137.5919,137.9466,136.4527,136.4527,2035587
2016-01-25,136.3937,137.3260,136.0293,136.0293,1327627
2016-01-26,135.6724,136.3865,134.4244,134.4244,1669827
2016-01-27,134.4916,135.5674,134.4916,135.5674,1701457
2016-01-28,135.7353,136.9657,135.3862,136.9418,1909879
2016-01-29,136.8725,136.9705,135.9048,136.2657,845761
2016-02-01,135.8316,135.8605,133.5421,133.8031,3553020
2016-02-02,133.5125,133.5125,131.7068,131.7068,1883360
2016-02-03,132.4733,135.0753,132.4733,134.0051,2216965
2016-02-04,133.9969,135.0803,133.9137,133.9222,702311
2016-02-05,134.2127,135.4984,134.2127,134.7705,921055
2016-02-08,134.6116,134.6116,133.6498,133.9960,1271732
2016-02-09,133.7722,133.9098,132.7370,132.8575,2027863
2016-02-10,132.6342,132.7357,131.4958,131.8629,1313566
2016-02-11,132.4617,133.8841,132.4617,133.7255,1546787
2016-02-12,133.6412,133.6412,132.2551,132.4559,1334343
2016-02-15,132.4200,132.6032,131.7638,131.8262,1311189
2016-02-16,131.9752,132.7435,131.2027,132.7435,1270073
2016-02-17,132.7001,132.7001,132.2326,132.4841,1131304
2016-02-18,132.2981,133.1150,131.8199,131.8199,1467079
2016-02-19,131.8951,132.7407,131.8420,132.2220,779623
2016-02-22,132.4404,134.2826,132.4404,134.2826,2148745
2016-02-23,133.8898,134.2143,132.6014,132.7574,1287044
2016-02-24,132.4680,132.4680,131.0774,131.9258,852102
2016-02-25,131.9414,132.7300,131.4515,131.9897,784119
2016-02-26,132.4577,133.6549,132.3037,133.6549,2172048
2016-02-29,134.1878,135.2418,133.4404,135.2418,1254875
2016-03-01,135.6209,137.4612,135.6209,136.5098,873888
2016-03-02,137.1917,138.7529,137.1917,138.5987,1172688
2016-03-03,138.6224,139.6550,138.5890,138.9095,883487
2016-03-04,138.5566,138.5566,136.8635,137.8485,1270165
2016-03-07,137.7726,137.9048,136.4707,137.6242,596530
2016-03-08,138.1292,139.8884,138.1292,139.7025,1243253
2016-03-09,139.6745,140.4268,139.0832,139.3180,883607
2016-03-10,139.4701,140.3583,138.3528,140.3583,1292957
2016-03-11,141.1199,143.3042,141.1199,143.3042,1502943
2016-03-14,143.3765,143.8608,142.4594,143.8608,1539051
2016-03-15,143.8763,145.3774,143.4450,143.9790,1860941
2016-03-16,144.0685,144.7981,143.9778,144.5283,925845
2016-03-17,144.8533,146.7555,144.8533,146.3522,1034292
2016-03-18,146.4907,147.2317,146.1513,147.2317,1050251
2016-03-21,147.2217,148.2455,147.0979,147.1690,1286137
2016-03-22,147.0169,147.0852,146.5089,146.6665,1436603
2016-03-23,146.6536,146.9920,145.3617,146.5144,741721
2016-03-24,146.1946,146.1946,145.2999,145.4164,1614250
2016-03-25,145.2504,145.6534,144.5298,144.8074,875742
2016-03-28,144.8329,145.0701,143.5813,145.0701,992788
2016-03-29,144.9591,145.1307,144.4302,144.4454,868829
2016-03-30,144.6660,146.9287,143.8532,145.4597,1447195
2016-03-31,145.2589,145.2589,143.0941,144.0902,1218669
2016-04-01,143.5417,143.5417,141.8323,142.3541,691619
2016-04-04,141.3232,142.4406,135.2781,137.4170,2238036
2016-04-05,137.1951,140.0972,135.5377,135.9437,1171096
2016-04-06,134.3837,135.8556,130.2040,130.2040,2635024
2016-04-07,129.7792,132.1507,127.8923,127.8923,1355241
2016-04-08,127.9643,130.5654,127.9643,129.0657,1194491
2016-04-11,127.3229,127.3229,122.0288,122.6330,2153643
2016-04-12,122.5694,123.2872,120.9442,122.2175,1093707
2016-04-13,121.7183,121.7183,118.4380,118.4380,1780598
2016-04-14,118.9968,123.6215,118.9968,121.1939,2356587
2016-04-15,122.2998,127.2728,122.0080,126.8791,2197993
2016-04-18,126.9211,129.2324,126.9211,127.2521,1179268
2016-04-19,127.2340,127.7045,125.3371,127.1433,799533
2016-04-20,127.1292,129.2806,126.6446,127.0930,1085835
2016-04-21,126.7722,127.0348,125.8259,125.9944,843254
2016-04-22,125.5303,126.8614,123.8464,123.8464,1492362
2016-04-25,124.5939,126.8787,124.0733,126.1035,1629919
2016-04-26,126.0932,126.4809,124.9348,125.9334,1074674
2016-04-27,125.7884,125.7884,122.6702,125.4286,929175
2016-04-28,125.1677,125.1677,121.5329,122.9597,1332415
2016-04-29,121.0415,121.2149,116.9605,116.9605,1792548
2016-05-02,116.9905,117.9289,115.2304,117.4055,997374
2016-05-03,116.9694,116.9694,112.2399,112.2399,2614312
2016-05-04,112.2860,114.1098,112.2860,112.3886,889155
2016-05-05,112.0845,112.2325,109.8539,111.0153,1254858
2016-05-06,111.1866,112.6202,110.9758,112.2675,1323989
2016-05-09,113.1418,117.4807,113.1418,116.5573,1457505
2016-05-10,116.7155,117.5380,116.1538,117.0644,2136763
2016-05-11,116.8773,117.6530,115.9137,115.9137,926460
2016-05-12,115.8972,116.4967,115.7317,115.8336,1127426
2016-05-13,115.5173,115.5345,113.8653,114.2101,1586110
2016-05-16,113.6963,113.9795,112.6475,112.7019,2393991
2016-05-17,112.5342,112.7105,111.9931,111.9931,2105487
2016-05-18,111.7412,111.7412,110.3667,111.1727,2126896
2016-05-19,111.2046,111.4601,110.9651,111.3464,949926
2016-05-20,111.4471,112.2360,110.9350,112.2360,990925
2016-05-23,112.7221,114.1519,112.6097,113.8319,1123029
2016-05-24,113.9594,115.4037,113.8814,114.7349,997848
2016-05-25,114.7803,115.2989,114.7554,114.9420,1476632
2016-05-26,115.6906,117.2698,115.6906,117.2698,1883085
2016-05-27,117.4816,118.3747,117.1365,117.8939,826365
2016-05-30,117.8945,118.2528,117.5907,117.9051,843855
2016-05-31,118.0865,119.9062,118.0865,119.4844,1243994
2016-06-01,119.5263,120.2496,119.0839,119.8667,1358280
2016-06-02,120.1983,122.1325,120.1648,120.9101,1061867
2016-06-03,120.8774,121.9559,120.7140,120.7179,625283
2016-06-06,120.7256,121.2791,120.5222,120.7860,819234
2016-06-07,120.6659,121.3407,119.8046,120.3833,867937
2016-06-08,120.4828,121.5483,120.2077,121.1064,1145276
2016-06-09,121.4391,122.8763,121.4391,122.7225,1889168
2016-06-10,122.8637,123.4782,122.8637,123.1322,741075
2016-06-13,123.2234,124.5952,122.9977,124.0569,1111266
2016-06-14,124.0989,124.5326,123.5693,124.2608,725121
2016-06-15,124.2581,124.6378,123.5876,124.2512,947965
2016-06-16,124.2403,124.4748,124.0149,124.1436,498269
2016-06-17,124.2125,124.7840,122.5903,124.5032,532241
2016-06-20,125.2646,127.3391,124.5719,127.3391,1682646
2016-06-21,127.3355,127.5269,126.8007,127.2932,901341
2016-06-22,126.9866,126.9866,125.2298,125.4121,1727300
2016-06-23,125.1968,125.2181,124.1049,124.3213,1288611
2016-06-24,124.2980,124.5915,123.4610,124.2027,948716
2016-06-27,124.1810,124.1810,123.2785,123.8456,1199258
2016-06-28,123.8061,123.8061,122.2353,123.3767,865930
2016-06-29,123.4786,124.8791,123.4786,123.9896,1351509
2016-06-30,124.0547,124.5067,122.9780,124.2962,1177993
2016-07-01,124.4211,124.9112,123.9685,124.9112,1331204
2016-07-04,124.0618,124.0618,121.1929,121.3942,3465331
2016-07-05,121.6194,123.2770,121.6194,123.0980,1545160
2016-07-06,122.9503,124.1144,122.3056,122.3056,1692091
2016-07-07,122.4042,123.4272,122.4042,122.8760,1251272
2016-07-08,122.9674,123.6006,122.6044,123.2824,856278
2016-07-11,123.1842,123.1842,121.2708,122.0272,1930277
2016-07-12,121.8236,121.8236,119.8983,120.6542,1455008
2016-07-13,120.4417,120.4417,119.5278,119.6912,1558867
2016-07-14,119.6516,119.8993,118.8018,118.9992,1056641
2016-07-15,119.0234,120.0199,118.9431,119.2641,827670
2016-07-18,118.8997,118.8997,116.9621,117.4501,2770169
2016-07-19,117.3710,117.8523,117.1294,117.1294,835498
2016-07-20,117.3280,118.2499,117.2895,117.9663,1558980
2016-07-21,118.5020,119.6388,118.1758,119.6388,1761225
2016-07-22,119.2091,119.2555,118.0091,118.1368,1224158
2016-07-25,117.6441,117.6441,116.1576,116.4718,1724897
2016-07-26,116.4546,116.8079,114.8722,116.2917,998660
2016-07-27,116.4498,117.1693,116.3576,116.8314,1716181
2016-07-28,116.1974,116.2020,114.5145,115.0009,1756073
2016-07-29,114.6474,115.4748,113.7979,113.7979,1385501
2016-08-01,113.7351,114.3456,112.7502,113.3007,879239
2016-08-02,113.3897,115.0417,113.3897,115.0417,2453436
2016-08-03,115.0362,115.5312,114.4448,115.0216,690886
2016-08-04,115.0715,115.4311,114.3223,115.3692,868192
2016-08-05,115.3114,115.3114,113.7965,114.2347,1392097
2016-08-08,113.8413,113.8413,112.3990,112.3990,1948445
2016-08-09,112.2974,112.2974,111.4111,111.5593,1096878
2016-08-10,111.7384,112.6757,111.7384,112.4659,1282488
2016-08-11,112.4386,112.4386,111.0472,111.9944,907414
2016-08-12,112.0264,112.3715,112.0264,112.2975,1231037
2016-08-15,112.2822,112.4828,111.9056,112.2392,817340
2016-08-16,111.9204,112.1060,110.1844,111.1002,1196941
2016-08-17,110.4341,110.7576,108.8459,108.8459,2064531
2016-08-18,108.5342,108.5342,107.3566,107.8475,783065
2016-08-19,107.6758,107.6758,106.5107,106.5571,2194903
2016-08-22,106.6828,107.2805,106.5805,107.2805,1469722
2016-08-23,107.5304,108.3742,107.5304,108.2473,1459882
2016-08-24,108.4143,109.4632,108.2152,108.9435,1286816
2016-08-25,109.0353,109.4642,109.0353,109.3534,963573
2016-08-26,109.4035,110.1608,109.4035,110.1608,1014021
2016-08-29,110.1440,110.1440,109.2747,109.9474,944449
2016-08-30,109.9096,110.8503,109.7335,109.7335,849394
2016-08-31,109.6039,109.6558,108.8356,109.0949,1304935
2016-09-01,109.1681,109.5485,108.5703,109.5485,1359994
2016-09-02,109.8138,110.6750,109.2683,110.3179,2137602
2016-09-05,110.2932,111.1221,110.1853,110.1853,1199259
2016-09-06,110.7121,112.0963,110.1181,112.0963,3018362
2016-09-07,111.9342,111.9342,109.5468,110.2328,1814793
2016-09-08,110.3267,110.9240,110.0767,110.5217,1381810
2016-09-09,110.4288,110.4288,109.0388,109.7603,1141007
2016-09-12,109.6157,109.9326,108.6064,109.1379,1330972
2016-09-13,109.1951,109.4717,108.6679,109.4509,869009
2016-09-14,109.4201,109.8177,108.2889,109.0712,1226279
2016-09-15,109.0737,109.6940,109.0737,109.1154,914575
2016-09-16,109.0119,109.5199,108.1386,108.1386,1230324
2016-09-19,107.9820,108.4845,106.5649,106.5649,1557027
2016-09-20,106.3208,106.3208,105.0367,105.0367,1720186
2016-09-21,105.1530,106.4226,105.1530,106.1150,1216704
2016-09-22,106.1317,106.4336,105.5946,106.1875,881118
2016-09-23,106.1682,106.1694,105.0285,106.0436,1153405
2016-09-26,106.3714,107.8732,106.3714,107.7687,1873795
2016-09-27,107.6845,108.5521,107.1479,107.3729,1108346
2016-09-28,107.7764,110.7007,107.7764,109.8269,1208732
2016-09-29,109.4782,109.4782,106.0287,106.0497,1165220
2016-09-30,106.6882,109.8180,106.6882,109.8180,2039995
2016-10-03,110.5431,114.9957,110.5431,114.9957,2559378
2016-10-04,114.9612,115.1735,113.4037,114.8149,1476160
2016-10-05,115.1522,118.0332,113.7972,117.8062,1291484
2016-10-06,117.8170,118.3258,117.4401,117.8397,1059130
2016-10-07,118.0071,118.4120,116.9702,118.3448,1529344
2016-10-10,118.3969,118.7966,118.1827,118.4951,1150161
2016-10-11,118.4943,119.1157,118.3154,118.4895,1046412
2016-10-12,118.2195,118.3636,116.9329,116.9329,1627742
2016-10-13,116.4717,116.4717,115.2650,115.2650,2077793
2016-10-14,115.6777,116.9580,115.6777,116.6881,1370044
2016-10-17,116.8944,117.8161,116.7517,117.7650,1045442
2016-10-18,117.9015,118.8236,117.7153,118.8236,1570061
2016-10-19,118.8473,120.0024,118.8473,118.8957,650459
2016-10-20,118.5777,119.3679,117.8612,117.8612,1619376
2016-10-21,118.3530,120.2251,117.9700,120.2251,2046834
2016-10-24,120.3709,120.9826,120.3709,120.6787,1221904
2016-10-25,120.7595,121.7307,120.7595,121.1054,1105633
2016-10-26,120.9260,121.2095,120.1803,120.1803,1322971
2016-10-27,120.1224,120.5668,119.1590,119.1595,977190
2016-10-28,118.8154,118.8154,117.8748,117.8748,1760496
2016-10-31,117.7491,117.7491,115.7542,115.9382,1979821
2016-11-01,115.9709,116.3033,114.8194,116.3033,759063
2016-11-02,116.4590,117.5723,116.3332,116.8496,593752
2016-11-03,116.9600,117.7223,116.4285,117.2996,1496062
2016-11-04,117.1702,117.8392,116.0645,116.8272,1706510
2016-11-07,116.4591,116.4591,115.2393,115.5971,2034612
2016-11-08,115.8317,116.9732,115.7216,116.9691,1839439
2016-11-09,116.9936,117.7564,116.5973,117.3349,1184278
2016-11-10,117.0940,117.0940,114.9944,115.6197,2218791
2016-11-11,115.5820,115.7509,115.0348,115.4862,736137
2016-11-14,115.5860,116.0604,114.8233,116.0604,843207
2016-11-15,116.0661,116.9619,115.9488,116.0793,492092
2016-11-16,116.3191,118.0276,116.3191,116.8083,1552061
2016-11-17,117.2560,118.2106,116.0187,118.2043,1263169
2016-11-18,118.2305,118.7889,118.1058,118.3141,696213
2016-11-21,118.2016,118.7683,117.4832,117.4832,1252582
2016-11-22,117.3264,117.7716,115.6981,115.6981,2566655
2016-11-23,115.7585,116.9559,115.7585,116.6073,1219974
2016-11-24,116.8795,117.7202,116.7176,117.4400,1142564
2016-11-25,117.8171,119.8172,117.8171,119.1827,1226521
2016-11-28,119.4020,120.3452,119.2438,120.1367,1228011
2016-11-29,119.8732,119.8732,118.3572,119.1074,1021880
2016-11-30,118.8354,119.4061,117.9004,117.9004,1330129
2016-12-01,118.0216,119.4638,118.0216,119.1454,1741675
2016-12-02,119.1781,120.4241,119.1781,119.4211,1112977
2016-12-05,119.4764,120.1249,119.3307,119.6472,699752
2016-12-06,119.3660,119.4799,117.2532,117.9347,1240193
2016-12-07,118.1232,118.8977,117.0167,118.8718,891406
2016-12-08,118.8478,119.4685,117.8786,118.6451,727797
2016-12-09,118.7186,119.9851,118.6630,119.9851,1658473
2016-12-12,119.3107,119.3107,117.7976,117.7976,2867314
2016-12-13,118.3455,119.7251,118.3455,119.3729,1587085
2016-12-14,119.4013,120.5777,118.9741,119.5725,879848
2016-12-15,119.5126,119.5126,118.1654,118.6377,1265038
2016-12-16,118.6936,119.3901,118.3377,119.3901,1716677
2016-12-19,119.3414,119.4183,118.1158,118.9879,1355350
2016-12-20,118.8807,119.0956,118.3285,118.6347,1099624
2016-12-21,118.4493,118.6435,117.8648,117.9317,1858153
2016-12-22,117.9393,118.6661,117.7540,117.9588,1157079
2016-12-23,118.0033,118.8202,117.5963,118.2353,924934
2016-12-26,118.3171,118.8673,117.7957,118.6159,912725
2016-12-27,117.8789,117.8789,116.3735,116.4029,1760563
2016-12-28,116.5726,117.6067,116.5726,117.4918,1843431
2016-12-29,117.4365,117.7963,116.4473,116.4473,1474505
2016-12-30,116.5355,117.5998,116.5355,117.5040,1300213
2017-01-02,117.3298,117.3298,115.6848,116.8592,1750391
2017-01-03,117.2049,118.4878,116.5002,118.4878,2455878
2017-01-04,118.4864,118.8109,117.6761,118.4836,720975
2017-01-05,118.3144,118.3144,116.8345,117.5226,1068758
2017-01-06,117.5119,117.5119,116.7549,117.4756,928497
2017-01-09,117.5977,118.6391,117.1465,118.6391,1340574
2017-01-10,118.7346,119.3576,118.6827,119.1600,1077616
2017-01-11,119.0230,119.9050,118.5456,118.6598,1265948
2017-01-12,118.4500,118.4500,117.1941,117.2991,1786395
2017-01-13,117.1536,117.6199,116.2725,116.7867,785002
2017-01-16,116.5083,117.1647,115.9276,115.9276,1286117
2017-01-17,115.9067,116.1154,115.4445,115.7575,1075119
2017-01-18,115.7770,116.6269,115.7770,115.9292,873343
2017-01-19,115.9769,116.2683,115.0400,116.1159,668494
2017-01-20,116.2480,117.5060,116.1223,116.8814,1031631
2017-01-23,116.9070,117.4089,116.4671,116.9580,1045297
2017-01-24,117.1671,118.0214,117.0287,118.0214,2538914
2017-01-25,117.9225,117.9876,117.0581,117.4709,1556093
2017-01-26,117.5366,117.7267,117.0713,117.7267,869075
2017-01-27,117.3978,117.5927,116.6509,116.6509,1141444
2017-01-30,116.5999,117.1841,116.3219,116.4571,508210
2017-01-31,116.5293,117.4713,116.0831,116.9401,837394
2017-02-01,116.9220,117.3594,116.5009,116.8629,618448
2017-02-02,117.1040,118.2357,117.1040,118.2357,1403062
2017-02-03,118.0779,118.5900,117.5330,117.6535,1080409
2017-02-06,117.6110,118.0190,116.9595,117.4227,1220127
2017-02-07,117.5365,118.0536,116.9349,118.0536,1206755
2017-02-08,118.6563,120.3349,118.6563,120.1227,1317086
2017-02-09,120.5625,122.2860,120.5625,121.5365,1911059
2017-02-10,121.5008,122.2136,121.0901,121.2709,697991
2017-02-13,121.1579,121.1579,119.6667,120.4272,706139
2017-02-14,120.4803,121.4169,119.9856,120.6212,899912
2017-02-15,121.1030,122.5410,121.1030,122.5410,1457426
2017-02-16,122.8313,124.3014,122.8313,124.3014,1892749
2017-02-17,124.4058,125.9544,124.4058,124.6074,915306
2017-02-20,124.5347,125.0332,123.7116,124.2824,1398040
2017-02-21,124.4312,126.4962,124.2678,125.3344,1659711
2017-02-22,126.1861,127.9857,126.1861,127.9857,1888052
2017-02-23,128.3379,129.8453,128.3379,129.4901,1980253
2017-02-24,129.2277,129.2277,127.1555,127.6384,1123636
2017-02-27,127.4164,127.7073,126.9930,126.9930,1254214
2017-02-28,126.3146,126.3146,123.0990,123.2167,2937554
2017-03-01,123.6294,124.8134,122.9141,124.7802,2448803
2017-03-02,125.0861,126.3060,125.0861,126.0304,1039943
2017-03-03,125.8813,126.5953,125.3955,125.5436,1239300
2017-03-06,125.0178,125.0433,123.6075,123.6075,1424675
2017-03-07,123.5978,124.3211,123.2809,123.5416,628135
2017-03-08,123.6390,125.0388,123.0727,124.3382,1410177
2017-03-09,124.1419,124.1419,122.7551,123.0077,1582205
2017-03-10,123.4123,126.0610,123.4123,126.0230,3027673
2017-03-13,126.1509,126.4497,125.3398,126.4497,1405656
2017-03-14,126.4133,127.8377,126.2187,126.2187,1272273
2017-03-15,126.1893,126.5695,125.2017,125.6814,1490331
2017-03-16,125.0997,125.1048,123.7717,123.7717,1930193
2017-03-17,124.0967,126.5707,124.0967,126.2174,1741168
2017-03-20,125.9285,125.9285,125.0514,125.3684,840552
2017-03-21,125.3799,126.3667,125.3799,125.4244,916857
2017-03-22,125.3810,125.7504,124.1579,125.2875,741590
2017-03-23,125.6577,126.6013,125.6577,126.6013,1578764
2017-03-24,126.7193,128.0205,126.7193,128.0205,1837237
2017-03-27,128.1980,129.3522,126.7654,129.3522,1707670
2017-03-28,129.3160,129.8230,127.9663,128.7079,1755924
2017-03-29,128.3152,128.4494,127.1271,127.5636,1289559
2017-03-30,127.5008,127.6355,126.3301,126.7005,1279287
2017-03-31,126.2571,126.4217,123.9245,124.2292,1751269
2017-04-03,124.2872,126.0108,124.1175,125.3525,991745
2017-04-04,125.3509,125.7031,124.6937,125.3278,923374
2017-04-05,125.8372,127.0831,125.4734,127.0162,2078257
2017-04-06,127.0726,127.2923,126.7493,127.2923,945673
2017-04-07,127.3670,127.9246,126.4593,127.6893,1019689
2017-04-10,127.9570,129.5583,127.9570,128.5402,1131772
2017-04-11,128.6908,129.8240,128.6908,129.0818,1283810
2017-04-12,129.1511,129.5574,128.5289,129.3450,1214583
2017-04-13,129.0176,129.0176,127.6012,127.7455,1247778
2017-04-14,127.7593,128.5644,127.7593,127.8077,917349
2017-04-17,127.6570,127.6570,126.5123,127.3016,922259
2017-04-18,127.8359,128.9265,127.4781,128.8775,1897068
2017-04-19,128.5148,128.5148,127.0214,127.7176,2061602
2017-04-20,127.7696,128.3256,126.9640,128.0078,832192
2017-04-21,127.9232,128.7589,126.6176,127.7461,989025
2017-04-24,127.4166,127.4166,125.9638,126.0414,1698864
2017-04-25,125.6408,126.0117,124.6898,124.6898,983779
2017-04-26,124.7238,125.1635,124.4469,125.1635,978592
2017-04-27,124.1624,124.1624,122.2133,122.2133,2152340
2017-04-28,122.3068,123.8348,121.3030,122.9260,1071800
2017-05-01,122.5781,122.5781,121.5702,121.8162,1671815
2017-05-02,121.7202,122.3995,120.2062,120.7534,795959
2017-05-03,120.6952,121.3622,120.5071,120.5071,1138886
2017-05-04,120.2362,121.0411,119.6532,119.6532,956699
2017-05-05,119.2636,119.9844,118.0835,118.0835,1200588
2017-05-08,118.0253,118.0253,117.0460,117.6024,862323
2017-05-09,117.8643,118.8636,117.8643,118.3828,1062026
2017-05-10,118.2818,118.2818,117.1237,117.9486,1413655
2017-05-11,118.2901,120.5564,118.2901,119.8404,1514629
2017-05-12,119.4098,119.6488,118.4301,118.5996,1124310
2017-05-15,119.0728,120.6178,119.0728,119.9568,2281038
2017-05-16,119.9363,120.6872,119.5405,119.8614,955286
2017-05-17,119.4170,119.4170,117.7943,118.0294,1348493
2017-05-18,118.1741,118.8968,118.1741,118.7768,1608926
2017-05-19,118.6832,120.2802,118.5076,118.5076,1500650
2017-05-22,119.0386,120.3063,119.0386,120.3063,1704564
2017-05-23,120.1229,120.1229,117.9476,118.2620,2432416
2017-05-24,118.3849,118.9166,117.8951,118.8249,1218439
2017-05-25,118.5111,118.8519,116.9072,117.3302,1327317
2017-05-26,117.2255,117.2255,116.1814,116.3707,1202243
2017-05-29,116.2864,117.1270,115.5725,115.5725,803367
2017-05-30,115.4591,116.0732,115.0107,115.0107,692147
2017-05-31,115.1997,116.1124,115.1997,115.9002,1479843
2017-06-01,116.2677,118.3690,115.7184,118.3690,2514614
2017-06-02,118.2800,118.2800,116.5351,116.8086,1239730
2017-06-05,117.1315,118.0619,117.1315,118.0619,1354160
2017-06-06,118.1332,119.1533,118.1332,118.9509,453355
2017-06-07,119.0305,120.3713,119.0305,119.2494,784245
2017-06-08,119.1761,120.0638,118.8189,118.8677,1393617
2017-06-09,119.3767,120.9281,118.5769,120.9281,1442470
2017-06-12,120.8957,121.3284,120.0204,120.5705,1014068
2017-06-13,119.9582,120.3200,118.6072,118.6072,2124361
2017-06-14,118.2343,118.4792,117.1009,117.1271,750997
2017-06-15,117.2295,118.6280,117.2295,118.6280,849084
2017-06-16,118.6942,119.3447,118.3685,119.2627,879740
2017-06-19,119.3660,119.9342,118.4711,119.9342,1132353
2017-06-20,119.7603,119.7719,118.6854,118.6854,1815676
2017-06-21,117.7695,117.7695,114.7496,114.7565,3960893
2017-06-22,114.8144,115.0294,114.3791,115.0294,937361
2017-06-23,114.6576,114.6576,111.9746,112.3406,2248590
2017-06-26,112.2667,112.2667,111.4684,111.7407,956096
2017-06-27,111.9275,112.3341,111.2493,112.3341,731707
2017-06-28,112.4963,114.0857,112.4963,113.2090,1175328
2017-06-29,113.5705,114.5706,113.5705,114.2589,1276725
2017-06-30,115.4127,119.9106,114.8780,119.9106,1880927
2017-07-03,120.1858,122.7851,118.9533,122.7851,1593087
2017-07-04,122.7366,123.9205,121.4077,122.5576,553941
2017-07-05,122.0631,122.0631,119.8069,120.3948,1401556
2017-07-06,120.5302,122.1273,120.5302,121.7833,1364094
2017-07-07,121.8685,123.0612,121.8685,123.0352,1146898
2017-07-10,122.9699,123.4271,122.3124,122.5228,1204404
2017-07-11,122.3691,122.3963,120.8239,121.5362,1152826
2017-07-12,121.2564,121.7426,119.8458,119.9227,1541136
2017-07-13,120.3499,122.1929,119.9206,122.1929,3089094
2017-07-14,121.7740,121.7740,118.5528,118.6500,2220591
2017-07-17,118.7171,119.2654,118.4427,119.2654,950889
2017-07-18,119.6514,120.9827,119.6463,120.8397,2241256
2017-07-19,120.9695,121.6231,120.9695,121.5164,1155962
2017-07-20,121.9170,122.6913,121.5976,122.6913,1123722
2017-07-21,122.7629,123.0533,121.6381,122.9076,749184
2017-07-24,122.8994,122.8994,121.5247,122.8518,1233097
2017-07-25,122.9470,123.7523,122.7751,123.7523,877563
2017-07-26,124.0691,125.7706,123.6011,125.5969,1497277
2017-07-27,125.6339,126.3365,125.0097,126.0724,1020533
2017-07-28,126.1550,127.0479,126.1550,127.0479,1326336
2017-07-31,127.0081,127.9750,126.7189,126.7189,883180
2017-08-01,126.6724,127.1885,126.2128,126.4408,1122907
2017-08-02,126.7489,128.6065,126.7489,128.6065,1858946
2017-08-03,129.0457,130.6354,128.9801,129.9518,1356037
2017-08-04,130.3438,132.0230,130.3438,131.4108,1400499
2017-08-07,131.6950,133.7797,131.6950,133.3683,1428710
2017-08-08,133.1868,133.7825,132.4884,132.5110,1119926
2017-08-09,132.4354,132.8695,131.8348,132.0852,866624
2017-08-10,131.9505,132.0147,130.4032,131.4126,981163
2017-08-11,132.1128,133.4502,132.1128,133.4502,2203640
2017-08-14,133.3197,133.4322,132.3738,133.0234,1073801
2017-08-15,133.4702,134.8399,133.2825,134.8399,1649893
2017-08-16,134.6990,134.6990,133.4312,133.7062,923910
2017-08-17,133.3363,133.3363,131.5090,131.5090,1908155
2017-08-18,131.4945,131.4945,130.1991,131.3944,1174606
2017-08-21,131.4145,131.8309,130.6269,131.6099,713568
2017-08-22,131.1100,131.5140,129.4985,129.4985,1393654
2017-08-23,129.5225,129.9076,129.5225,129.8625,724738
2017-08-24,129.9698,131.6584,129.7314,130.6157,989070
2017-08-25,130.6978,131.2933,130.0342,131.2933,1128981
2017-08-28,131.7482,132.6102,131.3474,132.6102,869719
2017-08-29,132.9043,135.3203,132.9043,135.3203,1747018
2017-08-30,135.0159,135.0756,134.0536,134.2375,1599456
2017-08-31,134.1509,134.9391,133.8425,133.9272,1389950
2017-09-01,133.8251,134.2650,132.9570,133.5779,638454
2017-09-04,133.5391,133.9392,132.9005,133.3154,847647
2017-09-05,133.2266,133.4535,132.4866,132.9958,1186251
2017-09-06,132.8203,132.9310,132.0626,132.4148,916868
2017-09-07,132.5803,133.6042,132.4353,133.1591,692516
2017-09-08,133.5453,134.5719,132.9700,134.5719,1116882
2017-09-11,133.6726,133.6726,130.8670,131.1815,2412822
2017-09-12,131.1044,131.1771,129.9747,130.9503,975978
2017-09-13,130.6782,131.1477,129.8479,129.8479,1309838
2017-09-14,129.9563,131.0813,129.9563,130.4829,1176754
2017-09-15,130.0452,130.0452,127.9890,128.2170,2157533
2017-09-18,128.2956,129.5779,128.2956,128.8710,1128876
2017-09-19,128.5448,128.5448,126.5245,126.7381,2602319
2017-09-20,127.1335,127.9652,126.5934,127.9652,1352931
2017-09-21,127.5336,127.5336,126.4320,126.4981,2268846
2017-09-22,126.1463,126.1463,124.6270,124.6270,1155459
2017-09-25,124.4869,124.4869,122.9204,123.7599,1949954
2017-09-26,124.0476,125.8661,124.0476,125.1390,1594439
2017-09-27,125.3712,126.0067,124.9982,125.9198,1987247
2017-09-28,125.4426,125.4426,124.0031,124.2368,1486132
2017-09-29,124.5400,125.1593,123.4238,125.1593,1364748
2017-10-02,125.5685,127.3406,125.5685,127.3406,1642624
2017-10-03,127.5545,128.7956,127.1247,128.7956,1120682
2017-10-04,129.0194,131.3564,128.9101,131.3564,1970611
2017-10-05,131.2694,132.3588,130.4583,130.9243,1391733
2017-10-06,130.4248,131.3062,129.4669,129.4669,1457061
2017-10-09,130.0720,131.4447,129.8168,131.4447,2364120
2017-10-10,131.3762,132.3781,130.9523,131.1822,922987
2017-10-11,131.1922,132.0019,131.1922,131.2772,728576
2017-10-12,131.5728,133.8194,131.5728,133.0842,1891718
2017-10-13,132.8001,133.1709,130.9047,131.0394,1777696
2017-10-16,131.5923,133.8236,131.5923,133.5149,1457532
2017-10-17,134.0507,135.9130,133.2896,135.9130,1636741
2017-10-18,135.9946,136.4618,135.6253,136.4618,1092171
2017-10-19,136.4647,136.6703,136.1985,136.4796,762008
2017-10-20,136.6007,138.5550,136.6007,138.5550,1273682
2017-10-23,137.9715,138.1167,135.6620,136.4361,1403074
2017-10-24,135.9196,136.1859,134.4037,134.4037,929411
2017-10-25,134.3084,134.3308,133.8086,133.9710,806485
2017-10-26,133.9254,134.4204,133.1794,133.7952,712881
2017-10-27,133.6427,134.1481,132.5806,132.9051,985147
2017-10-30,132.4504,133.3202,131.5579,131.5579,749943
2017-10-31,131.6937,132.5737,131.1751,132.5737,1502966
2017-11-01,133.0217,135.4982,132.6024,135.4982,2532078
2017-11-02,135.8148,137.7173,135.8148,136.7830,1573721
2017-11-03,136.8051,137.4525,136.3283,136.9900,1053774
2017-11-06,137.2018,139.6768,136.3973,139.6768,1606911
2017-11-07,139.6162,140.1003,138.0725,138.5880,902720
2017-11-08,138.8448,141.7887,138.8448,139.5845,1264981
2017-11-09,139.6856,140.4896,138.4473,139.9469,595493
2017-11-10,140.1684,142.3967,140.1684,141.6747,801409
2017-11-13,141.7323,142.6503,140.9374,142.6503,866431
2017-11-14,142.1082,142.1082,138.1088,140.3726,845949
2017-11-15,139.7502,139.7502,135.4214,135.4214,1480260
2017-11-16,135.3642,137.0658,133.0178,135.1994,584573
2017-11-17,135.7045,139.7080,135.7045,137.1982,1301337
2017-11-20,136.6067,138.5148,134.6234,135.2155,857222
2017-11-21,134.6810,135.7696,132.8627,133.5098,1294232
2017-11-22,133.6540,134.7219,133.4099,134.7219,1603483
2017-11-23,134.3564,134.3564,132.4137,132.4137,2667984
2017-11-24,132.6177,133.9781,132.6177,133.7293,1376699
2017-11-27,133.7456,134.0582,132.4344,133.9634,913462
2017-11-28,133.2662,133.2662,131.2302,131.7347,2254587
2017-11-29,132.1930,133.6274,132.1930,133.1412,1940128
2017-11-30,133.0845,133.4447,132.3610,132.9356,1115490
2017-12-01,132.8255,132.8255,131.5004,132.0506,1487641
2017-12-04,132.2243,134.7377,132.0851,134.7377,1957048
2017-12-05,135.1812,136.6230,134.9268,136.2060,2285035
2017-12-06,136.6042,138.5280,136.6042,138.2880,2307133
2017-12-07,138.7150,139.6330,137.6059,139.6330,1216788
2017-12-08,139.3701,139.3701,137.7049,138.0768,1703505
2017-12-11,137.8366,139.0202,136.8008,136.8008,1238705
2017-12-12,136.8300,137.2820,135.2468,137.0148,821581
2017-12-13,136.9269,137.7514,135.7574,135.7574,1518819
2017-12-14,135.6833,136.1561,135.2151,135.5302,1101452
2017-12-15,136.6790,138.9006,136.6790,138.9006,2970359
2017-12-18,138.8472,138.8472,137.9500,138.5048,860597
2017-12-19,138.0037,138.0037,134.9985,135.8551,1831683
2017-12-20,135.5454,135.5454,133.8734,134.6842,1013029
2017-12-21,134.0223,134.2615,131.8134,131.8134,1198831
2017-12-22,131.6311,131.6311,130.4897,130.4897,1396390
2017-12-25,130.6405,131.9558,130.6405,131.5021,1314589
2017-12-26,130.8640,131.0158,129.4763,129.4763,1211941
2017-12-27,129.9011,131.1119,129.3953,131.1119,1371087
2017-12-28,131.4846,133.6108,131.3339,133.0945,1225900
2017-12-29,133.1928,134.8505,133.1928,133.6725,1150127
2018-01-01,133.4667,133.5694,131.3641,131.3641,1399698
2018-01-02,131.3696,131.7793,130.0582,131.3956,877635
2018-01-03,131.6978,132.7569,131.4738,132.7569,1102946
2018-01-04,132.9155,134.9227,132.8324,133.3490,815911
2018-01-05,132.9836,133.0868,131.2030,132.2029,2039207
2018-01-08,132.0561,132.7519,130.9107,131.7535,1004273
2018-01-09,131.6504,131.6504,129.6338,130.0019,1885707
2018-01-10,130.1429,130.5380,129.0436,130.4509,659535
2018-01-11,130.0202,130.7324,127.3274,127.3274,2651966
2018-01-12,127.4910,128.3845,127.4910,127.8645,1090213
2018-01-15,127.7778,128.1775,126.9389,127.4556,1071961
2018-01-16,127.5583,128.5365,127.2047,127.9158,1266809
2018-01-17,128.2745,129.5892,128.2745,129.5892,1798589
2018-01-18,130.2094,131.7537,129.9810,131.6891,2004746
2018-01-19,132.3579,134.4026,132.0913,134.4026,1775032
2018-01-22,134.4604,134.7275,133.3102,134.7275,928666
2018-01-23,133.4564,133.4564,130.3107,130.5882,2901071
2018-01-24,130.6060,130.8122,130.2221,130.6532,865393
2018-01-25,130.7081,131.9494,130.7081,131.2512,1110648
2018-01-26,131.0726,131.4485,130.5395,130.5395,1254558
2018-01-29,130.7879,131.7615,130.6827,131.4580,1584856
2018-01-30,131.4339,131.8292,131.2783,131.3891,524235
2018-01-31,130.9728,131.8023,129.2593,129.2593,1411965
2018-02-01,129.0848,129.9570,128.1962,128.2204,872861
2018-02-02,128.3002,129.0541,127.8950,128.4522,921645
2018-02-05,128.9003,129.8476,128.5712,129.8176,1149267
2018-02-06,129.5339,130.0580,127.5875,127.8030,1389776
2018-02-07,128.2514,129.4153,127.9308,129.4153,1792439
2018-02-08,129.1210,129.4950,127.2664,127.3998,1710004
2018-02-09,127.5343,128.3579,127.3319,127.9342,1276512
2018-02-12,127.8702,127.8702,126.8276,126.8276,1262287
2018-02-13,127.0796,128.3709,126.9664,128.2720,1028498
2018-02-14,128.2857,129.0217,127.6160,128.4880,800884
2018-02-15,128.1289,128.1289,125.1334,125.1334,2563695
2018-02-16,125.0684,125.0684,123.2347,124.6354,1275821
2018-02-19,124.4390,124.4390,123.6774,124.0420,875989
2018-02-20,124.1287,125.7069,124.1287,124.3083,873423
2018-02-21,124.5345,126.2772,124.5345,126.0070,1918502
2018-02-22,125.8979,126.4268,125.6275,125.6275,1071250
2018-02-23,125.6577,125.8772,124.9711,125.8772,767017
2018-02-26,125.1659,125.3557,123.2455,123.2455,1976908
2018-02-27,123.1482,123.3498,122.2056,122.7072,1158312
2018-02-28,122.5696,123.0107,122.2290,122.2290,854057
2018-03-01,122.2063,122.8954,122.1528,122.1528,843392
2018-03-02,121.8997,121.8997,118.6415,121.4092,1066484
2018-03-05,121.1982,121.1982,117.6297,120.2590,660442
2018-03-06,119.9453,119.9453,116.4603,116.4603,1830100
2018-03-07,117.2118,119.1181,115.5600,119.1181,1845415
2018-03-08,119.1177,119.2847,118.1984,119.1145,783473
2018-03-09,119.0992,119.8053,119.0012,119.0579,588654
2018-03-12,119.0487,119.9955,118.4897,119.0312,745991
2018-03-13,118.9117,119.4333,118.1370,118.4467,1036266
2018-03-14,118.6035,119.5041,117.6974,119.1401,923761
2018-03-15,118.9135,118.9135,117.8810,118.3897,1246776
2018-03-16,118.3650,119.1223,118.1675,118.3077,1015391
2018-03-19,118.2363,119.0250,118.0747,118.0747,990779
2018-03-20,118.0618,118.0618,116.3547,117.8307,559170
2018-03-21,117.7980,119.2085,117.6855,117.6855,1050637
2018-03-22,117.0065,117.0065,114.6880,114.8526,2518717
2018-03-23,114.9679,115.6171,114.9377,115.6171,1303506
2018-03-26,115.5344,115.5344,114.6345,115.1294,904569
2018-03-27,115.1346,115.1624,114.7613,115.1624,830053
2018-03-28,115.0892,115.0892,113.7459,114.7704,1183827
2018-03-29,114.7420,115.3499,113.8256,114.5386,834999
2018-03-30,114.3325,114.5521,112.3746,112.3746,2008183
2018-04-02,112.1848,112.1848,111.2420,111.6464,1314201
2018-04-03,111.6862,112.7107,111.6528,111.9967,910448
2018-04-04,111.9901,112.5359,111.3928,111.9691,799968
2018-04-05,112.0945,112.6939,111.3976,112.6939,1217469
2018-04-06,112.9221,114.5517,112.9221,113.4727,844080
2018-04-09,113.3587,113.8633,113.0079,113.0079,1700482
2018-04-10,112.9386,113.4362,112.4585,112.7979,757653
2018-04-11,112.8920,113.2325,112.5565,113.2325,1287416
2018-04-12,113.2322,113.8420,113.0157,113.2290,561918
2018-04-13,113.1286,113.1385,111.1410,112.1446,799533
2018-04-16,112.0460,112.0539,111.0688,111.5552,956146
2018-04-17,112.0569,113.3941,111.8604,113.3259,1430267
2018-04-18,113.2453,113.5118,112.4933,112.5313,1232683
2018-04-19,112.5736,113.0171,112.1345,112.7760,904094
2018-04-20,112.7786,113.0446,111.9315,112.8030,791194
2018-04-23,112.7261,112.7825,112.3178,112.3925,1038015
2018-04-24,112.3299,112.3872,111.3892,111.8717,1292084
2018-04-25,112.1257,112.8491,111.8464,112.8491,925111
2018-04-26,113.3654,115.4984,112.7745,115.2585,2327551
2018-04-27,115.2318,115.9465,115.1361,115.1361,566548
2018-04-30,115.2206,115.8739,114.7147,115.8739,978284
2018-05-01,116.0772,116.5681,115.7165,116.5681,1252168
2018-05-02,116.4628,116.4628,115.4877,116.1007,665142
2018-05-03,116.0499,116.1571,114.6063,115.6194,835814
2018-05-04,115.3383,116.3335,114.4483,114.4483,1168795
2018-05-07,114.5781,116.3870,114.5781,115.5413,1363234
2018-05-08,115.3045,116.0180,114.5518,114.5518,1709319
2018-05-09,114.3465,115.5135,113.9035,113.9035,1109222
2018-05-10,114.1538,115.3008,113.6485,115.1847,1723070
2018-05-11,115.1862,115.1946,113.9020,115.1946,821331
2018-05-14,115.4099,116.1181,114.7113,116.1181,1391137
2018-05-15,116.1894,116.6263,115.3376,116.4886,757237
2018-05-16,116.3661,116.3661,114.7272,114.9752,2372513
2018-05-17,114.6879,115.3744,113.8455,114.0830,1423953
2018-05-18,114.3146,115.1873,114.3146,114.8386,1169692
2018-05-21,114.7892,114.8365,114.1421,114.6792,746203
2018-05-22,115.2673,116.3853,114.3376,116.3853,1751010
2018-05-23,116.3698,117.3083,116.1031,116.3332,781082
2018-05-24,116.3305,116.3305,115.4735,116.3238,1051832
2018-05-25,116.3812,116.5022,116.2090,116.5022,485379
2018-05-28,116.3407,116.6594,115.3397,115.3397,1977620
2018-05-29,114.7807,114.7807,113.4425,113.6242,1526562
2018-05-30,113.4073,113.6298,112.6232,112.7875,1414816
2018-05-31,112.8851,113.5359,112.8392,113.2462,1062781
2018-06-01,113.0351,113.1581,111.7333,111.7333,1924963
2018-06-04,111.9427,114.5551,111.9427,112.4654,1050304
2018-06-05,112.5121,113.6962,112.4706,112.6617,883812
2018-06-06,112.8123,113.7820,112.6405,113.7820,1816581
2018-06-07,113.8925,114.9795,113.8925,114.5287,1124664
2018-06-08,114.7024,115.5819,114.7024,115.5819,1223051
2018-06-11,115.5420,115.6333,114.9916,114.9916,863881
2018-06-12,115.0745,116.2678,115.0745,116.2678,1619780
2018-06-13,115.7804,116.0188,114.8497,114.8497,1716270
2018-06-14,114.4492,114.7620,113.0398,113.0398,1147834
2018-06-15,112.5206,112.5206,110.3907,111.4869,1675744
2018-06-18,112.1186,113.4170,111.7876,113.4170,2383698
2018-06-19,113.3739,113.3739,112.2068,113.1569,1321202
2018-06-20,113.0028,113.2216,111.7534,112.0281,1993158
2018-06-21,111.9735,112.8404,111.8207,111.8207,963266
2018-06-22,111.6862,112.2665,110.5999,110.5999,1668964
2018-06-25,110.6291,111.5760,110.6080,110.7604,873407
2018-06-26,111.0830,112.5420,111.0830,111.8537,1358230
2018-06-27,111.8862,112.0154,111.2576,111.9600,712137
2018-06-28,112.2984,113.6866,112.2213,113.6866,1661749
2018-06-29,113.7510,114.0797,113.4816,114.0797,835457
2018-07-02,114.4679,116.0011,114.1056,115.6649,2183682
2018-07-03,115.6167,115.6167,114.6980,114.9979,742632
2018-07-04,115.8446,117.4547,115.1803,117.4547,3104331
2018-07-05,117.3921,118.4389,116.5503,116.5503,1416905
2018-07-06,116.7759,117.2843,116.4395,117.2843,1030082
2018-07-09,117.2524,117.7207,116.9436,116.9709,1314991
2018-07-10,116.9897,117.3329,116.6409,117.0992,1047509
2018-07-11,116.8283,117.1255,116.3182,116.3182,1532798
2018-07-12,116.5210,117.5458,116.4154,117.3727,1269583
2018-07-13,117.5388,118.4735,117.3662,118.4369,2260765
2018-07-16,118.4627,119.6223,118.2597,118.7238,834008
2018-07-17,118.8584,119.2286,117.7375,119.2286,1487795
2018-07-18,119.3577,121.2522,119.3577,121.2105,2103658
2018-07-19,120.8312,120.8312,119.8482,119.9433,2576921
2018-07-20,120.1347,120.8845,119.2897,120.6782,710067
2018-07-23,120.7168,121.4081,120.1997,120.9068,910806
2018-07-24,120.7506,120.7506,119.6024,119.9070,1304725
2018-07-25,119.9439,120.1509,119.3016,120.0731,739698
2018-07-26,120.0026,120.0026,118.7848,119.7810,1118277
2018-07-27,119.8497,120.5369,119.0909,120.0710,822724
2018-07-30,120.0600,120.0600,118.9830,119.9374,692417
2018-07-31,120.0818,121.1233,120.0818,120.4364,739180
2018-08-01,120.4445,120.8555,120.2003,120.5029,1111631
2018-08-02,120.3555,120.3555,119.5057,119.9327,790428
2018-08-03,119.6675,119.6675,118.8664,119.0729,1123500
2018-08-06,119.0178,119.2259,118.2451,118.2451,1747350
2018-08-07,118.4743,119.9873,117.8337,119.8795,1983124
2018-08-08,119.6550,120.5256,119.1174,119.2290,1419578
2018-08-09,119.1969,119.2045,118.1540,118.7064,1002776
2018-08-10,118.5712,119.0017,117.8712,117.9735,1014343
2018-08-13,117.6917,117.6917,116.5542,117.1367,942310
2018-08-14,117.2346,117.9212,117.1597,117.4292,1236391
2018-08-15,117.4462,117.6223,115.7619,117.6223,1059814
2018-08-16,118.0785,119.0141,117.7922,119.0141,1495147
2018-08-17,118.9334,118.9334,117.3510,117.8017,1356145
2018-08-20,117.7826,118.5799,117.3221,117.6628,650264
2018-08-21,117.3507,117.7322,116.6262,116.6262,1857751
2018-08-22,116.5609,116.5609,115.8403,116.2104,1175363
2018-08-23,116.1380,116.1665,115.4869,115.8351,975018
2018-08-24,115.9902,117.2799,114.2540,117.1699,1131346
2018-08-27,117.3327,118.6047,116.2191,117.9734,811571
2018-08-28,117.8689,117.8689,115.6844,116.2710,1025458
2018-08-29,116.5450,117.8898,114.1762,117.8898,906698
2018-08-30,117.2343,118.3046,115.5506,115.5506,1341070
2018-08-31,115.5234,116.8649,114.3017,115.4633,776283
2018-09-03,114.5962,114.5962,110.1044,110.3849,2682360
2018-09-04,110.5551,111.1333,109.3722,111.1333,695377
2018-09-05,110.8434,111.4767,108.5178,108.6938,1186321
2018-09-06,108.8802,110.4264,108.3997,109.5378,1297362
2018-09-07,109.8230,114.0231,109.7772,114.0231,1550022
2018-09-10,113.9086,113.9086,112.1122,113.0842,1507384
2018-09-11,113.2231,114.1526,113.2231,114.1526,1177392
2018-09-12,114.0727,114.3259,113.2612,113.2612,1385688
2018-09-13,113.4719,114.7404,113.1056,113.9780,1276388
2018-09-14,113.4542,114.1785,112.1169,112.1169,1105212
2018-09-17,112.2811,112.8785,112.2811,112.7992,788027
2018-09-18,112.6540,112.6540,111.5247,111.5247,1839550
2018-09-19,111.4634,111.6397,110.9086,111.0017,811169
2018-09-20,110.5619,111.2294,109.4613,109.7309,870165
2018-09-21,109.3849,109.6987,108.7101,108.7101,2068214
2018-09-24,108.5876,108.5876,106.8829,108.3150,753378
2018-09-25,108.1885,108.5443,107.3283,107.4399,1243003
2018-09-26,107.6121,110.3105,107.6121,110.3105,2387204
2018-09-27,110.2949,111.1810,109.7986,110.1183,1195685
2018-09-28,109.9926,109.9926,108.8259,108.8259,1997292
2018-10-01,109.2070,110.4037,108.8962,110.0356,1342867
2018-10-02,110.0363,110.3157,109.8903,110.0431,632631
2018-10-03,110.3789,112.8705,110.3789,112.3426,2612279
2018-10-04,112.4585,113.2666,111.6427,112.7003,749851
2018-10-05,112.7071,114.3911,112.7071,112.7686,900214
2018-10-08,112.7690,112.8677,112.2879,112.7723,707097
2018-10-09,112.8974,113.3536,111.9443,113.3536,793083
2018-10-10,113.3629,113.7047,112.5876,113.4091,1087574
2018-10-11,113.2708,113.5237,112.9639,112.9639,879379
2018-10-12,112.9754,113.0004,111.8454,113.0004,714945
2018-10-15,112.8688,113.2973,112.3503,112.3503,809409
2018-10-16,112.2382,112.4230,111.4398,111.4398,1072797
2018-10-17,111.4729,113.1550,111.4729,111.5513,1102431
2018-10-18,111.2281,111.2281,109.9319,110.5947,1392395
2018-10-19,110.1179,110.4337,109.1584,109.1614,984301
2018-10-22,108.9818,109.1837,107.9916,108.3350,1179150
2018-10-23,108.8388,110.3611,108.8388,110.0981,1684824
2018-10-24,110.2124,110.7184,109.7103,110.7184,1532739
2018-10-25,110.9223,112.3961,110.9223,112.1779,1691054
2018-10-26,112.1180,112.1180,111.1171,111.8926,1258926
2018-10-29,111.6214,111.6214,110.3563,110.3563,1587796
2018-10-30,110.7923,112.3406,110.7923,112.1858,2176958
2018-10-31,112.0535,112.2449,110.7156,111.4621,1500607
2018-11-01,111.4330,111.4468,110.9962,111.1031,898295
2018-11-02,111.2789,111.7387,110.8237,111.6677,885107
2018-11-05,111.6120,111.7026,109.8169,110.8172,1503891
2018-11-06,110.8314,111.7325,110.3610,110.8630,584675
2018-11-07,110.4960,110.4960,109.7207,109.7734,1278157
2018-11-08,110.2414,111.3413,110.1977,111.3413,1433120
2018-11-09,111.3049,111.9571,111.1610,111.1610,1094263
2018-11-12,110.9918,110.9918,110.0647,110.5926,857472
2018-11-13,110.6549,111.2925,110.4048,111.2876,1335801
2018-11-14,111.2734,111.3404,110.4751,111.1766,962589
2018-11-15,110.7134,110.7134,109.5912,109.5912,1212914
2018-11-16,109.7865,111.0801,109.3085,110.8991,1608971
2018-11-19,110.7735,110.7735,109.5259,110.1019,1329699
2018-11-20,110.0409,110.2865,109.1595,109.5953,706505
2018-11-21,109.6340,110.5757,109.6151,109.7723,890100
2018-11-22,109.8007,109.8762,109.1291,109.8762,1190161
2018-11-23,109.5485,109.5485,108.3074,108.5483,957257
2018-11-26,108.4123,108.5213,106.8398,107.3799,1372895
2018-11-27,107.4106,108.2716,106.8941,107.9634,897750
2018-11-28,108.1255,108.8042,108.1067,108.8042,1418150
2018-11-29,108.3013,108.3013,105.8965,106.5577,2005895
2018-11-30,106.4911,106.6081,105.5374,106.1874,889672
2018-12-03,105.7042,105.7042,104.4288,104.4288,2261310
2018-12-04,104.4116,104.5030,103.9181,104.3135,1098032
2018-12-05,104.3252,104.9668,104.1810,104.3757,1094929
2018-12-06,104.1264,104.1264,101.8163,101.8163,3237765
2018-12-07,101.8216,102.1982,100.8383,101.8364,752316
2018-12-10,101.8064,101.8696,101.2320,101.5730,966458
2018-12-11,101.6497,102.6712,101.6497,101.9623,807696
2018-12-12,102.0756,102.8928,101.8256,102.8928,1191550
2018-12-13,102.8742,103.2435,102.2141,102.8309,1081678
2018-12-14,102.8860,103.3709,102.0039,103.3709,1569365
2018-12-17,103.5823,104.2387,103.2754,104.2387,1178284
2018-12-18,104.3155,104.8930,103.7371,104.6077,957615
2018-12-19,104.8321,106.8938,104.8321,106.8938,1257807
2018-12-20,107.2535,108.5862,107.2535,108.5539,1095191
2018-12-21,108.6158,110.4306,108.0218,109.3590,797316
2018-12-24,109.1042,109.9671,108.4536,108.4536,1581984
2018-12-25,108.4054,108.4054,107.9005,107.9005,931823
2018-12-26,108.1219,109.6664,108.1219,109.6664,2160503
2018-12-27,109.2342,109.7346,107.9349,107.9349,2026564
2018-12-28,107.8579,107.9899,107.4230,107.4814,812128
2018-12-31,107.4618,107.8232,107.3333,107.4219,611167
2019-01-01,107.4983,108.9230,107.3949,108.2475,782931
2019-01-02,108.2896,108.5225,107.9021,108.4073,682897
2019-01-03,108.3554,108.8425,107.6034,107.8028,1407367
2019-01-04,107.8969,108.3641,107.3464,108.0866,939108
2019-01-07,108.1717,109.3244,108.1717,108.6637,896810
2019-01-08,108.8224,109.1909,108.4203,109.1909,1184957
2019-01-09,109.2690,110.4618,109.2690,110.4618,1142555
2019-01-10,110.4437,111.1621,109.8569,110.1889,715110
2019-01-11,110.1671,110.5415,109.8699,110.0631,840753
2019-01-14,109.8300,110.2077,108.8574,108.8574,1562322
2019-01-15,108.9261,110.0654,108.9261,109.1117,1116506
2019-01-16,109.1132,109.1248,108.0923,109.1248,723871
2019-01-17,109.3093,110.5485,109.3093,109.7808,880566
2019-01-18,109.8117,110.3995,109.5376,109.9548,1018251
2019-01-21,110.3071,111.1989,110.3071,111.1989,2430738
2019-01-22,111.3019,112.4498,110.8139,112.4498,1431986
2019-01-23,112.3765,112.3855,111.5170,112.0209,767939
2019-01-24,111.9299,112.0797,111.2658,111.2658,734683
2019-01-25,111.2675,111.3342,110.6422,111.2942,486306
2019-01-28,111.2818,111.4180,110.3016,111.2038,603340
2019-01-29,111.7116,114.0862,111.7116,113.3796,2795352
2019-01-30,113.5950,115.9112,113.5950,115.9112,1790381
2019-01-31,115.8326,116.1479,114.6943,115.5884,889086
2019-02-01,115.2997,115.2997,113.3044,113.4473,1867260
2019-02-04,113.3914,113.3914,112.1230,112.8626,1130556
2019-02-05,112.5586,112.9349,111.8748,111.8748,876190
2019-02-06,111.9529,113.0442,111.2430,112.3195,995718
2019-02-07,112.0048,112.5083,111.0456,111.0636,1243731
2019-02-08,111.3320,112.4898,111.3320,112.4182,1317696
2019-02-11,112.3162,112.3162,110.7092,111.5518,1565184
2019-02-12,111.4336,111.4336,109.7061,109.7061,1689656
2019-02-13,109.6252,110.0744,108.8301,109.4014,832802
2019-02-14,108.7383,108.7383,106.4619,107.3149,2494731
2019-02-15,108.0220,109.7115,107.9196,109.7115,1667879
2019-02-18,109.8635,111.6704,109.3821,111.6704,2760592
2019-02-19,110.8752,111.1105,108.9765,108.9765,3188196
2019-02-20,108.9620,108.9694,107.8216,108.8580,818630
2019-02-21,108.8325,108.8325,107.9597,108.4916,983189
2019-02-22,108.1583,108.1583,106.5093,106.5933,1550918
2019-02-25,106.6428,107.4094,106.6428,106.8096,747658
2019-02-26,106.5498,106.5575,105.7380,105.9393,1299822
2019-02-27,106.0760,108.2156,106.0760,107.6943,1693927
2019-02-28,107.6837,108.0933,107.6137,107.6597,701381
2019-03-01,108.0524,109.2392,107.5368,109.1408,1729666
2019-03-04,108.9198,108.9198,108.1372,108.1372,1637953
2019-03-05,108.1696,108.3106,107.4636,108.2570,718405
2019-03-06,108.1716,108.5070,107.5615,107.9008,1123244
2019-03-07,108.0031,109.1561,108.0031,109.0058,858627
2019-03-08,108.8930,108.8930,107.4449,107.4449,1780703
2019-03-11,107.2530,108.1969,106.2887,106.2887,1179979
2019-03-12,106.3531,106.7824,105.9394,106.7484,1023368
2019-03-13,106.8266,108.0744,106.5099,108.0744,1546203
2019-03-14,108.3416,109.1775,108.3416,109.0783,1649483
2019-03-15,109.1004,110.1239,109.1004,109.3710,855433
2019-03-18,110.1181,111.8087,109.9487,111.5297,2144938
2019-03-19,111.3906,111.3906,110.7985,111.1281,1148819
2019-03-20,111.1054,111.8203,110.9113,110.9113,812701
2019-03-21,111.0569,112.5098,110.7162,111.6007,1365095
2019-03-22,111.5025,112.8282,111.2771,111.2771,1511280
2019-03-25,111.5116,112.7267,111.3598,112.3460,1613918
2019-03-26,112.4235,113.5487,112.4235,112.9849,1757202
2019-03-27,112.9255,113.1011,112.4500,112.4599,697456
2019-03-28,112.8396,113.9463,112.7654,113.7583,954458
2019-03-29,113.6640,113.8765,112.5713,112.5713,1572065
2019-04-01,112.3238,112.3919,111.1314,111.1314,1492196
2019-04-02,111.1912,112.5141,111.1912,111.4637,658167
2019-04-03,111.6747,113.3489,111.5002,112.1694,1241306
2019-04-04,112.5130,113.6229,112.0519,113.6229,1973583
2019-04-05,113.8527,114.9035,113.2018,114.6947,1325893
2019-04-08,114.6888,115.1926,114.5831,114.5831,600902
2019-04-09,114.3955,114.4126,113.2208,113.9625,989965
2019-04-10,113.8952,114.8445,113.1434,113.4584,1041460
2019-04-11,113.1627,113.1627,111.2960,111.9198,1490870
2019-04-12,111.5709,111.5709,109.8735,110.3546,1295919
2019-04-15,110.0488,110.3613,109.1475,109.1590,791675
2019-04-16,108.2586,108.2586,106.3335,106.3335,1715626
2019-04-17,106.4118,106.6212,105.7905,106.6212,1127175
2019-04-18,106.6908,107.0916,105.7699,107.0916,1064982
2019-04-19,107.0310,107.6227,106.0183,106.5050,1173686
2019-04-22,106.5878,107.8190,106.5878,106.7744,938185
2019-04-23,106.6180,107.5950,105.4082,105.4082,1863184
2019-04-24,105.3676,105.6246,104.9993,105.2633,896414
2019-04-25,105.2654,105.6489,104.9850,105.2839,948115
2019-04-26,104.5315,104.6683,103.1094,103.1094,1449311
2019-04-29,102.9249,103.0954,102.3446,102.3446,1220807
2019-04-30,102.1416,102.6362,101.7465,101.7587,1444969
2019-05-01,101.8566,102.0842,101.6567,102.0781,1364564
2019-05-02,101.9950,102.1701,101.5714,101.6389,1344355
2019-05-03,101.7660,103.4882,101.7660,103.4882,1254691
2019-05-06,103.7043,105.5001,103.7043,104.4410,1626204
2019-05-07,104.7823,105.8759,104.7823,105.4938,1745062
2019-05-08,105.1084,105.1087,103.2461,103.9389,1059996
2019-05-09,104.0803,104.7718,104.0803,104.7718,1625338
2019-05-10,104.9193,106.5170,104.8025,106.2693,3379667
2019-05-13,106.4326,107.9369,106.4008,107.9369,1578525
2019-05-14,108.0359,110.0525,108.0359,108.5492,1164768
2019-05-15,108.5869,109.1035,107.9490,109.1035,874427
2019-05-16,109.0784,109.6515,108.9263,109.0195,657900
2019-05-17,109.2714,113.2940,109.2714,111.5443,1156524
2019-05-20,111.5398,115.9024,111.1663,111.5275,581035
2019-05-21,111.4437,111.8003,108.8242,110.9009,681448
2019-05-22,110.6088,111.8078,109.5131,109.5131,1057323
2019-05-23,109.7284,111.5162,109.7284,110.9888,1835887
2019-05-24,111.3808,112.8737,111.3808,112.5649,1644967
2019-05-27,111.9836,112.2124,110.5369,110.5369,1853799
2019-05-28,110.1247,110.9004,109.2531,109.3592,1723235
2019-05-29,109.2078,109.2078,107.2505,107.2505,1886265
2019-05-30,107.3843,107.7349,106.7508,107.7349,981524
2019-05-31,107.6657,107.6657,106.2088,106.9427,1808299
2019-06-03,106.9805,107.0726,106.1094,107.0726,1246673
2019-06-04,107.3032,109.6950,107.3032,109.6633,2243659
2019-06-05,109.7472,110.4909,109.0522,110.3030,913743
2019-06-06,110.3156,110.7636,109.1594,110.3447,577909
2019-06-07,110.2348,110.3861,109.8516,109.8516,856627
2019-06-10,109.7682,109.9088,109.2004,109.4195,944692
2019-06-11,109.4552,109.9371,108.6683,109.9371,1100668
2019-06-12,109.9555,110.1748,109.0151,110.1065,1027410
2019-06-13,110.0692,110.6013,109.4677,109.9165,902173
2019-06-14,110.3577,111.7526,109.9911,111.5688,1494976
2019-06-17,112.1236,113.5959,111.7423,113.5959,1316841
2019-06-18,113.5289,114.0920,113.0171,113.0171,1668922
2019-06-19,113.0232,113.1236,112.2638,113.0489,1043914
2019-06-20,113.4007,114.2746,113.3442,114.2488,1389320
2019-06-21,113.8542,113.9407,111.5173,112.7079,1857298
2019-06-24,112.9507,113.9848,112.3557,113.5634,981407
2019-06-25,113.5329,113.6182,113.1460,113.4603,1365660
2019-06-26,113.4804,114.2342,113.2320,113.5731,1192387
2019-06-27,113.8768,115.1256,113.8768,114.6722,1156468
2019-06-28,114.7766,115.4269,113.9643,115.4269,1040965
2019-07-01,115.7778,116.8936,115.7778,116.8936,1737352
2019-07-02,116.7477,117.2552,116.2291,116.3521,1004692
2019-07-03,116.2545,116.4693,115.1000,115.6751,1655013
2019-07-04,116.0078,117.3267,116.0078,116.7226,1779541
2019-07-05,116.5180,116.5180,115.6082,116.0160,1359656
2019-07-08,116.0731,116.5099,115.8795,116.2232,1511827
2019-07-09,116.1826,116.5312,115.2447,115.6832,1425612
2019-07-10,115.0803,115.0803,113.4875,113.7844,2031090
2019-07-11,113.7485,113.9452,112.7370,113.2308,1000397
2019-07-12,113.1529,113.4074,112.9189,112.9588,975245
2019-07-15,112.8923,113.2290,112.4064,112.4064,1327393
2019-07-16,112.1942,112.1942,111.3729,111.7791,842355
2019-07-17,111.9704,112.4772,111.0781,112.4450,1006297
2019-07-18,112.0086,112.1995,110.7869,110.7869,1545090
2019-07-19,110.6523,110.6810,110.0021,110.2864,1243270
2019-07-22,109.8267,109.8709,108.7999,108.9325,1591246
2019-07-23,108.8903,109.4135,108.0785,108.6863,985695
2019-07-24,108.7848,109.6449,108.5571,109.6449,1452651
2019-07-25,110.1189,111.6786,110.0065,111.6786,1595385
2019-07-26,111.3029,111.3029,109.3908,110.2958,1570448
2019-07-29,110.1340,110.8101,109.5405,109.5405,1226326
2019-07-30,109.0057,109.2259,107.3125,107.7682,2426973
2019-07-31,108.3235,110.2787,108.3235,110.2033,1800976
2019-08-01,110.2725,111.8239,110.2725,111.1076,1415717
2019-08-02,111.1650,112.6156,111.0823,112.0110,1398402
2019-08-05,111.8671,112.2219,111.3339,111.5296,1648011
2019-08-06,111.5146,111.5146,110.2768,111.3395,1192087
2019-08-07,111.5241,113.0296,111.5241,112.9552,2209930
2019-08-08,112.7243,112.8307,111.3295,111.3295,2599503
2019-08-09,111.9115,113.7053,111.9115,113.7053,1384119
2019-08-12,113.6344,114.3262,113.0635,113.4248,1292830
2019-08-13,113.7600,115.0606,113.7600,115.0606,2455031
2019-08-14,115.1404,117.1679,115.1404,116.3771,1666602
2019-08-15,116.1960,116.1960,114.2873,115.2144,1908260
2019-08-16,114.8199,114.8199,113.4028,113.4028,1278134
2019-08-19,113.2535,113.2535,111.5926,112.0836,1495874
2019-08-20,112.2060,113.3098,112.1876,112.6048,952973
2019-08-21,112.5037,112.6154,111.3280,112.0988,1008498
2019-08-22,111.7557,111.8344,110.2468,110.2468,2600097
2019-08-23,110.5083,111.0455,109.9751,111.0455,2242241
2019-08-26,111.2378,111.6096,110.7321,111.6096,635805
2019-08-27,111.5465,111.5465,109.7582,111.2332,1104505
2019-08-28,111.0989,111.0989,110.1685,110.1685,1528596
2019-08-29,110.3986,111.0130,109.4867,111.0130,1262083
2019-08-30,110.8957,111.2558,110.2202,110.6665,1159169
2019-09-02,110.7431,111.0446,110.3650,111.0105,1054629
2019-09-03,111.0756,111.1999,110.1184,111.1999,1085325
2019-09-04,111.2406,111.4737,110.2157,111.4737,1079372
2019-09-05,111.5156,112.2121,111.0747,111.8570,1099171
2019-09-06,111.5521,112.3937,110.4912,110.4912,1642366
2019-09-09,110.3774,110.9625,109.4927,110.1298,618657
2019-09-10,110.0522,110.3845,109.5788,109.6707,1211522
2019-09-11,109.7189,110.2271,109.5484,109.8129,749973
2019-09-12,109.8742,110.1159,109.0500,110.1034,1382735
2019-09-13,110.0329,110.6909,109.2182,109.2182,1744399
2019-09-16,109.2750,110.5347,109.2750,109.4883,803764
2019-09-17,108.7705,108.7705,107.1291,107.1291,2095828
2019-09-18,107.0994,107.1247,105.9897,106.6508,814198
2019-09-19,106.7153,107.5785,106.7153,107.1731,1181193
2019-09-20,106.7471,106.7471,105.5740,105.8221,1358658
2019-09-23,105.7108,106.1318,105.3088,105.4864,863391
2019-09-24,105.4550,105.8031,104.8836,104.8836,938992
2019-09-25,104.8316,104.8958,104.0259,104.3311,1178505
2019-09-26,104.3637,105.4615,104.0578,104.4855,541325
2019-09-27,104.7859,105.4710,104.3563,105.4649,1129407
2019-09-30,105.5887,106.0230,105.1353,105.8283,1480536
2019-10-01,105.7456,106.3384,104.7850,104.7850,1972898
2019-10-02,104.8921,106.8126,104.8921,106.8126,1600482
2019-10-03,106.5129,106.5129,103.6635,105.1818,2627896
2019-10-04,104.9657,105.4361,104.2950,104.3531,1050845
2019-10-07,104.1355,104.1355,102.9890,103.6648,1055937
2019-10-08,103.1396,103.2499,101.9036,101.9340,1665631
2019-10-09,101.9561,103.2717,101.9561,102.0605,788338
2019-10-10,102.2217,102.6015,101.3679,102.6015,1156757
2019-10-11,102.6271,103.5260,102.6271,102.8043,640232
2019-10-14,102.8740,103.8924,102.5521,103.8924,1472363
2019-10-15,104.0287,104.3816,103.5806,104.3816,1447851
2019-10-16,104.1692,104.1692,101.8574,101.8691,1744833
2019-10-17,101.6919,101.6919,101.2605,101.2605,1233776
2019-10-18,101.5085,102.7156,101.5085,102.0233,1577836
2019-10-21,101.8098,101.8353,100.6945,101.0081,1190829
2019-10-22,101.3080,102.2241,101.2098,102.1568,1159890
2019-10-23,102.4153,103.5219,102.4153,102.9975,1808889
2019-10-24,102.8470,102.8470,101.6801,102.5137,1374320
2019-10-25,102.4122,103.1981,101.9409,102.1372,1503794
2019-10-28,102.2997,102.9992,101.8681,102.8764,1816944
2019-10-29,102.9621,104.0739,102.9621,103.3816,1121114
2019-10-30,103.3456,103.3456,102.1862,102.8223,1093650
2019-10-31,102.6969,102.9099,102.2831,102.2831,733043
2019-11-01,102.2200,102.7970,101.8838,102.0185,1224249
2019-11-04,101.9442,101.9948,101.1693,101.4925,1325792
2019-11-05,101.2329,101.3339,100.2119,100.6366,717150
2019-11-06,100.7564,101.5338,100.7487,101.5338,1211255
2019-11-07,101.4638,101.6671,100.5741,100.5741,1483739
2019-11-08,100.4245,101.1215,99.7572,99.7572,873148
2019-11-11,100.1339,101.1726,99.7372,101.0277,3187681
2019-11-12,101.0656,101.3804,100.7138,101.2259,1089314
2019-11-13,101.1865,101.3290,100.3141,100.8519,878090
2019-11-14,101.3249,102.5413,100.9702,102.5413,1606282
2019-11-15,102.7691,103.9132,102.4383,103.6737,1143459
2019-11-18,103.6023,103.9348,102.7445,103.4446,1181952
2019-11-19,103.6206,105.1585,103.6206,104.5017,1983443
2019-11-20,104.5131,105.0620,104.5131,104.6541,922730
2019-11-21,104.8300,105.6795,104.8163,105.1787,1372821
2019-11-22,105.0938,105.0938,104.4765,104.6884,1297408
2019-11-25,104.6497,104.6497,103.6069,104.0827,1432149
2019-11-26,104.0078,104.1953,102.6059,103.6658,1646874
2019-11-27,103.6264,103.7181,103.2884,103.3796,1519830
2019-11-28,103.3019,103.3019,102.3474,102.4910,1635258
2019-11-29,102.6337,102.9102,102.3445,102.9102,1893331
2019-12-02,103.0803,104.2226,103.0803,104.0097,1342042
2019-12-03,104.1635,104.8665,104.1635,104.6615,1183566
2019-12-04,104.9609,105.7808,104.9609,105.6707,1673759
2019-12-05,105.5638,105.5638,104.0395,104.2379,1849426
2019-12-06,104.2851,105.0972,104.2851,104.7387,997309
2019-12-09,104.2546,104.2546,102.3680,103.2034,2341119
2019-12-10,102.5303,102.5303,100.8447,100.8723,1862910
2019-12-11,100.7624,101.3359,100.1553,100.1553,1165994
2019-12-12,100.1160,100.1160,99.3682,99.5929,1064613
2019-12-13,99.5801,100.1228,99.4550,99.4550,935326
2019-12-16,99.6740,100.5136,99.5179,100.1486,1083443
2019-12-17,100.8791,103.1753,100.8791,102.8644,2760633
2019-12-18,102.8724,103.4739,102.7752,102.9451,609098
2019-12-19,102.9505,103.6518,102.9505,102.9607,1582489
2019-12-20,103.0979,103.9719,103.0979,103.7260,1363802
2019-12-23,103.2989,103.5144,102.3104,102.3104,1698865
2019-12-24,102.4061,102.8925,102.2318,102.6195,911040
2019-12-25,102.7398,104.0733,102.5989,103.1063,1315902
2019-12-26,103.3234,104.1657,103.3234,103.9469,1628274
2019-12-27,103.8877,103.8877,102.6911,103.4484,842672
2019-12-30,103.3773,103.3773,102.2110,102.5122,1510686
2019-12-31,102.5767,103.1823,101.9386,102.9710,1344706
2020-01-01,102.9877,103.3108,102.6851,103.0931,936638
2020-01-02,103.3642,104.6982,103.2823,104.1403,1113662
2020-01-03,104.2293,105.4532,104.2293,104.9179,1372999
2020-01-06,104.3428,104.5969,103.0587,103.0587,2023605
2020-01-07,103.0349,103.1530,102.8371,102.9762,991370
2020-01-08,102.8909,103.0896,101.8829,101.8829,1070263
2020-01-09,101.8884,101.9316,101.1633,101.9316,1038530
2020-01-10,101.9142,101.9142,100.6444,101.7487,1157580
2020-01-13,101.4987,101.5624,100.5220,100.5222,808031
2020-01-14,100.4785,100.9448,99.8901,99.8901,1559839
2020-01-15,100.2670,101.4480,100.2670,101.1134,1657334
2020-01-16,101.0960,101.2856,100.4574,101.0431,481993
2020-01-17,100.9959,100.9959,99.2585,100.9082,1028867
2020-01-20,101.3023,103.3599,101.3023,102.8071,799800
2020-01-21,102.3842,102.5974,100.1277,101.1764,1959876
2020-01-22,102.4621,105.0365,100.8171,105.0365,1745056
2020-01-23,105.2488,108.4153,105.2488,108.4153,2223942
2020-01-24,108.2704,109.4895,105.7271,105.7923,2090286
2020-01-27,105.8295,106.8561,105.8295,105.9563,640440
2020-01-28,107.9743,111.9376,107.9743,111.9376,2011612
2020-01-29,112.4195,115.1784,112.4195,114.0040,1102489
2020-01-30,114.1386,115.8672,114.1386,114.8795,800957
2020-01-31,114.8773,116.0198,113.8736,114.8347,1093226
2020-02-03,115.0804,115.8192,112.0862,115.8192,817348
2020-02-04,114.6782,115.3399,111.5891,112.4678,1291246
2020-02-05,113.0252,114.7279,112.8691,114.7279,1408680
2020-02-06,115.3832,118.3712,115.3832,118.3712,2084030
2020-02-07,118.2491,118.2491,115.4461,117.7205,1208743
2020-02-10,118.2614,119.2848,116.6673,119.2848,711034
2020-02-11,119.0768,119.0768,116.9955,117.8775,1500182
2020-02-12,117.4711,117.4711,112.7610,112.7610,2717927
2020-02-13,112.8965,113.4967,112.0363,113.4967,1144596
2020-02-14,113.5036,113.5207,110.7773,113.5207,605701
2020-02-17,113.4817,113.8081,112.8879,112.8879,1173772
2020-02-18,112.9133,113.0386,112.3428,113.0101,1057334
2020-02-19,113.0685,113.4315,112.9761,113.4231,709728
2020-02-20,113.3727,113.3727,111.8188,112.6193,1670218
2020-02-21,112.7439,114.4937,112.1115,114.4937,1742861
2020-02-24,114.5128,115.6177,114.1335,114.6794,753783
2020-02-25,114.6186,114.8238,114.0872,114.4216,987379
2020-02-26,114.7362,115.9179,114.6070,115.5614,1063103
2020-02-27,114.9972,115.1881,113.5587,113.5587,1655981
2020-02-28,113.5726,114.6177,112.9938,113.7671,1187388
2020-03-02,113.4216,113.4216,112.1038,112.6035,1140851
2020-03-03,111.9268,111.9268,110.4536,110.4536,1837758
2020-03-04,110.6532,111.7014,110.1604,111.2920,1529770
2020-03-05,111.4307,112.2158,111.3736,112.2158,1523869
2020-03-06,112.5693,113.8317,112.5693,113.6111,2028222
2020-03-09,113.4717,113.7535,112.3776,112.3776,1268979
2020-03-10,112.4069,112.9105,112.1650,112.5083,1003594
2020-03-11,112.7410,113.7502,112.7410,113.5019,1853316
2020-03-12,113.5274,114.2848,113.4371,113.7647,895583
2020-03-13,113.5272,114.4228,112.6299,112.7147,2340701
2020-03-16,112.7269,112.9383,112.1615,112.8820,748049
2020-03-17,112.7873,113.0093,111.7694,111.8366,1835326
2020-03-18,112.1763,113.4297,112.1763,113.1550,1127363
2020-03-19,113.5904,115.2074,113.5904,115.2074,1757843
2020-03-20,114.7538,114.9002,113.4064,113.4064,1476467
2020-03-23,113.1609,113.1609,111.8781,112.0498,1889776
2020-03-24,112.0169,112.5121,111.6643,111.9326,530067
2020-03-25,111.4904,111.4904,109.6688,109.6688,1829333
2020-03-26,109.5992,109.6772,108.9941,109.3871,1295914
2020-03-27,110.0796,111.7109,109.6776,111.7109,2430612
2020-03-30,111.4776,111.4776,110.2648,110.2789,1308707
2020-03-31,110.2543,110.6679,109.9792,109.9792,859567
2020-04-01,109.9086,109.9086,108.0918,109.3399,1668022
2020-04-02,109.4823,110.3378,109.0899,110.1586,828940
2020-04-03,110.4018,111.8365,110.4018,111.7831,1698374
2020-04-06,111.8115,111.9886,111.0540,111.9886,993805
2020-04-07,112.0299,112.7230,112.0299,112.6466,1412129
2020-04-08,112.3331,112.5247,110.9179,110.9514,2196892
2020-04-09,110.9735,111.1223,110.2307,111.0549,1009528
2020-04-10,110.9278,111.6675,110.6635,110.6635,973855
2020-04-13,110.9210,111.8209,110.8760,111.4452,954730
2020-04-14,111.3491,111.3491,110.5335,111.1334,1060388
2020-04-15,111.2162,112.2227,111.2162,111.5164,1228496
2020-04-16,111.6446,111.9667,110.6278,111.9242,1202958
2020-04-17,111.8224,112.1814,110.5104,110.5104,1802373
2020-04-20,110.3153,110.7600,109.5542,109.5542,1781742
2020-04-21,109.8282,110.8890,109.8282,110.6330,1570801
2020-04-22,111.0618,112.2757,111.0618,112.2335,1294523
2020-04-23,112.3022,112.9185,112.3022,112.5502,963822
2020-04-24,112.4884,113.6082,112.2852,112.2852,668090
2020-04-27,112.3217,113.2627,112.3217,112.7132,925475
2020-04-28,112.2847,112.6160,109.3278,109.5693,3152817
2020-04-29,110.0648,111.4191,110.0648,111.1799,1503230
2020-04-30,111.0822,111.2513,109.9814,110.4430,1343517
2020-05-01,110.4063,110.6458,109.9139,109.9139,989506
2020-05-04,109.2775,109.2775,107.3510,107.3510,1312177
2020-05-05,107.7560,109.0012,107.6797,109.0012,1262499
2020-05-06,108.6474,108.6474,107.6908,107.7590,1610492
2020-05-07,107.7690,107.8709,106.6599,107.8709,1086117
2020-05-08,107.2519,107.2519,105.8023,105.8023,3177312
2020-05-11,105.7369,105.9230,105.1304,105.4765,966852
2020-05-12,105.3437,105.4994,104.6059,104.6059,2204693
2020-05-13,104.5677,104.5677,103.9559,104.3748,942496
2020-05-14,104.3504,104.7684,103.3745,104.0588,759180
2020-05-15,104.0275,104.7743,103.8716,103.8716,1809906
2020-05-18,104.0281,105.0250,104.0281,104.8273,1067728
2020-05-19,104.7451,105.2824,104.3656,104.4013,910219
2020-05-20,104.2850,104.4461,102.8990,102.8990,2475478
2020-05-21,102.9180,103.8255,102.2850,103.0933,716484
2020-05-22,103.0093,103.0697,101.3812,102.3844,1750191
2020-05-25,102.2520,102.2520,100.6247,101.4501,1567782
2020-05-26,101.6693,102.1648,100.9801,102.1648,1927640
2020-05-27,101.9992,102.3520,101.0874,101.0874,1316919
2020-05-28,101.0765,101.4326,100.8946,100.8946,905171
2020-05-29,100.8963,101.1105,100.5481,100.9107,977643
2020-06-01,100.8006,100.8006,99.3528,100.1722,992017
2020-06-02,100.0860,100.3537,99.3790,99.5318,1217919
2020-06-03,99.5893,100.3358,98.8611,99.7375,914126
2020-06-04,99.4827,99.4827,98.3251,98.6735,1440498
2020-06-05,99.0836,100.8237,99.0836,100.8237,1683580
2020-06-08,100.9953,102.4471,100.9953,102.0860,1867689
2020-06-09,102.0843,102.7256,101.1889,102.0539,830717
2020-06-10,101.9889,102.0502,100.7557,101.4990,1648422
2020-06-11,101.2872,101.6661,99.9701,99.9701,1077067
2020-06-12,100.5567,102.7238,100.3356,102.7238,1217487
2020-06-15,102.7135,103.6100,101.7720,102.6000,975257
2020-06-16,102.5151,102.5580,101.9352,102.2653,976718
2020-06-17,102.3588,103.0498,102.3588,102.8883,1198407
2020-06-18,102.4354,102.4354,100.7412,101.0799,2074729
2020-06-19,101.4759,102.6472,101.4759,102.6472,1268341
2020-06-22,102.9131,103.4773,102.0773,103.4773,1787172
2020-06-23,103.4241,103.5213,102.7263,103.2044,946135
2020-06-24,103.0096,103.0096,101.0187,101.8543,1660468
2020-06-25,101.8792,102.1873,101.3835,101.9668,1338783
2020-06-26,102.1314,103.1830,101.7944,103.1830,1492365
2020-06-29,102.9603,102.9603,101.9191,102.1214,1795398
2020-06-30,101.8109,102.0209,100.7510,100.9893,1154012
2020-07-01,101.6962,103.1973,101.4727,103.1973,1254890
2020-07-02,103.1631,103.3484,102.7596,103.0303,778740
2020-07-03,103.1480,104.3446,102.5620,104.3446,1668175
2020-07-06,104.2979,104.7620,103.4331,103.4331,1360200
2020-07-07,103.5364,105.2305,103.3385,105.2305,2253610
2020-07-08,105.6205,106.8160,105.2893,106.8160,1740134
2020-07-09,106.7383,107.3190,106.2310,106.3365,1300859
2020-07-10,106.5881,107.5551,106.5881,107.1003,1066143
2020-07-13,106.9203,106.9203,105.6704,105.7485,1471169
2020-07-14,105.7021,105.7021,104.8724,105.1797,837819
2020-07-15,105.2447,106.0672,105.2447,105.5386,660955
2020-07-16,105.1470,105.7258,104.0552,104.0552,3135185
2020-07-17,104.3672,105.3248,104.3641,105.3248,1661433
2020-07-20,105.5633,106.6445,105.5633,106.6445,1588453
2020-07-21,106.9081,107.7737,106.9081,107.7737,1597316
2020-07-22,107.6689,107.6689,106.4474,107.0431,1763047
2020-07-23,106.9832,106.9832,105.6757,106.6963,725985
2020-07-24,106.3343,106.3624,105.6154,105.6154,1168223
2020-07-27,105.7508,106.6669,105.5180,106.6669,1747909
2020-07-28,106.7606,108.0686,106.2908,107.2945,1879925
2020-07-29,107.3918,108.2947,107.3918,107.7787,1223314
2020-07-30,107.7145,107.7724,107.2870,107.5792,694629
2020-07-31,107.5036,107.5632,106.8327,106.8327,1104320
2020-08-03,107.0348,107.4112,106.6590,107.4112,2227942
2020-08-04,107.6871,108.6560,107.5380,108.6560,1285762
2020-08-05,108.6873,109.2277,108.5084,109.1927,1291308
2020-08-06,109.4048,110.1989,109.3145,109.9866,1471525
2020-08-07,110.0337,110.5618,109.6593,110.4602,1270584
2020-08-10,110.3557,110.5463,110.0451,110.0451,814854
2020-08-11,110.5832,112.1850,110.5832,111.8335,3127394
2020-08-12,111.8332,112.0872,110.9713,111.8325,1156484
2020-08-13,111.3406,111.7933,110.3006,110.3006,1718296
2020-08-14,109.9845,110.1613,108.8600,108.8600,1190742
2020-08-17,108.6955,108.8799,107.8715,108.3133,766744
2020-08-18,108.5852,109.6202,108.5852,109.1895,858711
2020-08-19,108.9698,109.6637,107.5863,107.5863,1880897
2020-08-20,107.5762,108.1079,107.2311,107.4595,944043
2020-08-21,107.4680,108.4751,107.1613,107.5026,803359
2020-08-24,107.3442,107.7536,105.9642,105.9642,2092384
2020-08-25,105.7047,105.7047,104.9919,105.1528,1033378
2020-08-26,104.9674,105.3100,104.3360,104.4533,925760
2020-08-27,104.4875,105.2190,103.7094,104.7171,1731719
2020-08-28,104.9446,106.1496,104.9446,105.5797,1346629
2020-08-31,105.6192,106.2055,105.4588,106.1631,1261395
2020-09-01,106.3477,107.0402,106.2948,106.8069,1206458
2020-09-02,106.9467,107.2253,106.1788,107.2253,870980
2020-09-03,107.2619,108.5346,107.2619,107.4333,1063389
2020-09-04,107.3585,107.3585,105.7468,105.9952,2667831
2020-09-07,106.1631,107.3475,106.1631,106.7231,1656231
2020-09-08,106.6350,106.6350,105.8020,106.2956,955196
2020-09-09,106.4261,107.3834,106.2758,107.3834,882521
2020-09-10,107.1336,107.8031,106.5712,106.5712,1092303
2020-09-11,106.4622,106.6610,105.9417,106.1802,751344
2020-09-14,106.2805,106.9692,105.9927,106.4742,887225
2020-09-15,106.7331,108.2916,106.7331,107.7430,1064838
2020-09-16,107.5281,107.8160,106.9032,106.9032,928906
2020-09-17,106.7927,106.7927,105.5155,106.5410,1061203
2020-09-18,106.2366,106.3002,105.3533,105.3533,1732605
2020-09-21,105.4212,105.5648,105.0857,105.5648,1025948
2020-09-22,105.4804,106.4484,105.2348,105.2348,1662076
2020-09-23,105.1445,105.2037,104.8966,104.9370,740277
2020-09-24,105.4687,106.7049,105.0873,106.7049,1299976
2020-09-25,106.5264,106.5264,104.8999,104.8999,3120752
2020-09-28,104.8793,104.9914,104.4180,104.5682,657900
2020-09-29,104.2432,104.3874,102.8380,102.8758,2337713
2020-09-30,103.2385,104.8301,103.2385,104.4161,1446774
2020-10-01,104.3707,104.6966,103.4962,104.1219,975247
2020-10-02,104.1849,104.7172,103.3878,104.7172,830483
2020-10-05,104.7276,104.7853,104.0736,104.7853,633215
2020-10-06,104.6129,105.4474,104.2179,104.2198,1179588
2020-10-07,104.5143,106.3996,104.5143,106.2847,1560526
2020-10-08,106.2234,107.0962,106.0469,106.0469,991965
2020-10-09,106.1648,108.1640,106.1648,108.1640,1701274
2020-10-12,108.3370,109.3399,108.0902,108.8909,1875882
2020-10-13,109.3904,110.9554,109.3070,110.9554,1786479
2020-10-14,111.3871,113.4220,111.3871,113.4220,1687006
2020-10-15,113.4925,113.9166,112.7499,113.9166,946281
2020-10-16,113.6984,113.6984,112.9044,112.9044,935594
2020-10-19,113.0640,113.5029,112.6422,113.5029,1117422
2020-10-20,113.4889,114.0541,112.8039,113.3973,1034652
2020-10-21,113.1471,113.2243,112.3225,112.3225,1051634
2020-10-22,112.9175,114.8550,112.9175,114.8550,1585937
2020-10-23,114.7490,114.7490,113.9192,114.3072,654961
2020-10-26,114.3225,114.6921,113.7948,114.4039,1018801
2020-10-27,114.4294,114.5145,113.8463,114.4956,576564
2020-10-28,114.6864,115.2261,114.1033,115.0464,812802
2020-10-29,114.8856,114.8856,113.3338,114.0192,3200904
2020-10-30,113.8363,114.1366,113.2323,113.3428,967392
2020-11-02,113.3347,113.6186,112.7987,113.3033,962163
2020-11-03,113.3539,113.7314,112.7014,113.7314,989238
2020-11-04,113.3210,113.5654,112.2748,112.2748,1049533
2020-11-05,112.1553,112.2633,111.5523,111.8292,1196523
2020-11-06,112.2741,113.5320,111.9287,113.5320,1185234
2020-11-09,113.8985,114.7707,113.3674,114.7707,1204509
2020-11-10,114.9925,116.5886,114.9925,115.5282,1382878
2020-11-11,115.5817,116.1616,115.1810,115.7125,968203
2020-11-12,115.6122,115.7943,114.4753,115.1605,1308014
2020-11-13,115.1488,115.3226,114.1004,115.0786,1219903
2020-11-16,115.2642,115.9152,115.2642,115.9152,1439197
2020-11-17,116.1757,116.6766,115.7728,116.6766,1417043
2020-11-18,116.5706,116.5857,115.4402,115.5476,901443
2020-11-19,115.3935,116.4893,115.0102,115.0334,1366223
2020-11-20,114.9683,115.0488,114.0821,114.3902,1296359
2020-11-23,114.0522,114.0522,112.8215,112.9108,1584180
2020-11-24,112.7907,113.6003,112.4553,112.4553,682049
2020-11-25,112.1812,112.4686,111.4993,111.5459,1046619
2020-11-26,111.3810,111.4675,110.3230,110.6274,1234442
2020-11-27,110.4943,111.4575,110.1634,110.1634,1217682
2020-11-30,110.1729,110.9137,110.1729,110.2767,387300
2020-12-01,110.2144,110.8367,109.6332,109.6332,1285271
2020-12-02,109.7348,110.9017,109.6910,110.0557,1133703
2020-12-03,110.2599,111.9843,110.1353,111.2359,1693017
2020-12-04,111.2094,111.2094,110.6603,110.7782,883728
2020-12-07,109.8668,109.8668,107.1378,107.6987,1687080
2020-12-08,107.8006,108.2199,107.6229,108.0034,1272788
2020-12-09,108.1170,108.7176,107.9911,108.6049,1420669
2020-12-10,108.6185,109.2574,108.4477,108.7689,825283
2020-12-11,108.6685,109.7157,108.3367,108.3367,930806
2020-12-14,108.3851,108.6834,108.0390,108.5726,842676
2020-12-15,108.8454,109.5198,108.4015,109.5198,2362768
2020-12-16,109.4240,109.9281,108.6329,109.0033,767702
2020-12-17,108.9630,108.9630,107.7573,108.2648,1304605
2020-12-18,108.2460,108.4516,107.9654,107.9654,810649
2020-12-21,107.4893,107.4893,106.1223,106.1223,1660713
2020-12-22,106.0940,106.6871,105.6833,105.6833,924830
2020-12-23,105.4058,105.5014,104.4729,104.4830,1921751
2020-12-24,104.6375,105.5395,104.3068,105.1304,1310515
2020-12-25,105.1096,105.9641,105.0182,105.0590,562462
2020-12-28,105.0991,105.5213,105.0991,105.3009,1064912
2020-12-29,105.4193,106.1358,105.4193,105.9651,1500668
2020-12-30,106.0022,107.4903,106.0022,106.4296,1037730
2020-12-31,106.4510,106.5502,105.9126,106.5502,602640
2021-01-01,106.5260,107.2442,106.1896,106.2886,756408
2021-01-04,106.2159,106.6065,104.9367,104.9367,2748256
2021-01-05,104.9400,105.0867,104.2624,104.9472,641839
2021-01-06,104.2214,104.2214,101.9861,102.7347,2458980
2021-01-07,102.8311,104.0273,102.5907,104.0273,1608254
2021-01-08,104.1839,105.3416,104.1839,104.6496,1128506
2021-01-11,104.6414,104.7527,103.7932,104.6155,998759
2021-01-12,104.6713,106.0738,104.6713,105.0301,1029166
2021-01-13,104.9993,105.1103,104.3218,104.8489,863052
2021-01-14,104.7661,104.7661,103.5584,104.3180,956238
2021-01-15,104.1193,105.0308,103.6554,103.6554,1416465
2021-01-18,103.6589,103.6768,102.9160,103.6768,1299542
2021-01-19,103.4559,104.3594,103.0163,103.0163,906041
2021-01-20,102.8710,102.8710,101.8957,102.2649,1037515
2021-01-21,101.8141,101.8141,100.8522,100.8522,1727761
2021-01-22,100.8138,101.2416,100.7151,100.7182,944234
2021-01-25,100.1995,100.1995,98.4720,98.7328,2364032
2021-01-26,98.5809,98.5809,97.0475,97.6626,1099259
2021-01-27,97.8157,99.1785,97.8157,98.5831,1293506
2021-01-28,98.2132,98.2132,96.4377,96.4377,2024118
2021-01-29,96.3303,97.4524,95.9870,95.9870,899233
2021-02-01,95.6149,95.6913,94.4823,94.4939,2049616
2021-02-02,94.5478,95.7081,94.5478,95.0896,1352850
2021-02-03,94.8898,95.3304,94.3235,94.3235,1447255
2021-02-04,94.6490,95.4696,94.6490,95.4696,2548778
2021-02-05,95.5365,96.3468,95.5365,95.8036,1001983
2021-02-08,95.8388,96.5059,95.8388,96.2134,1202433
2021-02-09,96.3529,97.7660,95.1258,96.8899,836905
2021-02-10,97.8355,102.1398,97.7446,100.2716,2015573
2021-02-11,100.4995,102.9105,99.8896,102.2958,2283632
2021-02-12,102.9744,104.9411,102.9744,104.8636,1886766
2021-02-15,104.6190,104.6190,102.6854,102.8407,1588518
2021-02-16,102.6582,102.7362,101.6925,102.1127,850080
2021-02-17,102.0195,103.9154,100.6925,101.7823,613935
2021-02-18,101.9870,103.4262,101.9870,102.6972,807091
2021-02-19,102.6296,102.6296,101.3699,101.5354,680459
2021-02-22,101.8605,105.2378,101.4161,105.2378,2557086
2021-02-23,105.3678,106.7757,105.3587,106.4703,1033296
2021-02-24,106.4362,108.1671,106.3115,106.3115,917288
2021-02-25,106.3507,107.4758,105.5633,106.7912,875729
2021-02-26,106.8251,107.5921,105.6268,107.2989,698513
2021-03-01,107.2586,108.0206,106.3516,107.1560,643676
2021-03-02,107.3998,108.2887,107.3947,108.1494,1284294
2021-03-03,107.8731,109.0694,102.1133,103.5322,1932728
2021-03-04,103.3631,103.3631,102.3017,103.0055,570497
2021-03-05,103.1480,104.7376,102.9819,104.1613,1100327
2021-03-08,103.2070,105.0207,100.9008,100.9008,1111742
2021-03-09,101.2952,103.5073,100.8746,102.6777,1383295
2021-03-10,102.7382,103.6820,102.3990,103.6815,2081328
2021-03-11,103.2235,103.2235,101.6268,101.8024,1215691
2021-03-12,101.3162,102.3333,97.7838,97.7838,1964581
2021-03-15,97.6994,98.0794,96.1327,96.1327,1419314
2021-03-16,96.4694,98.0457,96.4694,97.2347,946311
2021-03-17,97.2834,98.3979,97.2267,97.5276,1405453
2021-03-18,97.9190,99.1158,97.4878,98.8685,1593306
2021-03-19,99.1555,100.1489,99.1555,99.7672,1592953
2021-03-22,99.5864,99.7950,99.1384,99.1384,1188448
2021-03-23,98.9351,99.0342,97.6937,97.6937,1730695
2021-03-24,97.7261,97.9776,96.8093,97.9776,1470943
2021-03-25,97.8454,98.1682,97.0598,97.0598,999658
2021-03-26,97.0272,97.0272,96.2691,96.8822,1177097
2021-03-29,96.9571,97.8581,96.8900,97.8581,1371062
2021-03-30,97.8323,98.2076,97.5065,97.6066,1227370
2021-03-31,97.6143,97.8812,97.1614,97.7383,1070161
2021-04-01,97.9372,99.1292,97.9372,99.0655,1823790
2021-04-02,99.4711,101.2294,99.4643,101.2294,2918054
2021-04-05,101.2052,101.6296,100.1629,101.0487,991464
2021-04-06,101.2795,101.9446,101.1417,101.9446,924149
2021-04-07,102.6703,104.4817,102.1051,104.4817,2446704
2021-04-08,104.7434,105.8395,104.3851,105.5573,1877034
2021-04-09,105.6418,106.1643,105.1365,106.1643,949684
2021-04-12,106.1826,106.8932,105.8907,106.4047,1165164
2021-04-13,106.4353,106.6342,106.1145,106.6342,1032921
2021-04-14,106.9212,107.6830,106.5659,107.6830,1864817
2021-04-15,107.5433,107.9014,107.0285,107.0285,1251998
2021-04-16,107.0704,107.6931,106.3240,107.4739,1873113
2021-04-19,107.5061,108.0622,107.1336,108.0622,1483752
2021-04-20,108.0222,108.6248,107.7364,107.7364,715338
2021-04-21,107.5350,107.5350,105.7582,106.5663,1303433
2021-04-22,106.3034,106.8182,105.4324,105.4324,1956413
2021-04-23,105.5048,106.1581,105.4458,105.6599,1078280
2021-04-26,105.5271,105.6188,104.1139,104.5580,1099696
2021-04-27,104.4789,104.5591,103.7197,104.0789,1094865
2021-04-28,103.6567,103.9219,102.4198,102.6826,2020740
2021-04-29,102.7403,103.1330,102.3640,103.1164,1160289
2021-04-30,103.0004,103.2378,102.6216,102.6216,1054780
2021-05-03,102.8353,105.0458,102.1721,104.5664,2122883
2021-05-04,103.3978,103.3978,100.1714,100.2109,1743685
2021-05-05,101.3436,105.0376,101.3436,104.8009,1332133
2021-05-06,103.7810,103.7810,101.1826,101.1826,1956869
2021-05-07,101.4617,102.9282,101.4617,102.9282,1641391
2021-05-10,102.6010,103.5376,101.9142,101.9142,1519420
2021-05-11,101.7689,102.4769,100.8335,101.4707,744080
2021-05-12,100.6736,102.0349,98.8211,99.2038,818078
2021-05-13,99.2535,99.7240,96.7339,99.7240,782959
2021-05-14,99.6045,100.8098,98.3660,98.3660,1518071
2021-05-17,99.5248,102.2574,99.5248,102.2574,2368851
2021-05-18,102.3595,103.7390,101.6943,102.6870,725189
2021-05-19,102.6123,103.7954,100.6959,101.8977,1226692
2021-05-20,101.7742,101.7742,99.5340,100.8813,1115263
2021-05-21,100.5516,100.5516,96.5846,99.2031,2440945
2021-05-24,99.6922,102.2138,99.6922,101.0312,1221290
2021-05-25,100.6859,101.1113,99.6713,99.6713,1641165
2021-05-26,100.1396,101.0342,98.8778,101.0342,1068855
2021-05-27,101.5538,108.4125,101.5538,106.7064,2196068
2021-05-28,106.5020,106.5020,105.1828,106.1167,1427106
2021-05-31,104.9224,104.9224,100.6106,100.6106,2431624
2021-06-01,100.1735,100.1735,97.8907,97.8907,1406470
2021-06-02,97.5048,97.5048,96.1322,96.1322,1452749
2021-06-03,96.5351,99.4239,96.1952,98.4284,1142425
2021-06-04,98.5254,99.8625,97.0753,99.7317,1237017
2021-06-07,98.7397,99.1259,96.3324,96.5607,1964202
2021-06-08,96.0179,96.6808,93.7902,93.7902,2273240
2021-06-09,93.9290,95.4737,92.5229,94.5377,1589294
2021-06-10,94.7416,95.5421,92.8068,95.5063,1616369
2021-06-11,94.7914,94.7914,92.5635,92.5635,1199820
2021-06-14,92.3517,92.4863,91.7837,91.8219,1216947
2021-06-15,91.8386,92.6525,91.6519,91.8860,801426
2021-06-16,91.8378,91.8378,90.6532,91.5507,1065516
2021-06-17,91.7698,92.4780,91.6360,92.4780,1410236
2021-06-18,92.4108,92.4108,90.9793,91.5687,1557031
2021-06-21,91.6195,91.7612,90.6106,91.7612,1603711
2021-06-22,91.5779,92.2016,91.0253,91.0253,747444
2021-06-23,91.0457,91.2968,90.5243,91.2968,784938
2021-06-24,91.2868,91.4561,90.6950,91.2421,651660
2021-06-25,90.8968,90.8968,89.0212,89.3981,2232576
2021-06-28,89.0659,89.0659,88.3445,88.3445,1334378
2021-06-29,88.2171,88.6141,87.8338,87.8338,1009193
2021-06-30,88.2227,89.0670,87.8065,89.0670,1915131
2021-07-01,88.9827,89.3066,88.4702,88.4702,950079
2021-07-02,88.5094,88.6557,88.3460,88.6557,605063
2021-07-05,88.7499,90.2142,88.5342,89.9107,1327804
2021-07-06,89.7913,89.7913,88.6085,89.1047,1857963
2021-07-07,89.4230,90.0761,88.9265,90.0761,1313423
2021-07-08,90.0563,90.0563,88.9862,89.9884,491019
2021-07-09,89.8429,90.6937,89.3722,89.3722,872386
2021-07-12,89.5259,90.5247,89.4540,90.5247,1522299
2021-07-13,90.5003,90.8611,89.9595,90.3810,919262
2021-07-14,90.2889,90.7990,89.9060,90.0112,790251
2021-07-15,89.8100,89.8100,88.9625,89.0672,1317777
2021-07-16,89.1789,90.5181,89.1789,90.2734,2255058
2021-07-19,89.9764,89.9764,88.7218,89.3792,2101308
2021-07-20,89.3637,89.9369,89.2300,89.2930,1104130
2021-07-21,89.1277,89.1277,88.0257,88.1606,1241938
2021-07-22,88.1304,88.7997,87.8276,87.8322,1175157
2021-07-23,87.8329,87.8369,87.1298,87.8369,608908
2021-07-26,87.5768,87.5768,86.7307,86.9391,1897664
2021-07-27,86.6569,86.6569,84.8699,85.3603,2422937
2021-07-28,85.3536,85.3536,84.9077,85.3327,676704
2021-07-29,85.3948,85.9219,84.8231,85.9219,1250517
2021-07-30,85.8700,85.8700,85.0346,85.5914,1190633
2021-08-02,85.9702,86.8309,85.9702,86.8142,1590031
2021-08-03,86.4466,86.4466,85.5750,85.7049,1176554
2021-08-04,85.5935,85.7726,84.7664,84.9509,1658288
2021-08-05,84.5264,84.5264,83.2903,83.2903,2279414
2021-08-06,83.2382,83.2382,82.0139,82.7234,1613944
2021-08-09,82.8615,83.7336,82.8615,83.2483,1149952
2021-08-10,83.2498,83.5037,83.0933,83.2627,682742
2021-08-11,83.3818,84.9295,83.1902,84.9295,2719640
2021-08-12,84.8929,85.0840,84.2048,84.3055,1484844
2021-08-13,84.6430,85.2768,84.5729,85.2768,1469818
2021-08-16,85.6215,87.4107,85.6215,87.4107,1856826
2021-08-17,87.2570,87.2570,86.5234,86.5234,1299473
2021-08-18,86.5758,87.2660,85.5577,87.2660,1117558
2021-08-19,87.4069,88.1444,87.0500,88.0853,1891102
2021-08-20,88.3476,89.4879,88.3476,89.4879,2696341
2021-08-23,89.4894,90.0863,89.3866,89.5070,1243134
2021-08-24,89.4257,90.2481,89.1347,89.2110,1146551
2021-08-25,89.1251,89.1321,88.1752,88.7834,1468217
2021-08-26,88.7999,89.1289,88.4162,89.0000,1241435
2021-08-27,89.1332,90.4108,89.1332,89.8178,1264925
2021-08-30,89.7459,89.9472,89.1255,89.1255,858520
2021-08-31,89.1054,89.2029,88.1737,88.9403,608431
2021-09-01,89.2487,90.3155,88.6879,90.2646,1308515
2021-09-02,89.7834,89.8353,88.6882,88.7437,1201558
2021-09-03,88.7301,88.8603,88.5063,88.5327,1032492
2021-09-06,88.6034,89.0178,88.2110,89.0178,817515
2021-09-07,88.5149,88.5149,87.2919,87.2919,2256050
2021-09-08,87.1753,87.4650,86.5572,86.5943,1066681
2021-09-09,86.6847,87.6331,86.6847,86.8907,1367932
2021-09-10,86.9555,87.1991,86.8194,87.1167,1365794
2021-09-13,86.7863,86.9755,85.7877,85.7877,1269463
2021-09-14,86.0548,87.3077,86.0548,86.9379,1555314
2021-09-15,86.8803,86.9720,86.3202,86.5728,1286262
2021-09-16,86.5939,87.4268,86.5939,86.7750,691501
2021-09-17,86.8103,87.1695,86.5187,87.0314,1040550
2021-09-20,87.0467,87.6636,86.8394,87.1721,973422
2021-09-21,87.3753,88.5791,87.3753,87.9147,1836351
2021-09-22,87.7009,87.8261,87.1091,87.1091,740850
2021-09-23,86.9492,87.1101,86.5967,86.5967,761529
2021-09-24,85.9502,85.9502,83.4847,83.7594,2132456
2021-09-27,84.1818,85.2035,83.7151,85.2035,2619553
2021-09-28,85.1022,85.1022,84.4848,84.4848,1779543
2021-09-29,84.6973,85.7616,84.6973,85.5688,2864804
2021-09-30,85.8914,86.8100,85.8214,86.7617,1494677
2021-10-01,86.7547,86.7547,86.0449,86.6238,719006
2021-10-04,86.7863,87.3395,86.5710,87.3205,954269
2021-10-05,87.4791,89.1055,87.4791,89.1055,3331226
2021-10-06,89.1817,89.9576,88.7919,89.5881,876692
2021-10-07,89.6454,90.1705,89.2718,90.0143,857060
2021-10-08,90.0765,90.7197,90.0765,90.4392,930910
2021-10-11,90.4531,90.5298,89.1904,90.5298,1547315
2021-10-12,90.5516,91.1456,90.2143,90.7774,1307246
2021-10-13,90.4162,90.9475,89.3236,89.3236,1760586
2021-10-14,89.2860,89.5314,88.2887,88.6295,1028615
2021-10-15,88.4313,88.4313,86.7691,86.7691,1894212
2021-10-18,86.7607,87.3287,86.6786,86.6786,757831
2021-10-19,86.7055,87.1645,86.0296,86.8056,954687
2021-10-20,86.7525,87.0203,86.3171,86.6411,829524
2021-10-21,86.5350,86.5350,85.5272,86.1376,926756
2021-10-22,86.6128,88.1321,86.6128,87.5519,1268369
2021-10-25,87.5580,87.7901,86.8284,87.6076,638985
2021-10-26,87.5181,87.5181,87.0093,87.2776,1133923
2021-10-27,87.3556,87.5171,86.8258,87.5171,970194
2021-10-28,87.2446,87.3775,86.5213,86.5213,1648544
2021-10-29,86.5458,87.0965,86.4134,86.8929,1206929
2021-11-01,86.6924,87.2420,85.4689,85.4689,898099
2021-11-02,85.5685,86.7182,84.1141,86.7182,837185
2021-11-03,86.7918,86.9969,86.4293,86.9969,673681
2021-11-04,86.7138,87.5890,84.6948,85.6676,1122266
2021-11-05,85.4656,85.9094,83.7650,83.7650,1287108
2021-11-08,84.0648,86.1592,83.4314,85.6619,2185009
2021-11-09,85.4099,85.6152,84.7941,84.8194,1316974
2021-11-10,84.9030,86.5761,84.9030,85.5209,1572034
2021-11-11,85.3355,85.3355,84.3022,84.3022,1982079
2021-11-12,84.4137,85.1758,84.2785,85.1758,991505
2021-11-15,85.1853,85.2651,84.6691,85.2651,862092
2021-11-16,85.3243,86.0226,85.0819,86.0226,1445544
2021-11-17,86.1327,86.9415,85.9225,86.3629,1319060
2021-11-18,86.0589,86.9089,85.2480,85.2480,1954845
2021-11-19,85.1711,85.3309,84.6605,84.8634,1074107
2021-11-22,85.1404,85.8995,84.5947,85.8995,1510642
2021-11-23,85.8383,86.2351,85.2892,85.5901,1303819
2021-11-24,85.3897,85.5489,84.5346,84.7895,1888212
2021-11-25,84.7811,85.1582,84.6581,84.7226,1190639
2021-11-26,84.7676,84.9784,84.3273,84.9225,1288845
2021-11-29,85.1835,85.9155,84.8196,85.7624,1389238
2021-11-30,85.6344,86.4067,85.0454,85.3397,1011213
2021-12-01,85.4676,86.4617,85.2341,86.4617,1648305
2021-12-02,86.7129,87.5059,86.2224,87.5059,1588825
2021-12-03,87.4225,87.8182,86.9217,87.1996,1184067
2021-12-06,87.6586,89.3178,87.6586,88.9455,1580469
2021-12-07,88.9040,89.0626,88.5592,88.8220,664683
2021-12-08,88.8704,89.2809,88.3178,89.2809,1459243
2021-12-09,89.5306,90.0440,89.2554,90.0440,1035555
2021-12-10,89.9509,90.3901,89.1702,89.6688,1633517
2021-12-13,89.5322,89.7575,89.0854,89.0994,1044551
2021-12-14,89.0708,89.4367,88.5470,89.0000,1325927
2021-12-15,89.0879,89.4658,88.5268,89.3173,530256
2021-12-16,89.3348,89.7461,88.9316,89.3874,1701319
2021-12-17,89.5545,90.6117,89.5216,90.4430,1245202
2021-12-20,90.4770,90.9984,90.2948,90.9984,1700908
2021-12-21,91.0145,91.3126,90.5748,91.3126,984820
2021-12-22,91.1306,91.1306,90.1335,90.1335,1179642
2021-12-23,90.2822,91.3642,90.2822,90.9062,1418705
2021-12-24,90.8318,91.1663,90.5092,90.5092,1298526
2021-12-27,90.6189,92.0077,90.6189,91.7693,1573645
2021-12-28,91.9935,93.2160,91.9935,92.5830,1065430
2021-12-29,91.9866,92.0018,90.6400,90.6400,1578734
2021-12-30,90.3417,90.3417,89.5491,89.7118,1969256
2021-12-31,89.6347,89.6347,88.8265,89.2257,1134339
2022-01-03,89.2309,89.6185,88.6917,89.2413,846352
2022-01-04,89.2556,89.3495,88.7246,89.2861,1045519
2022-01-05,89.3546,90.6647,89.3546,90.1282,1405811
2022-01-06,90.2226,91.1069,90.1978,90.7744,1739483
2022-01-07,90.4346,90.4346,89.3827,89.8000,1525494
2022-01-10,89.9656,90.3636,89.6220,90.3636,1136708
2022-01-11,90.3368,90.3368,89.4772,90.2648,1105216
2022-01-12,90.3647,91.3889,90.1139,91.3889,1190998
2022-01-13,90.7547,90.8315,89.2487,89.2487,2609552
2022-01-14,88.9050,88.9050,87.5639,88.1220,2428785
2022-01-17,87.9679,87.9679,86.9251,86.9251,1916207
2022-01-18,87.1361,88.3850,86.4892,88.3850,1419432
2022-01-19,88.3822,89.3807,88.3699,88.3699,889076
2022-01-20,88.2930,88.6696,87.2574,87.3423,1782187
2022-01-21,87.3556,87.5903,86.7532,87.5903,998345
2022-01-24,87.2649,87.3097,86.3870,86.3870,2242551
2022-01-25,86.3575,86.8498,85.9417,85.9417,1416637
2022-01-26,85.9858,86.5332,85.4979,86.3476,958318
2022-01-27,86.3340,87.2049,86.2371,86.2672,934075
2022-01-28,86.2012,86.6104,85.6208,85.6208,1693408
2022-01-31,85.6267,86.1588,85.2834,85.7010,935242
2022-02-01,85.7080,86.5459,85.1638,85.7406,1362868
2022-02-02,85.6957,85.6957,85.3119,85.3119,801664
2022-02-03,85.3573,85.5197,84.6017,85.5197,1075271
2022-02-04,85.4397,85.9225,84.7268,84.9469,1272332
2022-02-07,85.2195,85.8601,84.8799,85.8601,1034362
2022-02-08,85.9084,86.3010,85.1509,86.3010,709387
2022-02-09,86.0959,86.0959,84.7699,84.7699,2137038
2022-02-10,84.6357,84.9370,84.2497,84.2497,1661621
2022-02-11,84.1845,84.3100,83.5066,83.7445,1886376
2022-02-14,83.7388,84.2228,83.5777,83.6983,692901
2022-02-15,83.6077,83.6077,83.0064,83.0241,1495416
2022-02-16,82.7827,82.9457,81.9690,82.0850,1041390
2022-02-17,81.9167,82.0479,81.0519,81.2031,1920107
2022-02-18,81.2831,81.8271,80.6932,81.6846,1682777
2022-02-21,81.5740,82.0043,81.1701,81.1701,1707167
2022-02-22,81.2475,81.6407,80.7882,81.6407,1843252
2022-02-23,81.6577,82.1399,81.4105,81.6970,582411
2022-02-24,81.9724,83.1480,81.8698,83.1480,1780614
2022-02-25,83.1187,83.5397,82.9281,83.0157,1328138
2022-02-28,83.0281,83.2237,82.6327,83.2237,1378394
2022-03-01,83.1566,83.1566,82.1003,82.9292,1145478
2022-03-02,82.9248,82.9248,82.1725,82.8905,1036681
2022-03-03,82.5268,83.2815,81.7637,81.8428,2460965
2022-03-04,82.1032,82.7566,81.6094,82.7566,2266856
2022-03-07,82.7441,83.2664,82.6576,82.6576,1385707
2022-03-08,82.7896,84.2576,82.7896,83.9483,1821582
2022-03-09,83.6559,83.6559,82.5190,82.7190,1715042
2022-03-10,82.6976,82.9235,82.2626,82.6552,842423
2022-03-11,82.5887,82.5887,81.1811,81.5135,1824148
2022-03-14,81.4843,81.4843,79.9505,81.0628,982873
2022-03-15,80.9556,81.1162,80.2631,80.6829,1547913
2022-03-16,80.5608,80.5608,79.6431,80.0125,2264174
2022-03-17,79.8595,79.9612,77.6723,77.6723,2507226
2022-03-18,77.7145,78.7315,77.2719,77.9135,1057779
2022-03-21,77.6891,77.9823,77.1205,77.1205,1779290
2022-03-22,76.7844,77.4562,75.3599,75.4001,1481448
2022-03-23,75.5161,76.0296,75.5072,75.9336,1144190
2022-03-24,75.8781,76.5836,75.5433,75.5433,1249097
2022-03-25,75.5371,75.5371,74.9587,75.5202,982010
2022-03-28,75.4966,75.4966,74.6729,75.4258,1164326
2022-03-29,75.5899,76.0578,75.5768,75.9171,790916
2022-03-30,75.9761,76.5118,75.8133,76.3255,1239124
2022-03-31,76.1295,76.1295,75.1587,75.2584,1677425
2022-04-01,75.2042,75.2042,74.4219,74.5803,1812945
2022-04-04,74.8988,75.6862,74.6567,75.6862,2012528
2022-04-05,75.7444,76.3811,75.7444,75.9745,2008210
2022-04-06,75.6141,75.6839,74.5527,74.8493,1766846
2022-04-07,74.8296,75.3699,74.7732,74.7732,1002612
2022-04-08,74.9541,75.4566,74.7533,75.4566,1125789
2022-04-11,75.5687,76.5466,75.5687,76.3211,1691704
2022-04-12,76.4462,77.3183,76.4462,77.1180,1552293
2022-04-13,77.2998,77.8343,76.9608,77.8343,1015113
2022-04-14,78.1064,79.3672,78.1064,79.3672,2026028
2022-04-15,78.9072,78.9072,77.7114,77.7114,1555020
2022-04-18,77.6853,78.0121,77.4975,77.4975,1268779
2022-04-19,77.4534,77.5312,76.9073,77.0093,1301702
2022-04-20,76.8853,76.8853,76.2695,76.6382,1662957
2022-04-21,76.6196,76.6196,76.2847,76.3714,1167947
2022-04-22,76.4187,77.1633,76.2707,76.5133,818137
2022-04-25,76.5365,76.8807,76.4929,76.6840,936822
2022-04-26,76.7592,77.4298,76.5742,77.2526,1253943
2022-04-27,77.4411,78.0639,77.4411,77.9977,1491769
2022-04-28,78.0534,78.8364,78.0534,78.4910,1846601
2022-04-29,78.5721,79.2808,78.2981,79.2808,2079643
2022-05-02,79.3664,79.7877,79.2049,79.7565,1520494
2022-05-03,79.9380,80.4859,78.9374,80.4859,793830
2022-05-04,80.1845,81.0021,78.3074,79.0131,1351647
2022-05-05,78.5559,78.8655,76.1360,76.1360,1763488
2022-05-06,76.2970,76.9414,76.2151,76.7729,1588132
2022-05-09,77.0593,78.1499,76.8324,77.7123,1194201
2022-05-10,77.5420,77.7950,77.0945,77.0945,1108410
2022-05-11,77.3567,80.2453,77.3567,78.6166,1241853
2022-05-12,78.4589,78.9823,77.8344,78.1587,1706831
2022-05-13,78.0431,78.3635,76.2583,76.2583,2055658
2022-05-16,75.8253,75.8253,74.4646,74.4646,1222854
2022-05-17,74.7586,75.5655,74.7586,75.5655,1708887
2022-05-18,75.5837,75.7863,75.1614,75.7756,932796
2022-05-19,75.9013,77.1027,75.5286,77.1016,1847099
2022-05-20,77.4102,78.0356,77.1684,78.0356,1595030
2022-05-23,78.0210,78.2374,77.3490,77.9029,883117
2022-05-24,77.8649,78.2810,77.6334,77.6334,1169730
2022-05-25,77.7435,79.1346,77.7435,79.1191,1738224
2022-05-26,79.0802,79.7441,78.8762,78.9679,891090
2022-05-27,79.1082,79.6916,78.9151,79.4567,1486134
2022-05-30,79.4172,79.8360,79.1003,79.2376,1175498
2022-05-31,79.3401,79.8201,78.9052,79.8201,1569204
2022-06-01,79.8522,80.1901,79.5365,80.0491,961619
2022-06-02,80.1069,80.6387,80.1069,80.4443,866870
2022-06-03,80.3603,80.4918,79.4134,79.9743,1566016
2022-06-06,79.8809,80.3497,79.6307,79.6307,831347
2022-06-07,79.7293,80.0588,79.6227,79.9163,782742
2022-06-08,80.1335,80.8046,80.1335,80.8046,1425789
2022-06-09,80.6110,80.6110,79.9300,80.1317,1404364
2022-06-10,80.1348,80.4556,80.0326,80.1507,590478
2022-06-13,79.9098,80.1077,79.1275,79.1275,1448964
2022-06-14,79.1616,79.9550,79.1051,79.6813,1379754
2022-06-15,79.3282,79.3282,78.2558,78.4181,1698604
2022-06-16,78.4414,78.5933,77.9128,78.5933,1290586
2022-06-17,78.7056,79.2921,78.6997,79.2473,1050013
2022-06-20,79.2943,80.0378,79.1957,79.6585,1458743
2022-06-21,79.4167,79.4167,78.3927,78.3927,2342479
2022-06-22,78.2694,78.8809,78.0062,78.0062,820814
2022-06-23,78.0051,78.1974,77.7036,78.0002,587871
2022-06-24,77.8952,77.9347,77.4140,77.6222,814177
2022-06-27,77.8922,78.7758,77.7392,78.7758,2484361
2022-06-28,78.7707,79.0556,78.5392,78.7180,1113201
2022-06-29,78.8422,79.4184,78.3968,79.3338,1057038
2022-06-30,79.2645,79.3254,78.6814,78.6814,1162565
2022-07-01,78.5821,78.5821,77.7046,78.3316,771000
2022-07-04,78.2976,78.5931,77.9042,78.1863,828873
2022-07-05,78.1530,78.5168,77.7426,78.0188,1493460
2022-07-06,78.2358,79.0486,78.0741,79.0486,2206816
2022-07-07,79.0188,79.3940,78.8710,78.9358,1024538
2022-07-08,79.1125,79.7815,78.6982,79.6717,1278618
2022-07-11,79.3766,79.3766,78.6613,78.6613,1277573
2022-07-12,78.6327,78.6327,77.9119,78.5562,844666
2022-07-13,78.3118,78.3118,77.6625,77.8262,1577559
2022-07-14,77.7012,77.7012,77.0623,77.3474,1629903
2022-07-15,77.6716,78.7980,77.6716,78.6565,2595371
2022-07-18,78.6546,78.8508,78.2003,78.6361,1215793
2022-07-19,78.5494,78.9132,78.1585,78.3851,826495
2022-07-20,78.2904,78.5024,78.0631,78.0677,827554
2022-07-21,78.0405,78.1659,77.5852,77.9320,811987
2022-07-22,77.7185,78.1990,77.0215,77.1222,1430593
2022-07-25,76.8390,76.8390,75.6779,75.8107,1862478
2022-07-26,75.8381,76.1054,75.7838,76.1054,1130475
2022-07-27,76.3738,77.2344,76.3738,76.9256,769970
2022-07-28,76.8937,77.0593,76.7595,76.8266,874563
2022-07-29,76.7531,76.7531,75.8748,76.5233,1964842
2022-08-01,76.5597,76.8809,76.1259,76.8809,1355423
2022-08-02,76.8775,77.1182,76.3147,76.8600,867774
2022-08-03,76.9027,77.5704,76.7680,77.5528,1335223
2022-08-04,77.0199,77.0199,75.6073,75.6073,2105877
2022-08-05,75.5377,75.6401,75.2838,75.4085,900581
2022-08-08,75.6769,76.8885,75.6769,76.8885,2268523
2022-08-09,76.8421,77.4460,76.5337,76.5337,1220511
2022-08-10,76.5361,77.3062,76.5361,76.5578,1338671
2022-08-11,76.5686,77.3365,76.5359,76.7308,831175
2022-08-12,76.6064,76.6064,75.3859,75.3859,2679047
2022-08-15,75.1633,75.1633,73.9990,73.9990,2805995
2022-08-16,74.0030,74.2226,73.1846,74.0501,846214
2022-08-17,73.9975,74.0801,73.4477,73.8406,844449
2022-08-18,73.8536,73.9469,73.4811,73.9469,1208748
2022-08-19,73.9734,75.0441,73.9734,74.3401,1150812
2022-08-22,74.0767,74.0767,72.9279,73.4065,1658637
2022-08-23,73.1483,73.3760,72.3015,72.3015,1640760
2022-08-24,72.3763,73.3585,72.3763,73.3585,2317051
2022-08-25,73.5190,74.5828,73.5190,73.9537,1514180
2022-08-26,73.9489,73.9583,73.3405,73.8858,703773
2022-08-29,73.8848,74.2793,73.5603,73.8822,911786
2022-08-30,73.9033,74.8600,73.9033,74.1162,684954
2022-08-31,74.1367,74.5292,74.0045,74.3072,715212
2022-09-01,74.5041,75.3177,74.5041,75.0805,1014427
2022-09-02,75.0981,75.2855,74.8309,75.1833,559674
2022-09-05,75.3923,76.0537,74.9274,76.0537,1552715
2022-09-06,76.1786,76.6472,75.5013,76.5339,944730
2022-09-07,76.5410,76.8116,76.4559,76.5962,645040
2022-09-08,76.9938,78.5152,76.6213,78.1604,2030516
2022-09-09,78.2872,79.6044,78.2872,78.6627,1065969
2022-09-12,78.7330,79.0990,78.4486,79.0941,1094323
2022-09-13,78.9250,79.0979,77.6294,78.2610,1658971
2022-09-14,78.0535,78.7184,77.3777,77.3777,1684073
2022-09-15,77.4325,77.8118,77.1031,77.6670,1645754
2022-09-16,77.5649,77.9199,76.9549,77.3304,951299
2022-09-19,77.4588,78.4599,77.2687,78.3272,1694253
2022-09-20,78.6350,79.9394,78.6350,79.8043,2188892
2022-09-21,79.7748,80.1564,79.2740,79.6860,883499
2022-09-22,79.5876,79.5876,78.6926,79.0936,1303888
2022-09-23,79.0287,79.3785,78.5692,78.5692,931204
2022-09-26,78.6573,79.3553,78.6573,78.9841,960205
2022-09-27,78.9006,79.1332,77.7265,77.7265,1978941
2022-09-28,77.5784,77.9072,77.0511,77.0511,2555341
2022-09-29,76.7421,76.7421,75.4828,75.9378,2816410
2022-09-30,75.9294,76.0666,75.5451,75.8923,574418
2022-10-03,76.0363,76.7482,76.0363,76.3291,839880
2022-10-04,76.5137,78.0726,76.4250,77.9153,2248211
2022-10-05,77.7347,77.9214,77.1499,77.1499,1441924
2022-10-06,77.0653,77.0653,76.2587,76.6318,1263882
2022-10-07,76.5443,76.7320,76.0282,76.2708,945517
2022-10-10,76.3017,77.0932,76.3017,76.6968,1073305
2022-10-11,76.9124,77.5756,76.9124,77.4420,2167463
2022-10-12,77.6727,78.4452,77.3556,78.3233,1425099
2022-10-13,78.4974,79.7374,78.4974,79.7374,2507299
2022-10-14,79.5133,79.5133,77.7930,77.7930,2356759
2022-10-17,77.8277,78.8978,77.8277,77.9020,943566
2022-10-18,77.6548,77.6548,76.6212,76.6212,2292827
2022-10-19,76.6796,77.0316,76.5536,76.8721,986494
2022-10-20,76.8690,77.0597,76.2863,76.8136,1086090
2022-10-21,76.9348,77.2391,76.3161,77.2391,1316230
2022-10-24,77.2532,77.4846,76.7868,77.3455,1231110
2022-10-25,77.1159,77.1159,76.0684,76.5171,1664339
2022-10-26,76.7690,77.9023,76.4929,77.7695,1915705
2022-10-27,77.7344,78.0780,77.5150,77.5778,1148229
2022-10-28,77.4507,77.7391,77.0490,77.1893,1265559
2022-10-31,76.8686,77.3352,76.2454,76.2654,1333624
2022-11-01,76.3840,77.9450,76.3840,77.6516,2076474
2022-11-02,77.6351,78.3598,77.2163,77.5617,1459267
2022-11-03,77.3337,77.8543,76.7060,76.7060,3773349
2022-11-04,76.9514,78.3496,76.9514,78.3496,1826619
2022-11-07,78.0825,78.3408,77.3979,77.3979,2118218
2022-11-08,77.5779,79.3801,77.4613,79.3801,3837581
2022-11-09,79.3998,80.3735,79.3998,79.7020,1176719
2022-11-10,79.7944,80.4658,79.2698,80.1329,1252651
2022-11-11,80.1105,80.4604,79.8003,80.0251,919961
2022-11-14,79.8017,79.8017,78.3717,78.4508,1752975
2022-11-15,78.5045,78.8832,78.3406,78.8832,1638826
2022-11-16,78.9396,79.4768,78.6677,79.0553,1040002
2022-11-17,79.1386,79.5041,79.0776,79.3241,1080169
2022-11-18,79.2533,79.6682,78.5636,78.5636,2209051
2022-11-21,78.6078,79.3229,78.5685,78.8678,872015
2022-11-22,78.9600,79.4372,78.5886,79.4372,937477
2022-11-23,79.4876,80.2600,79.4876,79.9185,1355751
2022-11-24,80.0875,80.5477,79.8279,80.4742,989652
2022-11-25,80.4990,80.9965,80.1898,80.6410,1266464
2022-11-28,80.9132,81.5275,80.7958,81.5074,1021229
2022-11-29,81.4991,81.9388,81.2991,81.4384,1016656
2022-11-30,81.2904,81.3672,80.2189,80.6512,1895594
2022-12-01,80.7169,81.5820,80.7169,81.4545,1625746
2022-12-02,81.6280,82.5848,81.6280,82.5848,1403421
2022-12-05,82.5732,82.6608,82.1708,82.4815,640515
2022-12-06,82.5582,83.9426,82.5582,83.9426,1360525
2022-12-07,84.1389,84.5745,83.8134,84.5745,1517487
2022-12-08,84.5859,84.6362,83.9795,84.6362,1235343
2022-12-09,84.8543,86.0097,84.7176,85.7397,1589047
2022-12-12,85.5910,86.0837,85.1810,85.2627,1719324
2022-12-13,85.2917,85.8165,84.5247,85.4180,889471
2022-12-14,85.1389,85.9921,84.3028,84.3028,1141736
2022-12-15,84.1806,84.1806,83.2001,83.3715,1636502
2022-12-16,83.4120,83.4996,83.0521,83.4996,1232862
2022-12-19,83.4242,84.0571,83.0424,83.0424,1595676
2022-12-20,82.4565,82.4565,80.8868,81.0744,2645106
2022-12-21,80.9770,80.9770,79.5746,80.3140,1409143
2022-12-22,80.3230,80.7600,80.3067,80.3633,613715
2022-12-23,80.0527,80.4865,79.3513,79.3572,1234633
2022-12-26,79.2852,79.4828,78.9187,79.1028,617019
2022-12-27,78.8946,78.9071,78.1693,78.1693,1226110
2022-12-28,77.9778,78.0381,77.4983,77.4983,1928574
2022-12-29,77.2886,77.2886,75.6835,75.6835,2786215
2022-12-30,76.1422,77.1230,76.1422,77.1230,1917038
2023-01-02,77.0602,77.0602,75.4627,76.1373,1574190
2023-01-03,76.2887,77.3158,76.2887,76.6439,1279582
2023-01-04,76.5271,76.7217,76.0005,76.0005,1773037
2023-01-05,76.0199,76.4601,75.6735,76.3231,1385195
2023-01-06,76.1531,76.6242,75.5269,75.6526,1732789
2023-01-09,75.6225,76.0554,75.5417,75.5417,824722
2023-01-10,75.3624,75.3624,74.5101,74.9471,1529825
2023-01-11,75.2623,76.4227,75.2623,76.4227,1915977
2023-01-12,76.1441,76.1441,75.1720,75.6101,1989794
2023-01-13,75.8234,77.3384,75.8234,76.8627,1332547
2023-01-16,76.7126,76.7126,76.1161,76.3031,1984790
2023-01-17,76.3359,76.4791,75.9338,76.4791,1065118
2023-01-18,76.2330,76.2894,75.2929,75.2929,1731216
2023-01-19,75.3391,76.0855,75.3391,76.0855,1576578
2023-01-20,76.3900,77.7892,76.0469,77.7892,2948293
2023-01-23,77.7139,77.9938,77.5324,77.5324,893071
2023-01-24,77.6472,78.3876,77.4764,78.3876,1032355
2023-01-25,78.3611,78.5391,78.1444,78.2815,1293870
2023-01-26,78.2185,78.2185,77.5689,77.5689,1442965
2023-01-27,77.6513,78.0254,77.3993,78.0254,1491081
2023-01-30,77.9675,77.9765,77.3447,77.5233,907166
2023-01-31,77.5407,77.9465,77.4681,77.5901,882069
2023-02-01,77.6511,78.1237,77.2973,78.1237,1423430
2023-02-02,78.0694,78.2767,77.2264,77.2264,1172237
2023-02-03,77.2073,77.7042,76.9587,76.9587,896399
2023-02-06,76.8898,76.8898,76.5619,76.5619,1357257
2023-02-07,76.4805,76.4805,75.7510,75.7510,1389838
2023-02-08,75.6775,76.1115,75.3699,75.3699,1235059
2023-02-09,75.2796,75.8085,74.1967,74.1967,1909538
2023-02-10,74.0633,74.0633,72.2947,72.5928,1460327
2023-02-13,72.4154,72.7379,71.3833,71.3833,1082088
2023-02-14,71.6833,72.8937,71.6327,72.8937,1585901
2023-02-15,73.2648,75.5153,73.2648,74.1545,1374537
2023-02-16,74.0617,75.5868,73.1717,73.8528,947893
2023-02-17,74.3432,76.8465,74.0095,75.8424,1960225
2023-02-20,75.8418,76.5557,75.5567,75.8407,706066
2023-02-21,75.2968,75.2968,73.7493,73.7493,1170799
2023-02-22,73.7268,74.3938,73.3049,73.5289,847571
2023-02-23,74.2728,76.2371,74.2728,76.2371,1612495
2023-02-24,75.6890,75.6890,73.5691,73.5691,2339898
2023-02-27,73.2845,73.5026,72.2964,72.2964,1933257
2023-02-28,71.7936,71.9881,70.3275,70.3275,2128538
2023-03-01,70.3597,71.4206,70.3597,70.8129,1065013
2023-03-02,70.7687,72.1052,70.5654,70.5654,1567603
2023-03-03,70.5084,70.8976,69.5489,69.8359,1355748
2023-03-06,69.7611,70.5269,69.2896,69.6033,1359934
2023-03-07,69.7270,71.1711,69.6563,70.9274,1313604
2023-03-08,70.5041,70.5041,68.9896,69.5880,2094625
2023-03-09,69.5392,70.3313,68.9500,68.9500,1425768
2023-03-10,69.1517,70.8812,69.1517,70.8812,1721424
2023-03-13,71.0715,74.2689,71.0715,74.2668,2225417
2023-03-14,74.2405,75.3215,73.0607,74.0256,1298556
2023-03-15,73.7389,74.4607,73.1322,73.1322,1618180
2023-03-16,73.2455,73.6173,72.5876,73.6173,1090284
2023-03-17,73.9489,74.9158,73.3511,74.9158,1183571
2023-03-20,74.7532,75.5608,73.5517,73.8105,1387375
2023-03-21,72.9928,74.2380,71.3156,71.3156,1960639
2023-03-22,71.6869,72.6911,71.6869,72.6911,1608027
2023-03-23,72.5633,72.6379,71.1498,72.2886,940735
2023-03-24,72.1694,73.6252,71.7548,71.7548,1327694
2023-03-27,71.9529,73.5513,71.8182,72.3551,2155414
2023-03-28,72.1410,72.1410,70.7465,71.6504,828021
2023-03-29,71.3581,72.1961,70.6135,70.6135,1143673
2023-03-30,70.4843,70.7236,68.5202,69.5230,1521955
2023-03-31,69.6803,73.0496,69.6803,72.2426,2041141
2023-04-03,71.5997,71.7289,69.7190,69.8518,2799336
2023-04-04,70.2947,71.5162,69.8496,71.5162,2185651
2023-04-05,71.5284,72.2286,69.9794,71.5688,1042569
2023-04-06,71.3128,71.7423,69.8756,70.3841,1160747
2023-04-07,70.0856,71.2049,68.9731,69.2768,1798800
2023-04-10,68.9555,70.1236,67.1753,67.3802,1880549
2023-04-11,67.4353,67.6117,66.3872,67.6117,1058074
2023-04-12,67.4784,67.4784,64.9027,66.1448,1523616
2023-04-13,65.9786,65.9786,64.3775,65.2637,1227731
2023-04-14,65.4220,66.6987,64.8216,66.3709,1640967
2023-04-17,66.0842,66.0842,65.2673,65.5328,1626555
2023-04-18,65.5594,65.6092,65.0867,65.6092,846421
2023-04-19,65.6279,65.9852,65.2895,65.7375,942811
2023-04-20,65.7516,66.1490,65.7516,65.8071,955489
2023-04-21,65.7189,66.4302,65.2488,65.2488,1203492
2023-04-24,65.3826,66.0200,64.5195,66.0200,1152624
2023-04-25,65.9827,66.3192,65.6686,65.7501,1000308
2023-04-26,65.8407,66.5041,65.6226,66.4047,1705398
2023-04-27,66.3490,66.3922,65.7341,66.1403,1287951
2023-04-28,66.2036,66.4168,65.7612,66.4168,1215082
2023-05-01,66.5162,67.5064,66.5162,66.7273,1339936
2023-05-02,66.4566,66.5284,65.7797,65.7797,1726171
2023-05-03,65.7375,65.7910,65.3612,65.3612,1180943
2023-05-04,65.4166,65.9367,65.4166,65.6006,1068329
2023-05-05,65.6152,66.0636,65.5971,65.6988,663687
2023-05-08,65.6901,65.6901,65.0790,65.6355,1195580
2023-05-09,65.5431,65.6917,65.2584,65.2846,1026270
2023-05-10,65.5561,66.1479,65.4387,66.1450,1416624
2023-05-11,66.2042,67.1469,66.2042,66.5206,1870111
2023-05-12,66.4810,66.5426,66.1189,66.2732,1241955
2023-05-15,66.4309,66.8402,66.0088,66.8402,1674531
2023-05-16,66.8669,67.0530,66.5700,67.0206,1283020
2023-05-17,66.5321,66.5462,65.0862,65.0862,3692393
2023-05-18,65.1875,65.7609,65.1287,65.4403,1727879
2023-05-19,65.3662,65.3662,64.8562,65.1697,2074882
2023-05-22,65.1534,65.4221,64.7572,64.8639,1242902
2023-05-23,64.7168,64.7168,64.2097,64.2936,1536737
2023-05-24,64.4012,65.3756,64.4012,65.1941,1378944
2023-05-25,65.1823,65.2848,64.8374,65.1594,1135869
2023-05-26,65.1957,65.5968,64.9600,65.3286,1339195
2023-05-29,65.4613,66.2113,65.4613,65.9572,1057477
2023-05-30,65.8658,65.8658,65.3898,65.5918,2043498
2023-05-31,65.7556,66.1626,65.7556,66.1626,2547119
2023-06-01,66.0977,66.2018,65.0304,65.2164,1643976
2023-06-02,65.1897,66.3213,65.0762,65.0762,1568546
2023-06-05,65.0888,65.3432,64.9214,65.3189,1463513
2023-06-06,65.3070,65.3070,64.6368,65.1122,931541
2023-06-07,65.1823,66.3131,64.8497,66.3131,2711048
2023-06-08,66.2214,66.4970,65.7975,65.8306,1420812
2023-06-09,65.9403,66.3224,65.9403,66.1669,1528346
2023-06-12,66.2372,66.8311,66.2372,66.6621,1714592
2023-06-13,66.7364,67.4867,66.7364,67.0215,2219163
2023-06-14,66.9672,67.0123,66.4125,66.7813,849684
2023-06-15,66.8835,67.7698,66.8835,67.7510,1920526
2023-06-16,67.7831,68.2231,67.4436,67.9041,1057791
2023-06-19,67.9699,68.0978,67.5837,68.0978,1372343
2023-06-20,68.1723,68.5695,68.1127,68.5695,1537484
2023-06-21,68.5377,68.8397,68.1344,68.3214,1057766
2023-06-22,68.1977,68.1977,67.6377,67.8138,2138820
2023-06-23,67.9955,68.9140,67.9955,68.9140,2514817
2023-06-26,68.7255,68.7255,67.4285,67.4285,1961854
2023-06-27,67.1630,67.3287,66.1065,66.1372,1535944
2023-06-28,66.3159,66.6492,65.5878,66.6492,1458891
2023-06-29,66.2921,66.2921,65.2900,65.3738,2803607
2023-06-30,65.3684,65.9855,65.1796,65.3103,1848323
2023-07-03,65.8332,67.1140,65.8332,67.1140,3232337
2023-07-04,66.8922,66.8922,65.9925,66.4597,1431579
2023-07-05,66.4514,67.0120,66.3668,66.4343,786737
2023-07-06,66.5077,67.2104,66.5077,67.0709,1485668
2023-07-07,67.1296,67.5870,67.0293,67.4055,886756
2023-07-10,67.3798,67.7163,67.3045,67.3045,800343
2023-07-11,67.2528,67.3491,66.8397,66.8587,1276099
2023-07-12,66.8207,66.9411,66.3101,66.7147,900505
2023-07-13,66.7654,67.4349,66.7654,67.1224,994326
2023-07-14,66.7666,66.7666,65.5796,65.8938,1748130
2023-07-17,65.6563,65.7290,64.9821,64.9893,2104573
2023-07-18,65.0204,65.3404,64.8022,65.0944,1134378
2023-07-19,65.0627,65.2334,64.4041,64.7387,1581514
2023-07-20,64.7943,65.0312,64.6192,65.0312,1657925
2023-07-21,65.0294,65.2355,64.8240,65.0033,733451
2023-07-24,64.7253,64.7253,63.9679,63.9679,2466747
2023-07-25,64.0386,64.7880,64.0386,64.2234,1376496
2023-07-26,64.6857,65.7798,64.6857,65.7087,3162196
2023-07-27,65.5583,65.6874,65.2131,65.2131,1989431
2023-07-28,65.1517,65.1517,64.6254,64.9596,890150
2023-07-31,64.4950,64.4950,63.5852,63.5852,3118413
2023-08-01,63.6210,64.3497,63.6210,64.2828,1784824
2023-08-02,63.9839,63.9839,63.0006,63.1509,2066551
2023-08-03,63.2542,64.0299,63.2542,64.0299,3268030
2023-08-04,64.0417,64.1445,63.6461,64.1445,813922
2023-08-07,64.1754,64.7456,63.9364,64.5765,1474768
2023-08-08,64.4149,64.5248,63.9355,63.9355,1907252
2023-08-09,63.9945,64.6322,63.9945,64.1288,1286905
2023-08-10,64.0364,64.1634,63.6360,63.8369,595130
2023-08-11,63.5596,63.6137,62.7268,63.0173,1328299
2023-08-14,63.1434,63.7262,63.1434,63.7262,2708927
2023-08-15,63.8351,64.5145,63.8290,64.2270,1360553
2023-08-16,64.2296,64.5243,64.0122,64.2392,846408
2023-08-17,64.0845,64.0845,63.4917,63.4917,1939700
2023-08-18,63.6278,63.9440,63.0621,63.9440,1680909
2023-08-21,63.9492,64.0424,63.5187,64.0424,1106095
2023-08-22,64.0185,64.0185,63.4334,63.5717,1948515
2023-08-23,63.4390,63.4992,62.5304,62.5696,2282739
2023-08-24,62.4268,62.4268,60.9240,60.9240,2216495
2023-08-25,60.7888,61.2410,60.4414,60.4414,1098926
2023-08-28,60.4500,60.7091,60.3105,60.4869,1129058
2023-08-29,60.5974,61.2493,60.5974,61.0279,1704667
2023-08-30,60.9365,61.3436,60.7468,60.7468,1120942
2023-08-31,60.6893,60.9165,60.5509,60.5509,1438012
2023-09-01,60.5519,60.8696,60.1981,60.5592,826604
2023-09-04,60.3024,60.3254,59.5556,59.6785,1550050
2023-09-05,59.6568,60.2291,59.4946,59.4946,944530
2023-09-06,59.4272,59.4272,58.9267,59.0731,832874
2023-09-07,59.1656,59.8619,58.9460,59.8352,1903273
2023-09-08,59.8269,60.4405,59.7044,59.7365,978592
2023-09-11,59.7394,60.3795,59.7394,59.7525,654182
2023-09-12,59.6667,59.6813,58.9808,59.1061,1507952
2023-09-13,59.0326,59.1629,58.5957,58.7034,1020815
2023-09-14,58.6884,59.0125,58.6373,58.6373,882780
2023-09-15,58.7338,59.1891,58.7338,59.0801,1754825
2023-09-18,59.0957,59.5901,59.0957,59.1422,949721
2023-09-19,59.1190,59.1190,58.6055,58.7677,1723844
2023-09-20,58.7553,59.0439,58.4954,58.7119,1020834
2023-09-21,58.8742,60.1308,58.8742,59.9272,1954774
2023-09-22,60.0435,60.9907,60.0435,60.5803,1639200
2023-09-25,60.6162,60.7439,60.4164,60.6922,1100637
2023-09-26,60.7094,61.2360,60.7094,60.8712,853838
2023-09-27,61.2761,62.0848,61.2761,62.0763,1891959
2023-09-28,62.1263,63.0941,62.0857,62.8813,1241594
2023-09-29,63.0768,63.5802,63.0768,63.5802,1467946
2023-10-02,63.3415,63.3415,62.4121,62.8374,1364094
2023-10-03,62.7995,62.9314,62.4648,62.7032,766121
2023-10-04,62.6272,62.6638,62.0789,62.3290,1285788
2023-10-05,62.1230,62.1230,61.2296,61.2296,1832784
2023-10-06,61.2557,62.0329,61.2557,61.5181,1323129
2023-10-09,61.6725,62.0020,61.2815,62.0020,1041253
2023-10-10,61.9103,61.9103,61.3004,61.3004,1529117
2023-10-11,60.8773,60.8773,59.4741,59.4741,3286145
2023-10-12,59.4542,59.4790,59.1508,59.2388,1133704
2023-10-13,59.1697,59.1697,58.5553,58.5553,2246379
2023-10-16,58.5728,58.8296,58.3429,58.6119,1264970
2023-10-17,58.4541,58.4541,57.8773,57.9331,1751658
2023-10-18,57.8886,58.0202,57.3441,57.7404,1058200
2023-10-19,58.0643,58.9615,58.0426,58.9615,1884088
2023-10-20,59.0435,60.3666,59.0435,60.0958,1265834
2023-10-23,60.3218,61.0306,60.1360,60.9747,2046184
2023-10-24,60.9991,61.2368,60.5718,61.0605,1141754
2023-10-25,61.0452,61.1685,60.7503,60.8977,1011910
2023-10-26,60.6279,60.6279,59.5444,59.6293,1976561
2023-10-27,59.5799,59.5799,58.8245,59.1727,1691899
2023-10-30,59.1740,59.1766,58.8830,59.1766,940469
2023-10-31,59.1974,59.3120,58.7818,59.3120,837023
2023-11-01,59.2157,59.3710,58.6815,58.8639,1511987
2023-11-02,58.8345,58.8964,58.4758,58.4758,1215577
2023-11-03,58.3950,58.5561,57.8766,57.9170,952013
2023-11-06,57.8170,57.8170,57.2028,57.5693,1202462
2023-11-07,57.5454,57.7687,57.1345,57.4098,732099
2023-11-08,57.4297,57.6989,57.1358,57.6939,1365141
2023-11-09,57.4152,57.4152,56.4354,56.7314,1839780
2023-11-10,56.5178,56.6422,56.0178,56.0178,1375730
2023-11-13,56.0200,56.0249,55.2753,56.0249,1101010
2023-11-14,55.8964,56.2285,55.4961,55.5805,1283084
2023-11-15,55.7184,56.0113,55.4889,56.0113,1019138
2023-11-16,55.9201,56.0789,55.4141,55.4141,1454980
2023-11-17,55.3659,55.3659,54.7529,54.8382,1765748
2023-11-20,54.8961,55.3950,54.8853,55.0067,1170458
2023-11-21,54.9836,55.2284,54.8118,54.8118,1529571
2023-11-22,54.9069,55.7818,54.8075,55.7818,1672905
2023-11-23,55.7675,55.8171,55.2032,55.7315,1263439
2023-11-24,55.6743,55.6743,55.1148,55.4691,1329358
2023-11-27,55.5304,55.7544,55.1305,55.7544,1339341
2023-11-28,55.6722,55.6892,55.0116,55.4899,694852
2023-11-29,55.4961,55.5204,55.0556,55.5204,718565
2023-11-30,55.5380,55.9319,55.5115,55.7433,1330779
2023-12-01,55.6762,56.0448,55.1956,55.2400,1744900
2023-12-04,54.8442,54.8442,53.9492,54.0835,3631770
2023-12-05,54.0934,54.5196,54.0934,54.1865,980132
2023-12-06,54.1098,54.1151,53.5405,53.9587,1191484
2023-12-07,53.9942,54.6617,53.4400,54.6617,2364154
2023-12-08,54.6920,54.8430,54.4663,54.7511,762482
2023-12-11,54.8044,55.8116,54.8044,55.8116,1740966
2023-12-12,55.5562,55.5562,54.4995,54.4995,2688443
2023-12-13,54.3488,54.3488,53.9549,53.9549,1914521
2023-12-14,53.9781,54.1432,53.9781,54.0628,1499358
2023-12-15,54.2042,54.8023,54.2042,54.8023,2045099
2023-12-18,54.8313,55.1710,54.5926,54.9137,1201110
2023-12-19,54.6672,55.0534,53.9463,54.1872,2090826
2023-12-20,54.1787,54.4614,54.0672,54.1497,1505952
2023-12-21,54.2196,54.6679,54.1123,54.5075,962600
2023-12-22,54.3982,54.4065,54.1380,54.1441,967934
2023-12-25,53.8765,53.8765,53.0254,53.0254,2197520
2023-12-26,52.9579,53.0013,52.5331,52.5331,1469791
2023-12-27,52.5769,52.9232,52.5416,52.8196,1183114
2023-12-28,52.8015,52.8015,52.2633,52.4745,1466136
2023-12-29,52.3974,52.3974,52.0062,52.1900,1106929
2024-01-01,52.1207,52.2237,51.5101,51.8513,1748089
2024-01-02,51.8807,52.3290,51.7681,52.0785,1554173
2024-01-03,52.0628,52.2109,51.7552,51.8945,1388917
2024-01-04,51.8536,52.2492,51.7418,51.7418,889368
2024-01-05,51.6613,51.8306,51.3783,51.4191,1511487
2024-01-08,51.5487,52.1866,51.5487,52.1866,1240034
2024-01-09,52.4894,53.2270,52.4894,53.0630,3289054
2024-01-10,52.9273,52.9643,52.3056,52.3056,1663914
2024-01-11,52.1683,52.1683,51.1393,51.3997,1706356
2024-01-12,51.4064,51.4754,50.9830,51.4275,787810
2024-01-15,51.4611,51.9437,51.3755,51.5315,1220675
2024-01-16,51.5001,51.7562,51.2523,51.4411,1510554
2024-01-17,51.4656,51.8680,51.4656,51.5588,1159016
2024-01-18,51.7415,52.1122,51.5045,52.1122,1765913
2024-01-19,52.0954,52.3848,52.0260,52.0260,864014
2024-01-22,52.2090,52.7695,52.1489,52.5985,1560616
2024-01-23,52.5787,53.0601,52.5077,52.5077,996142
2024-01-24,52.6420,52.9829,52.3345,52.9829,1148449
2024-01-25,52.9673,53.3280,52.8997,52.8997,2025295
2024-01-26,52.9902,53.7522,52.9902,53.5751,2250674
2024-01-29,53.6199,54.2354,53.2635,54.2354,982650
2024-01-30,54.1611,54.3833,53.5447,53.9613,1437136
2024-01-31,53.9610,54.1262,53.7377,53.9596,1261549
2024-02-01,53.9818,54.2170,53.8091,54.0256,779435
2024-02-02,53.7901,53.7901,53.0181,53.3243,1411838
2024-02-05,53.2319,53.2319,52.8174,52.8430,1480310
2024-02-06,52.8222,53.1454,52.4282,52.6714,912563
2024-02-07,52.5472,52.5472,52.0190,52.1376,920152
2024-02-08,52.1784,52.7393,52.1784,52.5585,1229401
2024-02-09,52.5268,52.7492,51.8969,52.0920,1707136
2024-02-12,51.9941,52.0519,51.0826,51.4033,2117506
2024-02-13,51.3228,51.4401,51.0586,51.1030,1310061
2024-02-14,51.3387,51.8680,51.3387,51.8680,2806767
2024-02-15,51.8410,51.8410,51.1881,51.5699,1382054
2024-02-16,51.5652,51.6669,51.3025,51.5410,881989
2024-02-19,51.4731,51.4731,51.2026,51.2480,1806412
2024-02-20,50.7050,50.7050,49.5688,49.5688,2523542
2024-02-21,49.4650,49.4650,48.8054,49.0292,1696233
2024-02-22,49.2038,49.7993,49.2038,49.5681,1424673
2024-02-23,49.7913,50.3553,49.7313,50.3111,1861285
2024-02-26,50.3015,50.3015,50.0244,50.2567,1028572
2024-02-27,50.1756,50.3167,49.7210,49.7210,2001568
2024-02-28,49.7000,49.7000,49.2832,49.5415,1064057
2024-02-29,49.4127,49.4127,48.4222,48.4222,1795726
2024-03-01,48.5514,48.9750,48.5514,48.8435,1258680
2024-03-04,48.8958,49.3116,48.8397,49.0822,1479275
2024-03-05,49.0969,49.5507,49.0969,49.1309,716723
2024-03-06,49.1346,49.1498,48.7417,49.1498,606265
2024-03-07,49.1168,49.4140,48.9653,49.0468,1268617
2024-03-08,49.0091,49.0288,48.6328,48.8630,855921
2024-03-11,48.8597,49.0322,48.7719,48.8331,840863
2024-03-12,48.8417,49.5604,48.8417,48.9617,1236920
2024-03-13,48.9125,49.3122,48.5022,48.5022,2084824
2024-03-14,48.5600,48.7688,48.4311,48.7083,839691
2024-03-15,48.6633,48.7913,48.2369,48.2749,1457546
2024-03-18,48.0469,48.1753,47.3784,47.4041,2050140
2024-03-19,47.3735,48.0071,47.3083,47.3083,1368646
2024-03-20,47.1422,47.1695,46.7708,46.7708,1835013
2024-03-21,46.9640,47.3311,46.8958,47.3311,1872054
2024-03-22,47.3364,47.5480,47.1459,47.3783,950007
2024-03-25,47.5380,48.0312,47.5380,47.9169,2232421
2024-03-26,47.6319,47.9937,47.0738,47.0738,3377627
2024-03-27,46.9844,46.9844,45.6229,45.6229,3430397
2024-03-28,45.6786,46.1082,45.6786,46.1082,1814207
2024-03-29,46.0624,46.1050,45.8139,45.8154,1235471
2024-04-01,45.7552,45.7552,45.1358,45.3867,1330570
2024-04-02,45.1688,45.1688,44.5868,44.5868,2528859
2024-04-03,44.4861,44.4861,43.8055,43.8736,1789618
2024-04-04,43.9692,44.5630,43.9636,44.2948,1513358
2024-04-05,44.3917,45.1072,44.3917,44.8719,2269583
2024-04-08,44.6108,44.6108,43.6582,43.7918,2520657
2024-04-09,43.7502,43.7772,43.2904,43.4293,1505887
2024-04-10,43.6228,44.2705,43.5840,44.2705,2727668
2024-04-11,44.3231,44.5165,44.1849,44.4538,1102936
2024-04-12,44.4442,44.5681,44.2726,44.3653,927852
2024-04-15,44.2881,44.3220,43.6804,43.7164,1300837
2024-04-16,43.6767,43.6932,43.3912,43.4903,1516408
2024-04-17,43.5052,44.0691,43.5052,43.6023,849648
2024-04-18,43.4697,43.6209,42.8164,42.8164,2263623
2024-04-19,42.8529,43.4331,42.8529,43.1461,1121524
2024-04-22,43.1620,43.5755,43.1620,43.3520,985012
2024-04-23,43.2403,43.2403,42.8663,42.9386,1537182
2024-04-24,43.0704,43.8937,43.0704,43.6654,2228635
2024-04-25,43.6520,43.7632,43.6193,43.6193,1005426
2024-04-26,43.6596,44.3089,43.6596,44.0242,2006319
2024-04-29,43.8778,43.9461,43.2863,43.3603,1035851
2024-04-30,43.4749,44.2537,43.4749,44.1372,1933023
2024-05-01,44.1138,44.1138,43.5482,43.7425,1449923
2024-05-02,43.6530,43.7282,43.3103,43.3551,1731951
2024-05-03,43.6765,44.3239,43.5578,44.3239,1937185
2024-05-06,44.1955,44.1955,43.7977,43.7977,1263453
2024-05-07,43.8391,43.9433,43.5324,43.9433,1305670
2024-05-08,43.8653,43.9614,43.6462,43.6924,1116215
2024-05-09,43.6061,43.6061,43.1554,43.2142,1706095
2024-05-10,43.2688,44.0205,43.2688,43.9773,3128660
2024-05-13,43.8999,44.2910,43.6030,43.6030,1203843
2024-05-14,43.6080,43.8597,43.4919,43.6912,1029733
2024-05-15,43.6994,43.9019,43.6344,43.7687,1271193
2024-05-16,43.6468,43.6468,43.2748,43.3398,1432742
2024-05-17,43.3726,43.6101,43.2523,43.6101,962988
2024-05-20,43.7175,44.3237,43.6599,44.2312,2169156
2024-05-21,44.2004,44.3007,43.9789,44.0942,923453
2024-05-22,44.0664,44.1565,43.5531,43.5531,1834161
2024-05-23,43.6871,44.0936,43.5128,44.0405,2243168
2024-05-24,44.1468,45.0101,44.1468,45.0101,2263326
2024-05-27,44.9726,44.9726,44.5741,44.7641,1032553
2024-05-28,44.7845,45.1257,44.6359,44.9765,1304053
2024-05-29,44.9548,44.9932,44.7089,44.7974,1409609
2024-05-30,44.8146,45.1922,44.7876,44.8606,733896
2024-05-31,44.9012,45.1002,44.8622,45.1002,1137274
2024-06-03,45.1411,45.6480,45.1411,45.4775,1615784
2024-06-04,45.5453,45.8599,45.3947,45.6854,1040671
2024-06-05,46.1063,47.0712,46.1063,47.0712,2964539
2024-06-06,47.0756,47.2388,46.9549,47.0885,1082776
2024-06-07,47.2277,47.7270,47.2277,47.5679,2156446
2024-06-10,47.8456,48.7540,47.8456,48.5528,1865620
2024-06-11,48.8162,49.7368,48.7794,49.7368,3170498
2024-06-12,49.6838,49.6838,49.0979,49.3505,1293403
2024-06-13,49.4286,49.8248,49.2722,49.7501,1361619
2024-06-14,49.6541,49.6541,48.9683,49.2827,2968352
2024-06-17,49.2512,49.2512,48.6385,48.9065,1006862
2024-06-18,48.8206,48.8206,48.3955,48.4952,913823
2024-06-19,48.6705,49.1598,48.6705,49.1598,2286812
2024-06-20,49.2179,49.5694,49.2179,49.3429,1295064
2024-06-21,49.7210,50.7186,49.7210,50.7186,2952992
2024-06-24,50.6608,50.8387,50.2030,50.5384,803057
2024-06-25,50.4322,50.4535,49.8804,50.1550,1910138
2024-06-26,50.1748,50.5408,50.1451,50.3499,1150496
2024-06-27,50.4020,50.5072,49.9488,50.5072,728338
2024-06-28,50.5726,51.2306,50.1665,51.2306,1130631
2024-07-01,51.0871,51.3950,50.7597,50.7597,949710
2024-07-02,50.8302,51.0569,50.6739,51.0277,934383
2024-07-03,51.0128,51.1521,50.7598,50.8632,1070609
2024-07-04,50.8278,50.8610,50.5363,50.7023,1250320
2024-07-05,50.8157,51.3879,50.8157,51.3623,1988177
2024-07-08,51.2765,51.4709,50.9082,50.9082,1119653
2024-07-09,51.0308,51.9984,51.0308,51.6872,2010637
2024-07-10,51.7160,51.7887,51.5747,51.7887,907206
2024-07-11,51.7872,52.0938,51.6400,51.7818,514702
2024-07-12,51.5851,51.7251,50.9646,51.1631,1586499
2024-07-15,51.2657,51.9850,51.0140,51.9850,1865255
2024-07-16,52.0856,52.9875,52.0856,52.9875,1265013
2024-07-17,52.7828,52.9372,52.3046,52.3046,1259246
2024-07-18,52.2824,52.2824,51.8425,52.1414,1230538
2024-07-19,52.1345,52.3062,51.5612,52.0129,1043199
2024-07-22,51.9318,51.9665,51.5190,51.6514,737943
2024-07-23,51.7198,52.0914,51.3968,51.9207,1605579
2024-07-24,51.8087,51.8087,50.9246,51.0066,1718319
2024-07-25,50.8817,50.8817,49.5287,49.8874,1977183
2024-07-26,49.8969,49.9266,49.5150,49.9266,1212054
2024-07-29,49.9584,50.2940,49.9486,50.1276,631075
2024-07-30,50.1332,50.3331,49.9724,50.1454,685793
2024-07-31,50.2909,51.3499,50.1737,51.2088,2861690
2024-08-01,51.2487,52.0763,51.2487,51.9646,1308536
2024-08-02,51.9351,52.0035,51.6896,51.6896,1256398
2024-08-05,51.6558,51.8696,51.3094,51.3094,1312173
2024-08-06,51.7925,52.9009,51.7925,52.7518,2024385
2024-08-07,52.7535,53.1314,52.7535,52.7638,1139804
2024-08-08,52.8347,53.0016,52.7623,53.0016,1123894
2024-08-09,53.0243,53.3157,52.9618,53.3039,966002
2024-08-12,53.3088,53.5219,53.3088,53.3958,728809
2024-08-13,53.4462,53.8860,53.4462,53.7099,1012699
2024-08-14,53.7817,54.4420,53.7817,54.0148,999367
2024-08-15,53.9206,53.9553,53.5890,53.5890,1490829
2024-08-16,53.7174,54.2101,53.5876,54.0045,1200448
2024-08-19,53.9842,54.0545,53.7544,53.7544,1082650
2024-08-20,53.6798,53.8882,53.3147,53.5030,2009155
2024-08-21,53.8979,54.8323,53.8628,54.8323,2322947
2024-08-22,54.9809,55.3792,54.8680,55.3792,1549416
2024-08-23,55.3811,55.5282,54.8003,55.4010,1189600
2024-08-26,55.4065,55.4243,54.6503,55.4243,527617
2024-08-27,55.6202,56.4258,55.6202,56.1227,893085
2024-08-28,56.1240,56.5528,56.0129,56.1326,1033606
2024-08-29,56.1625,56.8171,56.1176,56.5817,1479579
2024-08-30,56.5102,56.6281,56.0736,56.2723,1147504
2024-09-02,56.1752,56.3777,55.6687,55.9633,1378199
2024-09-03,56.0121,56.2225,55.8905,56.2225,1043098
2024-09-04,56.2665,56.9520,56.2422,56.6130,1850041
2024-09-05,56.7261,57.9720,56.7261,57.9720,2027091
2024-09-06,57.9509,58.2388,57.7566,57.7566,1732922
2024-09-09,57.6492,58.1170,57.4065,57.4065,1041763
2024-09-10,57.4059,58.0710,57.3999,57.3999,974320
2024-09-11,57.4110,57.5839,56.8069,57.5285,973151
2024-09-12,57.4025,57.5587,57.1135,57.1420,1414150
2024-09-13,57.0222,57.5912,56.3221,56.3221,1454909
2024-09-16,56.3334,56.7809,56.1255,56.5273,772602
2024-09-17,56.5668,56.8080,56.5006,56.8011,908314
2024-09-18,56.8095,56.8545,56.3038,56.8545,1284767
2024-09-19,56.7257,57.5104,56.4247,56.4247,1153653
2024-09-20,56.2566,56.2566,55.6465,55.8588,1692062
2024-09-23,55.9169,56.3287,55.8632,56.3189,1357240
2024-09-24,56.3131,56.4618,56.2518,56.2724,1039935
2024-09-25,56.3754,57.1958,56.3754,57.1958,1919897
2024-09-26,57.1903,57.2249,56.8072,57.1472,826886
2024-09-27,56.9932,57.1018,56.6595,56.6595,1755986
2024-09-30,56.2914,56.3338,55.2787,55.2787,2495622
2024-10-01,55.4043,55.7876,55.3395,55.7876,1065801
2024-10-02,55.9035,56.5486,55.8978,56.5486,1379563
2024-10-03,56.5508,56.6868,55.8692,56.5578,863207
2024-10-04,56.5158,56.6305,55.9688,56.3953,1024022
2024-10-07,56.6798,57.4902,56.6798,57.4902,1330289
2024-10-08,57.2354,57.2519,56.7127,56.7127,1881886
2024-10-09,56.7068,56.9476,56.5121,56.6918,795459
2024-10-10,56.5864,56.9177,56.3374,56.3374,1838709
2024-10-11,56.3671,56.6316,56.1114,56.6316,922723
2024-10-14,56.5967,56.9093,56.0877,56.4619,1043167
2024-10-15,56.5000,56.7868,56.4552,56.7365,1347328
2024-10-16,56.7295,56.7295,56.4822,56.6590,883673
2024-10-17,56.7154,57.4475,56.7154,57.2851,1295743
2024-10-18,57.6951,58.6211,57.6951,58.6211,1850555
2024-10-21,58.6689,58.9176,58.6288,58.7757,833392
2024-10-22,58.9685,59.3951,58.9685,59.3689,1236448
2024-10-23,59.3522,59.3522,58.8138,59.2327,781720
2024-10-24,59.1209,59.1209,58.4915,58.6344,1529809
2024-10-25,58.7006,59.3149,58.6023,59.1024,2437184
2024-10-28,59.0196,59.2617,58.5030,58.5279,1224425
2024-10-29,58.7684,59.4477,58.6732,59.3131,2210184
2024-10-30,59.4606,60.3132,59.4606,60.2977,2138024
2024-10-31,60.7627,63.0353,60.7627,61.8366,2300396
2024-11-01,61.8038,63.5058,61.6622,61.6622,883274
2024-11-04,61.9660,63.0513,61.8696,62.7010,926641
2024-11-05,62.6684,63.1670,61.9207,62.4755,915405
2024-11-06,62.4369,62.7032,61.8081,61.8081,1800656
2024-11-07,61.3391,61.3391,59.6446,59.6902,2569701
2024-11-08,59.5206,59.6836,58.5475,58.5475,1341062
2024-11-11,58.9584,59.7760,58.8870,59.7760,1869254
2024-11-12,60.0405,63.1328,59.7071,62.7700,1833327
2024-11-13,62.8913,63.6734,62.6909,63.4547,1484366
2024-11-14,63.2107,63.2107,61.7577,61.8344,1897917
2024-11-15,61.9373,62.8899,61.9373,62.4473,1901868
2024-11-18,62.7688,64.2787,62.7688,63.7724,1584630
2024-11-19,63.6244,64.7100,62.4186,62.4186,2062422
2024-11-20,62.7188,64.1107,62.7188,64.1107,2173629
2024-11-21,64.0544,64.0696,62.6310,63.5862,1499758
2024-11-22,63.3878,63.3878,62.1379,62.8113,1715013
2024-11-25,62.1191,62.8547,59.9380,59.9380,2576134
2024-11-26,59.9797,60.8276,59.7136,60.0590,877879
2024-11-27,60.3064,60.9280,59.3479,60.9280,1385973
2024-11-28,60.8261,60.8261,59.9086,60.4403,935155
2024-11-29,60.4445,61.0503,60.1413,60.4546,784518
2024-12-02,60.1570,61.1998,59.3048,59.3048,1634601
2024-12-03,59.5649,61.0053,59.5649,60.0795,667243
2024-12-04,60.0665,61.1446,59.6414,59.9068,1092483
2024-12-05,60.1893,62.6967,60.1737,62.6822,1546763
2024-12-06,62.2543,62.6934,60.1224,61.2147,1364664
2024-12-09,61.1979,62.3888,60.7998,60.9879,809937
2024-12-10,61.4737,64.0476,61.2715,62.7244,1404224
2024-12-11,62.7234,63.3667,62.3248,62.7065,697179
2024-12-12,62.8144,64.3310,62.8144,63.7402,1886992
2024-12-13,63.8827,65.0952,63.2630,64.2499,1472446
2024-12-16,64.5683,67.7594,64.5683,67.7594,2297381
2024-12-17,68.0253,69.0633,67.8382,69.0633,1314639
2024-12-18,69.0594,70.7047,68.6662,69.0101,964002
2024-12-19,70.3052,73.7457,70.3052,73.7457,2603470
2024-12-20,73.6416,73.6416,71.0904,72.4413,1323791
2024-12-23,72.7776,74.4845,72.7776,73.6674,959345
2024-12-24,73.6898,74.0116,73.2442,73.7448,577344
2024-12-25,74.0934,75.2289,73.7967,75.1565,1986266
2024-12-26,75.2249,76.1559,75.1515,76.1559,1631544
2024-12-27,76.1640,76.2308,75.5941,76.2308,1391739
2024-12-30,76.1203,76.1203,75.0875,75.0875,1787805
2024-12-31,74.9833,74.9833,74.4380,74.5290,1041140
2025-01-01,74.6028,74.9318,74.0741,74.9318,1132835
2025-01-02,74.8763,74.8763,74.3917,74.4460,924601
2025-01-03,74.3447,74.5795,74.0544,74.1490,875272
2025-01-06,74.3785,75.8031,74.3785,75.6356,2450220
2025-01-07,75.4189,75.4189,74.4902,74.4902,1587953
2025-01-08,74.4427,74.8318,74.2703,74.2703,725055
2025-01-09,74.2205,74.4594,73.8566,74.0029,1313799
2025-01-10,74.1689,74.5061,73.7561,74.5061,1359007
2025-01-13,74.4668,74.6626,74.0517,74.2297,1029532
2025-01-14,74.2569,74.8494,74.2569,74.5564,1141928
2025-01-15,74.4820,74.7639,74.0191,74.0191,2231436
2025-01-16,74.0581,74.5521,73.4974,74.5521,810945
2025-01-17,73.9775,73.9775,72.5381,72.5381,2280722
2025-01-20,72.6490,73.3020,72.6490,73.0266,1219021
2025-01-21,73.1949,74.0931,72.8025,73.5227,970382
2025-01-22,73.4962,73.5938,73.1428,73.2865,898708
2025-01-23,73.4181,73.6718,73.1459,73.6718,844503
2025-01-24,73.7392,73.9835,73.4560,73.8706,1190066
2025-01-27,73.9712,74.2727,73.7440,74.2727,1214132
2025-01-28,74.1699,74.6963,73.7695,73.7695,1631356
2025-01-29,73.7603,73.8692,73.4800,73.6920,887305
2025-01-30,73.6369,73.9441,73.0161,73.2671,1463857
2025-01-31,73.3331,74.2911,73.3243,74.2911,2265637
2025-02-03,74.6430,75.9845,74.6430,75.5972,2315393
2025-02-04,75.6631,75.8338,75.0812,75.7983,1490919
2025-02-05,75.6025,75.6025,74.9989,75.1570,1543747
2025-02-06,75.1910,75.7947,74.8080,75.7947,1043637
2025-02-07,75.9280,76.5106,75.9280,76.4399,1767199
2025-02-10,76.4158,77.0944,75.9161,76.1428,1412500
2025-02-11,76.2961,77.3939,76.1710,77.3939,1593810
2025-02-12,77.3848,77.5372,76.9342,77.3407,594745
2025-02-13,77.3925,77.6766,77.2005,77.6766,746370
2025-02-14,77.6331,77.9343,77.5142,77.5142,798990
2025-02-17,77.4998,77.5989,76.9526,77.4357,1326788
2025-02-18,77.3238,77.5091,76.9379,77.0470,1013370
2025-02-19,77.0732,77.3839,76.6186,77.1727,792278
2025-02-20,77.0686,77.3464,76.7199,76.7349,1101375
2025-02-21,76.6108,76.7654,76.3362,76.3362,956852
2025-02-24,76.0797,76.0797,74.8748,74.8830,2201794
2025-02-25,74.8949,74.9930,74.4900,74.9930,767175
2025-02-26,75.0773,75.8542,75.0773,75.4661,1136315
2025-02-27,75.5034,75.6202,75.1017,75.5795,980083
2025-02-28,75.6595,76.1173,75.6595,76.0861,1056704
2025-03-03,76.0800,76.6005,75.9836,75.9836,838659
2025-03-04,75.5750,75.5750,74.4263,74.6219,935867
2025-03-05,74.8886,75.4159,74.4650,75.4159,1479038
2025-03-06,75.4354,75.6861,74.9791,75.6861,823907
2025-03-07,75.6018,75.6018,74.7448,75.2063,906105
2025-03-10,75.1938,75.2330,74.7371,75.1660,556354
2025-03-11,75.2520,75.6876,75.2287,75.5597,810297
2025-03-12,75.2959,75.2959,74.7699,74.7867,1845711
2025-03-13,74.8622,75.1220,74.3611,75.1073,1436991
2025-03-14,75.1388,75.6713,74.7567,75.2559,838519
2025-03-17,74.8368,75.0647,73.7958,73.8749,1506703
2025-03-18,73.7924,74.3587,73.5826,73.5826,1386682
2025-03-19,73.0057,73.0057,71.2389,71.3146,2236958
2025-03-20,71.2691,71.6525,70.6893,70.6893,1546609
2025-03-21,70.7454,71.6940,70.7454,70.9739,916853
2025-03-24,70.9112,71.0548,70.4274,70.7526,906879
2025-03-25,70.6507,70.6507,69.9808,70.3443,750098
2025-03-26,70.0786,70.4268,69.2494,69.2494,1984715
2025-03-27,69.4784,71.0468,69.4784,70.7289,1931582
2025-03-28,70.9685,71.9835,70.9685,71.9835,3369070
2025-03-31,71.9310,72.5588,71.5674,71.5674,894905
2025-04-01,71.5240,71.5240,70.8760,71.1640,1330787
2025-04-02,71.1357,71.1357,70.5866,71.0083,1347275
2025-04-03,70.8035,70.8035,70.1542,70.3660,802115
2025-04-04,69.8827,69.8827,68.9611,68.9611,2857297
2025-04-07,68.6341,68.8842,67.4457,67.4457,2022697
2025-04-08,67.7481,68.3874,67.3194,68.3874,942424
2025-04-09,68.3629,68.3629,67.5539,67.9292,890329
2025-04-10,67.6509,67.6509,66.8146,67.0814,1357582
2025-04-11,67.0642,67.5164,66.9573,66.9573,1092500
2025-04-14,67.0086,67.4080,66.6867,67.1522,1111504
2025-04-15,67.2964,67.6859,67.0395,67.6859,1161932
2025-04-16,67.8287,68.4756,67.8287,68.3758,1268203
2025-04-17,68.3220,68.8124,66.6777,67.7746,1013574
2025-04-18,67.5138,67.7261,66.7087,66.7087,1452061
2025-04-21,65.7475,66.4564,63.0971,63.0971,2063372
2025-04-22,64.2673,66.5736,64.2673,66.5736,1666626
2025-04-23,66.3852,66.3852,63.4875,64.1377,2489828
2025-04-24,63.9223,63.9223,62.7144,62.7144,1250365
2025-04-25,62.7014,63.4499,61.5437,62.6095,903930
2025-04-28,62.8110,63.6507,62.8110,63.6350,864845
2025-04-29,62.9782,63.0948,60.9464,60.9464,1936897
2025-04-30,60.6650,60.6650,58.9903,59.9622,947120
2025-05-01,60.1780,61.3044,59.5066,61.3044,1876860
2025-05-02,61.3598,61.6584,60.5357,61.6584,650365
2025-05-05,61.5716,62.2097,60.3053,61.1888,808328
2025-05-06,61.5557,62.8306,61.4504,62.4218,1707684
2025-05-07,62.3776,62.3776,61.5264,61.8276,950307
2025-05-08,62.0861,64.2120,62.0861,64.2120,1370894
2025-05-09,64.4217,65.5908,64.4217,65.5908,1182172
2025-05-12,65.7369,66.5245,65.2533,66.1353,1450339
2025-05-13,66.2449,67.8435,66.1885,67.8435,1233059
2025-05-14,67.7121,68.0167,66.9539,66.9539,1199182
2025-05-15,66.9288,67.5457,66.2845,66.8665,652186
2025-05-16,67.2387,69.3286,67.2387,68.9201,2533893
2025-05-19,69.0343,70.2845,69.0343,70.2845,1020691
2025-05-20,70.8570,71.9790,70.4228,71.9790,1215065
2025-05-21,72.2078,73.6314,71.3765,73.6314,1458402
2025-05-22,73.8404,75.4364,73.6907,75.3949,1598030
2025-05-23,75.3896,75.9545,74.3471,75.3737,538930
2025-05-26,74.9926,74.9926,73.2715,73.2863,1484764
2025-05-27,73.0259,73.0259,71.0851,71.6962,1302318
2025-05-28,71.7153,72.1584,71.4456,71.8315,731273
2025-05-29,72.4630,74.5808,72.4630,74.5808,1435646
2025-05-30,74.3425,74.3425,71.7148,72.7430,1277434
2025-06-02,72.7832,74.1681,72.7725,73.3876,1540394
2025-06-03,73.4287,74.1694,71.5353,74.1694,991796
2025-06-04,73.9727,74.0820,72.8540,73.2202,1225509
2025-06-05,73.2528,73.8431,72.8466,73.4247,985845
2025-06-06,73.9021,75.0610,73.2398,75.0610,1413776
2025-06-09,74.8467,76.2100,73.6100,74.2391,837335
2025-06-10,73.6070,73.7530,72.3771,72.3771,1345442
2025-06-11,72.4500,74.2181,72.2996,72.6540,895554
2025-06-12,73.6544,77.0753,73.6544,77.0753,2311807
2025-06-13,77.1845,78.1593,76.7023,78.1404,1190125
2025-06-16,78.3116,78.7206,77.0673,78.7206,919063
2025-06-17,78.5601,78.5601,76.4357,76.4357,785969
2025-06-18,76.7793,78.7391,75.9365,77.9108,1093562
2025-06-19,78.0328,79.0967,77.6134,78.4320,846374
2025-06-20,79.1370,83.3795,79.1370,81.9568,2153617
2025-06-23,82.2310,84.4038,82.2310,84.4038,1122108
2025-06-24,84.3979,84.6685,83.6247,84.3197,1058132
2025-06-25,84.8873,86.7801,84.0613,86.7801,1954382
2025-06-26,87.3420,90.6332,86.5273,88.7188,1100490
2025-06-27,88.8006,89.4291,88.5320,89.4291,1313181
2025-06-30,89.3510,90.0147,89.0519,89.0519,997563
2025-07-01,89.2201,90.0452,89.2201,89.6339,1060414
2025-07-02,89.6318,90.0271,89.5253,89.6257,622312
2025-07-03,89.6285,90.6347,89.4343,89.6729,685497
2025-07-04,90.0105,91.4802,89.7727,91.4802,3111299
2025-07-07,91.4309,92.1303,91.1855,91.1855,1182423
2025-07-08,90.9110,91.4224,89.7336,89.8185,1602178
2025-07-09,89.6263,89.6263,88.4316,88.7669,1627304
2025-07-10,88.1955,88.1955,86.7851,86.8887,1942927
2025-07-11,86.9360,87.2135,86.2405,87.2135,938107
2025-07-14,87.1419,87.2435,86.7442,86.8423,1000707
2025-07-15,86.8991,87.5495,86.6602,87.3986,1243854
2025-07-16,87.3417,87.6580,86.9777,87.0264,1030919
2025-07-17,87.0826,87.7428,87.0826,87.7428,2076514
2025-07-18,87.6415,88.2133,86.9759,87.0366,1402722
2025-07-21,87.0078,87.7584,86.6426,86.7307,1166054
2025-07-22,86.5947,86.5947,85.3550,85.7934,1328526
2025-07-23,85.7706,86.1169,85.4313,85.4891,1273836
2025-07-24,85.1775,85.1775,84.3079,84.5484,1670446
2025-07-25,84.6488,85.6835,84.6488,84.9972,1004195
2025-07-28,84.9164,84.9164,83.2344,83.6605,2130887
2025-07-29,84.0756,85.0891,84.0756,84.8616,1095287
2025-07-30,84.9755,85.8471,84.9755,85.5054,2111851
2025-07-31,85.7369,86.3228,85.4419,86.3228,1362604
2025-08-01,86.2684,86.2684,85.7073,85.7073,1022533
2025-08-04,85.7168,86.2844,85.2062,85.7772,1107686
2025-08-05,86.0606,87.1718,86.0606,86.9453,1429800
2025-08-06,86.6433,86.6433,85.8697,85.8697,1667415
2025-08-07,85.8105,86.3308,85.2158,85.5166,895025
2025-08-08,85.5975,86.4933,85.3365,86.3893,1936802
2025-08-11,86.2485,86.9529,85.2985,85.6647,857521
2025-08-12,85.7212,86.3825,85.6328,86.3825,1080331
2025-08-13,86.5381,88.8149,86.5381,88.8149,3405359
2025-08-14,88.8128,88.8128,88.4138,88.7911,873001
2025-08-15,88.7640,89.6165,88.6880,88.6880,817469
2025-08-18,88.6575,88.6723,88.1385,88.5770,708253
2025-08-19,88.5448,88.6683,88.2513,88.2513,1282043
2025-08-20,88.0457,88.0457,87.5278,87.6554,1426234
2025-08-21,87.7662,88.5713,87.5200,88.5713,1070984
2025-08-22,88.3591,88.3591,87.2861,87.5534,1689829
2025-08-25,87.6512,88.4700,87.2062,88.2353,1486145
2025-08-26,88.2882,88.4974,88.1168,88.4974,988187
2025-08-27,88.9155,90.2366,88.9155,89.9088,1741771
2025-08-28,90.0810,91.5161,90.0810,90.9546,1302772
2025-08-29,90.9909,91.5522,90.9068,91.5522,1137614
2025-09-01,91.5322,92.0884,90.8841,91.3942,848222
2025-09-02,91.3002,91.3002,90.0827,90.7047,826380
2025-09-03,90.7844,91.4223,90.6566,91.2659,1646405
2025-09-04,91.2090,91.6895,90.3468,90.4399,1403474
2025-09-05,90.4501,90.8417,90.0448,90.5252,1101770
2025-09-08,90.5074,90.8853,90.3396,90.4247,818595
2025-09-09,90.2077,90.2077,89.6438,89.6896,1321311
2025-09-10,89.5833,89.5833,88.8061,88.8061,2405454
2025-09-11,88.8902,89.5181,88.5918,89.1985,1471275
2025-09-12,89.6949,90.8049,89.6949,90.7019,1306328
2025-09-15,90.6816,91.4153,90.4498,90.5224,782054
2025-09-16,90.4930,90.8648,89.8964,90.0398,913030
2025-09-17,89.7404,90.7462,89.1277,89.1277,1237900
2025-09-18,88.8418,88.8418,88.2185,88.2185,1866479
2025-09-19,88.3016,88.6518,87.7537,88.4816,1214757
2025-09-22,88.4992,89.4178,88.3250,88.7004,965477
2025-09-23,88.7831,89.1039,88.6055,89.1039,1367604
2025-09-24,89.1202,89.6086,88.2085,89.1581,755101
2025-09-25,88.8417,88.8417,87.7130,87.7130,2332636
2025-09-26,87.7564,88.2154,87.3607,88.2154,1746271
2025-09-29,88.2288,88.6058,87.2523,88.2859,841470
2025-09-30,88.2451,88.2451,87.6178,87.7910,1418998
2025-10-01,87.9712,88.7281,87.9681,88.6006,1161205
2025-10-02,88.5930,89.2483,88.5621,88.5621,876407
2025-10-03,88.6596,89.5728,88.5061,89.0239,694988
2025-10-06,89.3084,90.4165,89.2862,90.4165,1498286
2025-10-07,90.7370,91.7171,90.7370,91.7171,1245820
2025-10-08,91.7718,93.3904,91.7718,92.7664,1389525
2025-10-09,92.6648,92.9134,92.1059,92.1059,1230063
2025-10-10,91.9604,92.0275,91.1861,91.3923,1159109
2025-10-13,91.3243,91.3243,90.1571,90.8295,900590
2025-10-14,90.6351,90.6351,88.7118,89.1696,1377264
2025-10-15,88.8495,89.3062,87.7093,87.7093,1712716
2025-10-16,87.9083,88.8558,87.9083,88.3877,979576
2025-10-17,88.6943,89.2688,88.0989,89.2688,1824047
2025-10-20,89.4786,89.9707,88.8897,89.9707,1167298
2025-10-21,89.8410,89.8951,88.5020,88.5020,1527325
2025-10-22,88.6162,89.2658,88.4358,88.9767,1096196
2025-10-23,88.8721,88.8721,88.1447,88.4202,1199251
2025-10-24,88.4934,89.8231,88.1888,89.8231,1606741
2025-10-27,89.6820,90.0724,88.6318,88.6318,1399406
2025-10-28,88.6186,88.9658,88.1788,88.5420,675766
2025-10-29,88.5346,89.1926,88.4459,88.4459,945232
2025-10-30,88.4728,89.1457,88.4728,88.9134,769304
2025-10-31,88.8426,89.0385,88.0696,88.4906,925529
2025-11-03,88.4270,88.4270,87.4237,87.4510,1734092
2025-11-04,87.4053,87.6702,86.8726,87.2373,618216
2025-11-05,87.2654,87.3434,86.5047,87.3434,1243388
2025-11-06,87.4737,88.1822,86.9246,88.1822,1814350
2025-11-07,88.4355,89.5637,88.4355,89.4137,1465420
2025-11-10,89.1383,89.1383,87.7292,87.7292,1265579
2025-11-11,87.6163,88.0732,87.3394,87.3394,723202
2025-11-12,87.2324,87.2324,85.7888,85.8075,1421630
2025-11-13,85.9828,87.5656,85.9828,87.5656,1803068
2025-11-14,87.5943,87.9557,87.1641,87.8592,825040
2025-11-17,87.8606,88.1837,87.5777,87.8668,935099
2025-11-18,87.9867,88.7714,87.9867,88.2396,887407
2025-11-19,88.2524,88.6674,87.8556,88.3410,834289
2025-11-20,87.7658,87.7658,86.4524,86.5316,1689195
2025-11-21,86.4839,86.5226,85.8859,86.2094,1162625
2025-11-24,86.2869,86.6549,86.1260,86.5924,1754944
2025-11-25,86.5610,86.6970,85.7984,86.3091,1190060
2025-11-26,86.2657,86.2657,85.8073,86.1225,841916
2025-11-27,85.9435,85.9435,84.8517,85.2066,2195835
2025-11-28,84.8890,84.9594,84.1694,84.1694,1173058
2025-12-01,83.9319,83.9319,82.6543,83.3037,1506514
2025-12-02,83.5234,84.6270,83.5234,84.6270,1707474
2025-12-03,84.5548,84.7970,83.9135,84.0797,2017829
2025-12-04,84.1388,84.4943,83.9842,84.4943,1406723
2025-12-05,84.4865,84.9797,84.2652,84.4495,1253718
2025-12-08,84.3114,84.7054,83.7404,83.9215,1055762
2025-12-09,83.9739,84.7204,83.9358,84.0899,785831
2025-12-10,83.9887,83.9887,83.5104,83.7151,1111477
2025-12-11,83.5653,84.0128,82.1792,82.1792,1199507
2025-12-12,82.1445,82.1445,81.4936,82.0342,832197
2025-12-15,81.8887,82.0666,81.5727,81.5727,1891252
2025-12-16,81.6021,82.1616,81.5058,82.1616,1336906
2025-12-17,82.1381,82.4313,81.8374,81.9817,1049949
2025-12-18,81.9666,82.0026,81.4410,81.8552,798879
2025-12-19,81.6298,81.6298,80.4270,80.4270,1951778
2025-12-22,80.3920,80.6260,80.0021,80.0111,835604
2025-12-23,79.9115,80.3185,79.2948,79.6206,1205472
2025-12-24,79.5845,79.9096,79.3757,79.3757,863607
2025-12-25,79.3736,79.3926,78.7213,79.3621,1380179
2025-12-26,79.3983,79.9914,79.3983,79.4699,1032645
2025-12-29,79.5158,79.9283,79.5158,79.6909,801665
2025-12-30,79.7386,80.7902,79.7386,80.4604,1522020
2025-12-31,80.5877,81.2108,80.5877,81.0739,1156227
