ts,open,high,low,close,volume
2010-01-04,100.1114,100.7427,99.7495,100.7427,1899496
2010-01-05,100.9469,101.8580,100.9469,101.5583,1322164
2010-01-06,102.0513,103.1167,101.8266,103.1167,1517805
2010-01-07,103.0845,103.5175,102.1793,102.9712,1100117
2010-01-08,102.6277,102.8990,101.1900,101.9586,1373834
2010-01-11,101.8118,101.8118,100.8418,101.2634,1715433
2010-01-12,101.2055,101.9703,100.1916,100.2330,2371671
2010-01-13,100.3263,101.7666,100.3263,101.7666,1700755
2010-01-14,101.7210,102.6527,101.3975,101.5713,1699696
2010-01-15,101.5813,102.1428,101.5080,101.6625,1516313
2010-01-18,101.8282,102.7449,101.5746,102.4926,1694541
2010-01-19,102.4240,102.5924,102.1204,102.2279,1251923
2010-01-20,102.5559,103.2772,102.5559,103.2772,1274878
2010-01-21,103.3608,104.8023,103.1278,104.8023,1906699
2010-01-22,104.5966,104.7206,103.7525,103.7525,892068
2010-01-25,103.6436,103.7905,102.8693,103.3312,951626
2010-01-26,103.3550,104.3896,103.2903,103.6072,1243586
2010-01-27,103.3830,103.4769,101.2375,101.2375,1908969
2010-01-28,101.3747,102.5617,101.0353,102.5617,2020539
2010-01-29,102.6171,103.5593,102.4809,103.5593,1257233
2010-02-01,103.4454,104.1219,103.0572,103.0572,1796725
2010-02-02,103.1946,104.0389,103.1522,103.8038,1704005
2010-02-03,103.9255,104.1860,103.5330,104.1860,1168838
2010-02-04,104.1542,104.6853,103.7490,103.9015,993676
2010-02-05,103.8054,104.0431,102.2594,102.2594,1967430
2010-02-08,102.2204,102.6072,101.6011,102.1442,1002727
2010-02-09,102.1362,102.3964,101.7540,102.0804,1083578
2010-02-10,102.1461,103.4544,102.1461,102.6725,782076
2010-02-11,102.8418,104.4101,102.8418,103.8408,1393456
2010-02-12,103.4991,103.6678,102.4866,102.4866,1863230
2010-02-15,102.5100,102.9314,101.8066,102.6516,793719
2010-02-16,102.7155,103.2939,102.3842,102.8401,946337
2010-02-17,102.6357,103.0732,101.9627,102.0307,2208298
2010-02-18,101.8428,102.2284,101.1654,101.4345,1551341
2010-02-19,101.8278,103.6427,101.8278,103.6427,3221011
2010-02-22,103.0383,103.0383,101.7522,101.7522,2001298
2010-02-23,101.7280,102.9168,101.5500,101.5500,1217100
2010-02-24,101.4556,101.6940,100.5376,101.2060,838144
2010-02-25,101.0940,101.0940,99.6971,100.3686,1843342
2010-02-26,100.5001,100.8659,99.5004,100.8659,1570954
2010-03-01,101.0267,102.6051,101.0267,102.2762,2286940
2010-03-02,102.1567,102.9218,101.3899,101.6996,2056269
2010-03-03,101.5992,101.5992,99.8589,100.9202,1867128
2010-03-04,100.8384,101.6146,100.3604,100.3604,937684
2010-03-05,100.3058,100.3058,98.3508,100.1240,1511488
2010-03-08,100.1834,100.8921,99.3726,100.4561,1514805
2010-03-09,100.8746,102.4156,100.8746,101.9351,1912581
2010-03-10,102.3664,106.1685,102.3664,106.1685,3285576
2010-03-11,105.9140,105.9140,101.3736,102.5702,3324980
2010-03-12,102.4805,103.1836,100.6732,101.8377,1762921
2010-03-15,101.1672,101.2984,98.7527,99.2176,2563729
2010-03-16,99.2340,99.9659,97.5936,99.3140,1052885
2010-03-17,98.8917,98.8917,96.6284,97.6078,1384995
2010-03-18,97.2864,97.2864,92.1827,94.0830,1691680
2010-03-19,93.8407,94.0727,91.5585,92.0268,1359764
2010-03-22,91.8439,92.8587,89.2555,91.0280,1352971
2010-03-23,91.2412,92.6239,90.6499,92.0806,1458343
2010-03-24,91.9032,91.9032,88.8690,90.5778,2154077
2010-03-25,91.2410,93.1085,91.2410,92.8785,1890420
2010-03-26,92.9017,93.2655,92.1376,93.0001,956883
2010-03-29,93.2622,95.8260,93.2562,95.6644,1389088
2010-03-30,96.3601,97.8212,94.8215,97.8212,2114078
2010-03-31,97.8048,99.4449,97.4989,97.7568,1034929
2010-04-01,97.4960,98.1671,94.7362,95.6314,1883443
2010-04-02,95.8918,97.7464,94.5395,97.7464,1521235
2010-04-05,97.9323,99.1119,96.1988,99.1119,1071965
2010-04-06,98.4625,99.5601,96.6753,96.6753,3502920
2010-04-07,96.9041,98.9486,96.1480,97.9427,1074196
2010-04-08,98.9022,101.7822,98.9022,100.9751,1595273
2010-04-09,101.3829,103.6735,101.3829,102.1526,1216434
2010-04-12,102.4745,103.9100,101.8383,103.0924,1154895
2010-04-13,103.1466,103.6896,101.8924,103.6785,1134078
2010-04-14,103.7064,104.0092,102.9683,104.0092,979126
2010-04-15,104.0968,104.8767,102.7165,104.3325,1277560
2010-04-16,104.3078,104.3078,101.8761,104.2354,976860
2010-04-19,103.8845,105.0631,100.9974,100.9974,2390362
2010-04-20,100.8976,101.1416,99.3641,99.3641,1605512
2010-04-21,98.2660,99.4171,96.1094,96.1094,1743643
2010-04-22,96.0875,98.2152,95.8642,95.9591,1356397
2010-04-23,96.6169,98.2677,95.2965,98.0178,2420622
2010-04-26,97.1682,98.3080,93.5856,93.5856,2633256
2010-04-27,93.7533,97.0242,93.7533,94.3948,887778
2010-04-28,94.6222,97.6555,94.5819,96.2012,1924267
2010-04-29,96.8370,99.5888,96.4358,99.4716,1997297
2010-04-30,99.3457,99.9337,95.7989,98.4322,1305732
2010-05-03,98.3765,98.3765,96.7919,98.1381,1112188
2010-05-04,98.3166,98.7711,98.0999,98.7711,1818884
2010-05-05,98.6982,98.6982,97.2839,98.1628,1651027
2010-05-06,98.1065,98.8132,97.5632,97.7324,1302916
2010-05-07,97.7098,98.3968,97.0029,97.6652,1803343
2010-05-10,97.6830,98.6965,97.4480,97.7370,1027897
2010-05-11,98.0554,99.1841,97.8796,99.0193,1403245
2010-05-12,99.0912,100.4541,99.0912,100.4541,1897174
2010-05-13,100.6025,101.5293,100.6025,101.3130,1005717
2010-05-14,101.4608,102.4589,100.7419,101.9489,1113982
2010-05-17,102.1290,102.6837,102.1290,102.6837,1398504
2010-05-18,102.7096,103.2586,102.7096,102.9199,1636168
2010-05-19,102.8449,103.9074,102.6986,102.6986,1769684
2010-05-20,102.6735,103.1116,102.4781,102.6121,838931
2010-05-21,102.5489,103.0925,101.8651,102.1678,1359257
2010-05-24,102.2309,103.5101,102.2309,102.5368,1706929
2010-05-25,103.0114,104.3496,102.7540,104.0791,1448258
2010-05-26,103.9221,103.9221,102.5822,103.3818,1434243
2010-05-27,103.1580,103.3773,102.6494,102.6494,2002667
2010-05-28,103.0377,104.1701,102.4474,104.1701,1864885
2010-05-31,104.4173,106.0691,104.3945,106.0691,1889160
2010-06-01,106.3615,107.4634,106.1995,107.4634,1899948
2010-06-02,107.4414,108.0542,106.7019,107.2294,1112069
2010-06-03,107.0719,107.8447,106.5869,106.6756,1605021
2010-06-04,106.2548,106.3478,105.0595,105.1394,2040729
2010-06-07,105.2660,106.2641,105.2660,105.5516,1813524
2010-06-08,105.4654,105.9763,105.1271,105.1271,1300903
2010-06-09,105.0674,105.4888,104.6272,104.9333,919945
2010-06-10,105.0415,105.3181,104.2405,105.3181,1400956
2010-06-11,105.6282,106.8938,105.6282,106.5084,1978723
2010-06-14,106.5268,107.1705,106.5154,106.6732,678949
2010-06-15,106.5721,107.1722,105.2540,105.2540,1409905
2010-06-16,105.2041,105.2041,104.1414,104.5450,2098542
2010-06-17,104.3915,104.3915,101.9033,101.9033,3233417
2010-06-18,102.0327,102.4998,101.7906,102.2754,849440
2010-06-21,102.2842,102.3533,101.6490,102.3032,1265458
2010-06-22,102.2414,102.4282,100.9043,101.5325,1527913
2010-06-23,101.2037,101.2827,99.2844,99.2844,2505307
2010-06-24,99.3789,101.1202,99.3789,100.6987,972934
2010-06-25,100.6472,100.7893,100.2125,100.2125,1815982
2010-06-28,100.4672,101.0992,99.6386,101.0992,1056044
2010-06-29,100.9871,100.9871,99.9654,100.0986,1401241
2010-06-30,100.0996,100.7196,99.7916,100.1050,1136497
2010-07-01,100.1176,100.7990,99.7467,100.2035,690082
2010-07-02,100.1670,101.0907,99.4429,99.6000,1454185
2010-07-05,99.6985,100.2162,99.1338,100.1258,865328
2010-07-06,99.9223,99.9223,98.3636,98.5295,2568447
2010-07-07,98.5405,98.7319,97.9832,98.7319,878428
2010-07-08,98.5360,98.7813,97.4138,98.1165,925378
2010-07-09,98.5360,100.3863,98.5360,99.9889,2969960
2010-07-12,99.6694,100.0564,98.0529,98.7377,2051636
2010-07-13,98.7881,100.1241,98.3609,99.6380,1139329
2010-07-14,99.6739,99.8704,99.0666,99.8704,1023212
2010-07-15,99.7961,99.8390,98.5188,98.7168,1836698
2010-07-16,98.4900,98.4900,97.1662,97.1662,1951559
2010-07-19,97.1022,97.1022,96.4262,96.7667,1226264
2010-07-20,96.5684,97.0793,96.0123,96.0813,1339901
2010-07-21,96.0302,96.0470,94.7899,95.3355,1896945
2010-07-22,94.9881,95.6569,94.2016,94.2215,2039998
2010-07-23,94.1883,94.1883,93.1712,93.9955,744188
2010-07-26,94.0466,94.4392,93.6636,94.1440,1811424
2010-07-27,93.7996,94.2971,91.7354,92.6408,1522116
2010-07-28,92.6392,93.7436,91.6185,92.6193,1405171
2010-07-29,92.7101,94.2703,92.3447,94.2703,1279042
2010-07-30,94.2823,96.7115,93.3975,94.4826,1146636
2010-08-02,94.9315,97.6198,94.9315,96.2706,1825719
2010-08-03,95.9111,95.9111,92.0243,93.3842,1629664
2010-08-04,94.3138,98.3456,94.3138,97.3147,2973094
2010-08-05,97.4910,98.8383,97.4910,98.2635,1689594
2010-08-06,97.9182,98.2182,96.9119,96.9119,1248922
2010-08-09,96.8864,97.1423,96.3522,96.4313,1165416
2010-08-10,95.9389,95.9389,94.8988,94.8988,2527236
2010-08-11,95.2166,96.0031,94.7741,96.0031,2118112
2010-08-12,96.0223,96.9144,95.7980,96.2281,704257
2010-08-13,96.0423,96.1234,95.3726,95.6738,1395029
2010-08-16,95.8515,96.9638,95.8515,96.2430,1064272
2010-08-17,96.1663,96.1663,95.4378,95.8276,1035334
2010-08-18,95.9625,96.6169,95.9153,96.6169,1880601
2010-08-19,96.5199,97.1362,95.9965,95.9965,1713033
2010-08-20,95.6446,96.2825,94.0999,94.1375,2742006
2010-08-23,93.9520,94.2508,92.9167,93.5685,765525
2010-08-24,93.4924,93.7698,92.9492,93.1688,1127792
2010-08-25,92.9258,92.9258,91.1296,91.5527,1523513
2010-08-26,91.5792,92.8195,91.5792,92.0250,1376648
2010-08-27,91.9871,92.1395,91.7527,91.8170,1054325
2010-08-30,92.0220,93.3898,92.0220,93.3898,1661107
2010-08-31,93.3085,93.5155,92.8651,92.8651,1093406
2010-09-01,93.1122,93.9390,93.1122,93.9390,1791087
2010-09-02,94.2224,95.1760,94.1747,95.1760,1959253
2010-09-03,95.7048,97.2877,95.6720,97.0121,2103476
2010-09-06,96.3968,96.3968,95.0826,95.0826,2057239
2010-09-07,95.2792,96.5388,95.2792,96.0208,1226763
2010-09-08,96.0691,97.2054,96.0187,96.3506,1301629
2010-09-09,96.6025,97.7397,96.6025,97.1425,1883220
2010-09-10,97.0234,97.0234,95.9995,96.3118,1451115
2010-09-13,96.4824,96.9279,95.7377,96.9279,1932592
2010-09-14,96.6005,96.6005,94.8573,95.0143,1887407
2010-09-15,95.0440,95.5219,94.8836,95.1888,1029122
2010-09-16,95.5025,96.1822,94.7206,96.1728,2675635
2010-09-17,95.8256,95.8256,93.5249,93.7862,3532358
2010-09-20,93.9578,95.6529,93.9578,95.2657,1991864
2010-09-21,95.3459,96.6190,95.2804,96.6190,1753915
2010-09-22,97.0419,98.2092,96.8290,98.1014,1854147
2010-09-23,98.1014,99.3624,97.8850,98.1011,1290490
2010-09-24,98.0430,98.6573,97.7059,97.7059,1096654
2010-09-27,97.8287,98.8537,97.5308,98.7390,1390305
2010-09-28,98.9200,100.0937,98.9200,99.4282,1617343
2010-09-29,99.5269,100.7897,99.5269,100.7897,1951765
2010-09-30,100.5550,100.6320,99.7247,99.9207,1316316
2010-10-01,99.8601,100.5771,99.2523,99.2523,1217001
2010-10-04,98.9230,99.3485,97.4772,98.0403,1535874
2010-10-05,97.8582,97.8582,96.9965,97.4847,1559281
2010-10-06,97.2416,97.2917,96.1639,96.1639,2534985
2010-10-07,96.4163,97.5361,96.1000,97.2389,1015420
2010-10-08,97.1913,98.3026,96.8852,96.8852,1194196
2010-10-11,97.1185,98.2308,96.8813,98.2308,1504619
2010-10-12,98.4740,99.6809,98.4740,99.4133,1967423
2010-10-13,99.6561,100.4994,99.1816,100.3207,887616
2010-10-14,100.2906,100.5025,99.6121,100.1173,775776
2010-10-15,100.2169,100.6849,99.8423,100.5152,1513610
2010-10-18,99.9843,100.6935,98.6289,98.8934,2063210
2010-10-19,99.3179,100.7742,99.3179,100.7742,1766759
2010-10-20,100.4682,100.9801,99.7304,99.7328,1195394
2010-10-21,100.2770,101.3399,100.2770,101.3399,3090507
2010-10-22,101.4317,101.6144,100.1368,101.6144,1216294
2010-10-25,101.5014,101.7774,100.9875,100.9875,1106916
2010-10-26,100.2079,100.2079,98.3166,98.6772,2069826
2010-10-27,98.6304,98.6304,97.2755,98.2069,1307243
2010-10-28,98.1625,98.1929,97.6178,98.0583,1261974
2010-10-29,97.9473,97.9473,96.7679,97.3538,1224744
2010-11-01,97.8905,99.9179,97.8660,99.9179,1501701
2010-11-02,100.0017,100.3187,99.3542,100.3187,1130801
2010-11-03,100.3804,101.9511,100.3804,100.8066,1213368
2010-11-04,101.1806,102.2649,101.0518,102.2649,1601025
2010-11-05,101.7595,101.7595,100.2195,100.3603,1709128
2010-11-08,100.4275,101.2782,100.4275,101.0169,1763747
2010-11-09,100.8713,101.1708,100.2445,100.2445,1425360
2010-11-10,100.2751,100.5384,99.9410,100.5384,1297250
2010-11-11,100.6630,101.1390,99.9717,101.1390,1206891
2010-11-12,101.2226,101.5245,100.6727,101.5245,1276526
2010-11-15,101.4535,102.1263,100.9583,100.9583,1135559
2010-11-16,100.8755,100.8755,99.5041,100.3012,1400695
2010-11-17,100.2461,100.5670,99.7282,99.8871,1044275
2010-11-18,100.0264,101.8693,100.0264,101.8693,2247300
2010-11-19,101.2121,101.2121,98.7035,98.8568,3048371
2010-11-22,98.9794,100.1569,98.4248,99.5178,1478291
2010-11-23,99.3972,99.5347,98.2861,98.4625,980624
2010-11-24,98.2736,98.7936,97.5502,97.6047,1506075
2010-11-25,97.7938,98.8305,97.7938,98.8305,1023165
2010-11-26,99.1524,101.0755,99.1524,101.0755,3752384
2010-11-29,101.1249,101.6477,100.2029,101.3931,865789
2010-11-30,101.4528,102.0322,101.3594,101.9062,1269636
2010-12-01,101.4060,102.1981,99.9101,100.0200,1873614
2010-12-02,100.1788,101.3488,100.1638,101.1260,2014809
2010-12-03,101.2266,101.7904,100.9146,101.7904,1324767
2010-12-06,101.4225,101.4225,98.9654,98.9654,3270171
2010-12-07,98.8311,98.8311,97.7733,97.7733,1302916
2010-12-08,97.4635,97.4635,96.0146,96.8043,806825
2010-12-09,96.8998,97.7904,96.8998,97.0942,1431912
2010-12-10,96.6596,96.8568,95.8235,95.8235,2120396
2010-12-13,95.8128,96.4222,95.6197,95.6197,1476128
2010-12-14,95.6821,95.8068,95.0727,95.8068,851085
2010-12-15,95.7368,95.9960,94.8882,95.5534,936982
2010-12-16,95.5034,95.5142,95.0939,95.1436,1178721
2010-12-17,95.0981,95.5138,94.6288,94.8723,1248348
2010-12-20,94.9596,95.8749,94.9596,95.2671,725383
2010-12-21,95.3696,95.6315,94.5040,95.6315,880753
2010-12-22,95.9179,97.2144,95.9179,97.2144,1742134
2010-12-23,97.3058,99.0857,97.3058,98.5369,1451137
2010-12-24,98.7052,99.5681,98.6677,99.2493,1183257
2010-12-27,99.3312,100.1062,99.1710,99.5502,1085795
2010-12-28,99.6286,101.1651,99.4268,100.7028,1558285
2010-12-29,101.1262,102.2018,101.1262,102.0181,1607505
2010-12-30,101.9225,102.2208,101.4232,101.5735,1203603
2010-12-31,101.6764,102.2636,101.3657,101.9422,1045179
2011-01-03,102.8291,104.5504,102.8291,104.5504,2404061
2011-01-04,104.0444,104.3771,102.4090,102.4090,1702018
2011-01-05,102.5309,103.5313,102.0598,103.5313,2919164
2011-01-06,103.4240,103.8709,103.1236,103.2005,1158431
2011-01-07,102.7967,102.7967,101.5986,102.0277,2460978
2011-01-10,101.9676,102.3207,101.7711,101.8124,1283650
2011-01-11,102.1122,102.9813,101.0819,102.9813,1185151
2011-01-12,103.2155,104.1237,103.2155,103.7953,1240017
2011-01-13,103.8773,104.8241,103.8162,104.2860,998837
2011-01-14,104.1112,104.4087,102.6932,102.6932,2687364
2011-01-17,103.1156,104.7549,103.1156,104.7549,2230379
2011-01-18,104.4532,104.7615,102.4832,102.4832,1856447
2011-01-19,102.6712,103.6164,102.1818,103.5523,2007515
2011-01-20,103.5333,103.6752,102.6571,103.3922,1224421
2011-01-21,104.0472,105.8622,104.0472,105.2904,1489183
2011-01-24,105.3273,106.1121,105.0497,105.6886,846426
2011-01-25,106.4004,108.3272,106.4004,108.3272,2052438
2011-01-26,108.2992,108.2992,107.4635,107.8284,1535724
2011-01-27,107.9823,108.6473,107.9415,108.5897,1371747
2011-01-28,108.6815,109.6927,108.6815,108.9860,997181
2011-01-31,108.6612,108.7346,107.9386,107.9386,1436173
2011-02-01,108.0258,108.7947,108.0258,108.5761,905084
2011-02-02,108.8774,110.8793,108.8774,110.3098,1157190
2011-02-03,110.5544,111.6512,110.5544,111.4545,1629727
2011-02-04,111.4194,111.5660,110.7447,111.3126,1169316
2011-02-07,111.5209,113.0479,111.1072,113.0479,1912964
2011-02-08,113.1895,114.7062,113.0848,114.2015,1107476
2011-02-09,114.3230,115.3997,114.3061,114.9455,1502566
2011-02-10,114.9742,115.4924,114.3252,115.1787,947847
2011-02-11,115.2333,116.2164,114.5802,116.2164,1717114
2011-02-14,116.6304,118.8766,116.6304,118.4683,1311877
2011-02-15,118.3481,119.4970,118.1123,118.1123,1173753
2011-02-16,118.0770,118.1220,117.1999,117.8269,893223
2011-02-17,117.6926,118.3183,116.9795,117.2092,1283523
2011-02-18,117.2408,117.6476,117.1045,117.4144,577090
2011-02-21,117.0317,119.1122,116.1339,116.2667,1035497
2011-02-22,116.6743,120.6648,116.2744,119.4868,1628648
2011-02-23,119.1760,119.4727,114.6202,114.6202,1724992
2011-02-24,114.9656,116.5441,114.1932,116.3161,1643690
2011-02-25,115.1103,115.5158,111.7352,112.3040,1508027
2011-02-28,113.0214,118.1809,113.0214,115.3495,1717700
2011-03-01,115.2799,116.3930,113.7335,114.5070,897738
2011-03-02,113.5709,114.0946,110.0154,111.2931,1952120
2011-03-03,111.6295,112.5576,110.7518,112.3041,1895094
2011-03-04,113.4258,117.4109,113.4258,115.9088,2065594
2011-03-07,115.8092,117.2333,114.1030,114.1030,1335351
2011-03-08,113.6256,115.3011,112.1041,112.4964,1483048
2011-03-09,112.2475,112.2475,110.7526,111.4497,1396504
2011-03-10,111.8764,112.8499,111.6004,112.8499,1701245
2011-03-11,112.8252,113.1697,112.3751,112.6376,1066102
2011-03-14,113.0777,114.5456,113.0777,114.0871,1422448
2011-03-15,114.0479,114.4803,113.3005,113.6878,1016846
2011-03-16,113.4765,113.4765,111.8850,112.0341,1380236
2011-03-17,112.2677,113.6829,111.9524,112.7056,1276263
2011-03-18,112.5562,113.7031,112.2780,112.2780,969209
2011-03-21,112.9253,114.2779,112.9253,114.2779,2302818
2011-03-22,114.2001,114.6985,113.4188,113.9280,880280
2011-03-23,113.5530,113.5530,112.2162,112.4201,1118485
2011-03-24,112.6835,113.8553,112.3018,113.5478,1413551
2011-03-25,113.3537,113.3537,111.5594,111.7704,1691469
2011-03-28,111.9024,112.9246,111.9024,112.9246,1692636
2011-03-29,112.5660,112.7948,111.6018,111.6018,2760141
2011-03-30,111.3961,111.5984,110.2689,110.6126,1357368
2011-03-31,110.7872,111.8543,109.9580,111.8543,2503024
2011-04-01,111.5259,112.0604,110.5880,110.5880,1227456
2011-04-04,110.7459,111.8626,110.4657,111.8626,2216433
2011-04-05,111.8244,111.9005,111.2563,111.5760,795288
2011-04-06,111.6293,112.6730,111.1323,111.8341,1114451
2011-04-07,111.9050,113.2020,111.7139,112.8818,1549821
2011-04-08,112.5458,112.5458,110.7011,110.9584,2677329
2011-04-11,110.7321,110.9640,109.9626,109.9626,2508200
2011-04-12,110.4403,111.9976,109.4362,111.9976,2595100
2011-04-13,111.9661,112.0471,111.4169,111.8790,1339142
2011-04-14,111.8235,111.8235,110.7016,111.4354,1141973
2011-04-15,111.0912,111.0912,108.4879,108.4879,3050090
2011-04-18,108.5941,110.2223,108.5941,108.9568,1113604
2011-04-19,109.0765,110.2505,109.0765,109.3399,1056958
2011-04-20,109.6319,111.0693,109.3866,111.0368,2038376
2011-04-21,110.7223,110.7223,108.9330,109.6181,1361507
2011-04-22,110.8628,113.3932,110.8628,113.3932,2921306
2011-04-25,113.3052,113.3052,111.7572,111.8506,1648210
2011-04-26,111.7467,111.9696,110.4432,111.3939,802130
2011-04-27,111.3668,112.0817,111.0868,111.2006,746275
2011-04-28,111.7902,113.0273,111.7902,113.0273,1763723
2011-04-29,114.1695,116.4620,113.4090,116.4620,2797549
2011-05-02,116.2343,116.5473,115.5185,115.6343,1337768
2011-05-03,115.6524,116.3559,115.6524,115.7500,795608
2011-05-04,115.4913,115.4913,113.2447,113.9145,1624280
2011-05-05,113.8465,114.1854,112.9020,112.9020,741620
2011-05-06,112.6660,112.6660,110.7744,110.7744,2514471
2011-05-09,110.9768,111.4131,110.5948,111.4131,1167977
2011-05-10,111.2878,111.9197,110.4190,110.5971,1142920
2011-05-11,110.9202,113.9672,110.9202,113.9672,2456141
2011-05-12,113.6500,114.2383,112.6509,112.9473,1606526
2011-05-13,112.7932,112.7932,111.7395,112.4184,1863986
2011-05-16,112.2065,112.2065,111.4991,111.7978,1770788
2011-05-17,111.7780,112.4350,111.5959,111.5959,855196
2011-05-18,111.6250,112.5362,111.2442,112.0424,1298353
2011-05-19,112.2799,113.6246,112.2799,112.8490,1025408
2011-05-20,111.8475,111.8475,108.7157,108.7636,2454033
2011-05-23,109.1218,110.0733,109.1218,109.8819,1743557
2011-05-24,109.8493,109.8493,108.8530,109.7474,1013633
2011-05-25,109.7423,110.4759,109.4516,109.7297,1132374
2011-05-26,109.1337,109.1456,106.6434,107.1614,1770864
2011-05-27,106.7779,107.9939,104.7461,104.7461,1386614
2011-05-30,104.8454,105.7814,104.8454,105.7814,1813088
2011-05-31,105.8353,105.9419,105.0658,105.9419,959909
2011-06-01,105.9211,106.1375,105.0092,105.7445,1294506
2011-06-02,105.4399,106.2642,104.5853,104.5853,1942441
2011-06-03,104.2702,104.4894,102.8164,103.3206,1486499
2011-06-06,103.3329,103.3776,100.9127,103.3776,675213
2011-06-07,103.3689,103.7150,102.2028,103.3415,907967
2011-06-08,103.2958,103.7081,102.7349,102.8538,1392072
2011-06-09,102.5134,103.1344,101.4821,101.4821,1736595
2011-06-10,101.6246,102.8924,101.3787,102.8020,1548382
2011-06-13,102.6872,102.6872,101.4153,101.9140,910927
2011-06-14,101.9945,102.6166,101.7163,102.2175,774003
2011-06-15,102.2935,103.7191,102.2935,103.5999,1267667
2011-06-16,103.5430,104.3957,102.8875,102.8875,937285
2011-06-17,102.9690,103.8709,102.9690,103.1444,1384432
2011-06-20,103.0586,103.0705,102.2871,102.5228,1171260
2011-06-21,102.6082,103.8433,102.6082,103.8433,1305516
2011-06-22,104.1467,105.4576,104.1467,104.7964,1366544
2011-06-23,104.2290,104.2290,102.7077,103.1053,1557687
2011-06-24,103.1601,104.4534,102.8336,103.8911,1634449
2011-06-27,103.7805,103.8979,102.7023,103.4798,1697330
2011-06-28,103.4384,103.5589,102.3101,103.0910,830920
2011-06-29,103.1541,103.9101,102.9618,103.5249,1286435
2011-06-30,103.4340,103.5236,102.6360,102.9574,1575490
2011-07-01,103.5238,105.2728,103.5238,105.2728,2272884
2011-07-04,105.2928,106.1256,105.2928,105.3515,843366
2011-07-05,105.6361,106.6926,105.0024,106.6926,1741249
2011-07-06,106.7882,107.6933,106.5798,107.0511,1187316
2011-07-07,107.5574,109.0180,106.6590,109.0180,1747988
2011-07-08,108.9141,109.0673,107.7742,107.7742,1398239
2011-07-11,108.1522,109.3554,107.7681,109.3554,1599793
2011-07-12,109.5205,111.6852,109.2355,111.4911,1356939
2011-07-13,111.2195,111.2195,110.3018,110.6415,1908345
2011-07-14,111.1259,112.3588,111.1259,112.2217,1950397
2011-07-15,112.1099,112.8564,111.5050,111.6972,1158807
2011-07-18,111.6083,111.7991,110.9161,111.4410,983005
2011-07-19,111.5142,113.1516,111.4352,112.5148,2612152
2011-07-20,112.5925,114.0542,112.5925,112.8856,991375
2011-07-21,112.8060,113.0647,111.6342,111.6410,2002756
2011-07-22,111.9462,114.2697,111.9462,113.6639,1589585
2011-07-25,113.4112,113.4112,111.3296,112.1854,1297566
2011-07-26,112.4188,115.4271,112.3751,115.4271,3304852
2011-07-27,115.3334,115.3334,114.3830,115.0184,927938
2011-07-28,115.3333,116.2046,114.8508,116.2046,1612394
2011-07-29,115.9671,116.5176,115.2450,115.4337,1054112
2011-08-01,115.3461,115.3461,113.2134,113.8758,1139217
2011-08-02,114.2296,116.0729,113.6763,115.5134,1973000
2011-08-03,115.5700,116.0281,115.0212,116.0281,1090459
2011-08-04,116.0401,116.9101,115.4131,116.1348,851324
2011-08-05,116.1508,116.7331,115.7401,116.3133,1884420
2011-08-08,116.3494,117.9441,116.3494,116.6088,839902
2011-08-09,116.7890,118.8374,116.5933,118.8374,1445636
2011-08-10,119.1566,119.9040,118.2498,119.9040,1504490
2011-08-11,119.9227,120.5421,119.2020,120.0132,950542
2011-08-12,119.8477,119.8477,118.7456,119.3534,1166233
2011-08-15,119.9019,122.0852,119.9019,122.0852,2358336
2011-08-16,121.5678,121.5678,119.7000,119.7000,2715681
2011-08-17,119.8085,120.4697,119.8085,120.3852,1474674
2011-08-18,119.9068,119.9068,118.9749,118.9749,1315351
2011-08-19,119.1732,121.0142,119.0137,119.7119,1544177
2011-08-22,119.9343,120.6440,119.3098,120.6440,2563828
2011-08-23,120.5690,122.0531,119.9621,120.2748,1264601
2011-08-24,120.6031,122.0479,119.2808,121.4705,1519731
2011-08-25,121.4143,121.5556,120.4598,120.4598,1220994
2011-08-26,120.6985,121.9336,120.6985,121.7667,2029639
2011-08-29,122.1368,123.0969,121.6349,122.8908,1123636
2011-08-30,122.9090,123.8722,122.9090,123.1886,1056509
2011-08-31,123.5001,124.8804,123.3487,124.5539,1965785
2011-09-01,124.3943,124.3943,122.8694,123.6978,1484344
2011-09-02,123.9648,125.7253,123.9648,125.1297,1045122
2011-09-05,125.6885,126.8869,125.6885,126.7672,725537
2011-09-06,127.1316,129.9049,127.1316,129.4493,2598706
2011-09-07,129.2857,129.2857,128.3639,128.5838,1161330
2011-09-08,128.7942,131.2972,128.0129,131.0622,2027606
2011-09-09,130.9963,131.2997,129.8439,129.8439,1221940
2011-09-12,129.7575,129.7575,128.6840,129.1181,974023
2011-09-13,129.0473,129.7771,128.8997,128.8997,931318
2011-09-14,128.5915,128.8730,127.4206,127.4206,1719004
2011-09-15,127.4124,128.0358,127.0834,127.3803,1315875
2011-09-16,127.7286,129.6600,127.4188,128.9292,1469084
2011-09-19,129.2846,130.2015,128.5630,130.2015,1711940
2011-09-20,130.4647,132.3155,129.4670,132.3155,1508541
2011-09-21,133.0707,135.2063,132.8979,135.2063,1288397
2011-09-22,135.1114,135.9308,134.3692,134.3692,1169922
2011-09-23,134.8373,135.8931,133.5683,135.7335,1432290
2011-09-26,135.7003,137.1797,135.5826,135.5826,1240873
2011-09-27,135.4432,135.7071,135.0668,135.0668,1265364
2011-09-28,135.0019,135.2844,134.2262,134.4177,1066177
2011-09-29,134.0695,134.0695,131.2353,132.3607,1285346
2011-09-30,132.6034,133.6935,132.2355,133.1772,1300473
2011-10-03,133.1530,133.5068,131.5027,133.0829,897654
2011-10-04,132.7793,133.5194,131.5301,131.5301,1235543
2011-10-05,132.1960,133.9913,131.7750,133.9913,3001647
2011-10-06,133.8654,133.8654,132.2417,133.6182,1271609
2011-10-07,133.8362,136.6489,133.8362,135.6286,2130346
2011-10-10,135.7482,136.1961,134.5898,136.1961,1239141
2011-10-11,136.1347,137.4099,135.8961,135.8961,969661
2011-10-12,135.8682,136.8394,135.7888,135.7888,1005099
2011-10-13,135.9468,136.4676,135.2471,136.4676,1500523
2011-10-14,136.5045,136.6390,134.6753,136.6390,1361141
2011-10-17,136.4010,136.4010,134.7165,134.7165,1777695
2011-10-18,135.3554,137.0546,135.3236,136.8102,2072706
2011-10-19,137.1601,138.6567,136.7715,138.6567,1527197
2011-10-20,138.6428,138.6774,137.9457,138.5955,701180
2011-10-21,138.7218,139.7118,138.7218,139.2447,955919
2011-10-24,139.0578,139.8599,138.2669,138.4137,1194086
2011-10-25,137.9664,138.0034,136.3702,136.8109,1299251
2011-10-26,136.7411,137.5861,135.8289,136.5922,907510
2011-10-27,136.6129,137.7501,136.6129,136.9146,1458009
2011-10-28,137.4798,138.8527,136.8508,138.8527,1922154
2011-10-31,139.1962,141.7442,139.1962,140.4633,2177651
2011-11-01,140.2789,140.6538,138.5050,139.3014,1988418
2011-11-02,138.6414,139.2904,136.8028,136.8028,2802743
2011-11-03,136.5223,137.9845,135.9810,135.9810,927117
2011-11-04,135.7365,135.7365,134.7793,134.8299,1154207
2011-11-07,134.6762,134.6762,133.2827,133.2827,1111360
2011-11-08,133.0488,133.3853,131.1694,131.1694,1754148
2011-11-09,131.2034,132.6284,131.2034,131.5193,788173
2011-11-10,131.8722,133.9616,131.8722,133.0065,1281639
2011-11-11,133.5853,135.8400,133.5853,135.2049,1090646
2011-11-14,135.4670,136.7245,135.3436,136.2641,1277082
2011-11-15,135.9585,136.3043,133.0661,133.9693,2913647
2011-11-16,134.0907,135.6454,134.0907,134.7211,1353428
2011-11-17,134.9940,135.9862,133.9177,135.9862,2294480
2011-11-18,135.7420,136.1949,134.9140,135.1772,1173786
2011-11-21,135.2409,135.5761,134.4335,135.4134,1135316
2011-11-22,135.6091,136.6476,135.6091,136.6476,1529117
2011-11-23,136.9055,138.0892,136.8578,137.4479,1423460
2011-11-24,137.4670,137.5141,136.8206,137.5044,1333131
2011-11-25,137.1486,137.1486,135.5485,136.2387,1484850
2011-11-28,136.5893,137.3078,135.1915,137.3044,1318973
2011-11-29,137.7227,138.5406,137.1555,138.5406,1879034
2011-11-30,138.7583,140.5690,138.7583,140.5690,1322028
2011-12-01,140.3925,140.4093,139.2612,139.9037,1120068
2011-12-02,140.0561,140.9629,140.0561,140.5519,1037171
2011-12-05,140.2546,140.3976,137.6758,137.7946,2368463
2011-12-06,138.1387,139.8721,137.6106,139.7115,3077875
2011-12-07,139.5502,139.5502,138.5357,138.9398,851302
2011-12-08,138.5504,138.5504,136.3665,136.9035,1556030
2011-12-09,137.2431,138.6386,137.2266,138.6386,1697324
2011-12-12,138.5815,138.5815,136.6990,137.7893,1492186
2011-12-13,137.8065,138.7739,137.7762,137.9840,858341
2011-12-14,138.0609,138.7858,137.9560,138.4670,1304109
2011-12-15,138.4639,139.0166,137.5206,138.4523,720857
2011-12-16,138.5999,139.1507,138.5999,139.0532,1364776
2011-12-19,138.8246,138.8246,136.8269,138.2178,1308561
2011-12-20,138.2091,138.2237,136.5725,138.0879,1452573
2011-12-21,137.9428,138.3035,137.4948,137.6270,1483447
2011-12-22,137.5841,137.8400,137.2603,137.3966,1198674
2011-12-23,137.5360,138.0977,136.9892,137.8432,1098626
2011-12-26,137.7670,138.0978,137.0344,137.5802,933971
2011-12-27,137.5935,137.8420,136.4536,137.8420,1369175
2011-12-28,137.7153,137.7209,136.5642,136.9361,1893815
2011-12-29,136.6333,136.6705,134.1977,134.6758,2462872
2011-12-30,135.5330,139.3384,135.5330,139.3384,2839456
2012-01-02,138.8599,138.8599,136.6211,136.6211,2293549
2012-01-03,136.3701,136.5364,135.1017,135.1815,1587605
2012-01-04,135.4293,137.5876,135.1091,137.1719,1513352
2012-01-05,137.4404,138.2099,136.8822,138.2099,1545896
2012-01-06,137.7499,137.7499,136.0324,136.0324,1651456
2012-01-09,135.9776,135.9776,135.0572,135.4740,1844778
2012-01-10,135.4061,135.4061,134.5791,135.1229,1334635
2012-01-11,134.9325,135.6848,134.3396,134.3396,1503265
2012-01-12,133.9662,133.9662,132.0967,132.2170,1503834
2012-01-13,132.1414,132.2269,130.6337,130.9146,2384926
2012-01-16,130.8581,132.8658,130.5468,130.5468,824415
2012-01-17,130.9195,133.2786,130.9195,133.2097,3928809
2012-01-18,134.1223,136.5902,133.5627,136.5902,2731812
2012-01-19,136.6095,136.7741,135.3819,136.7741,2117896
2012-01-20,135.9178,135.9178,134.1540,134.1540,1545915
2012-01-23,134.2144,135.0045,132.9865,134.5272,1123803
2012-01-24,134.7603,136.8387,134.7603,135.8541,2359921
2012-01-25,135.7212,135.7212,134.2643,134.9422,755913
2012-01-26,135.0303,135.4048,134.4551,135.4048,1137605
2012-01-27,135.2636,135.2991,134.2366,134.8852,1327302
2012-01-30,134.9126,135.5984,134.0656,134.9645,1102330
2012-01-31,135.1035,135.8401,134.9667,135.8401,1263032
2012-02-01,135.7360,136.1546,133.8343,133.8343,2187987
2012-02-02,133.9371,135.0305,133.2427,134.8412,1513982
2012-02-03,135.0106,135.9594,134.0893,135.9594,1456211
2012-02-06,135.8529,135.8529,134.2904,135.3719,1118189
2012-02-07,135.7736,137.4885,135.7736,137.4885,1882333
2012-02-08,137.5966,139.6162,137.4658,139.6162,1303672
2012-02-09,139.1603,140.4421,137.2197,137.2197,3009456
2012-02-10,137.2572,138.3786,136.9013,137.4458,648830
2012-02-13,137.3568,137.3568,135.1887,136.2528,1907104
2012-02-14,136.2328,136.5806,135.4752,136.1909,1186300
2012-02-15,136.1910,136.4132,135.1878,136.1919,881865
2012-02-16,136.2420,137.3109,135.0308,136.6836,794705
2012-02-17,137.0777,138.6625,136.4455,138.2103,1690233
2012-02-20,138.1168,138.1168,137.0507,137.0699,2018677
2012-02-21,137.5414,140.1218,137.5414,139.7588,2038475
2012-02-22,139.0512,139.0512,136.3123,136.3123,3007916
2012-02-23,136.6489,139.1553,136.6489,139.1553,1742810
2012-02-24,139.9146,141.3679,138.9093,141.3679,1758406
2012-02-27,141.4683,142.0193,140.8025,142.0193,1187446
2012-02-28,142.0284,142.7904,141.3473,142.0458,1371929
2012-02-29,141.9882,142.5613,140.9291,141.6293,787442
2012-03-01,142.3271,144.6780,142.3271,144.6780,1695268
2012-03-02,144.3950,144.6001,143.1252,143.1252,1822451
2012-03-05,143.5984,145.9866,143.0995,145.9866,1486432
2012-03-06,145.9277,146.6445,145.2496,145.5613,1457372
2012-03-07,145.7014,146.7633,144.9611,146.7633,1560273
2012-03-08,146.6076,147.6944,146.2002,146.2002,787122
2012-03-09,146.5244,147.7901,145.7379,147.2065,1482769
2012-03-12,147.5556,149.5760,147.4447,148.5054,1104968
2012-03-13,148.1210,148.1210,146.9544,147.2492,1521394
2012-03-14,147.0891,147.8198,145.0919,145.0919,1452893
2012-03-15,144.8862,145.5729,143.3719,143.5761,1670098
2012-03-16,143.8739,144.5576,143.2999,144.5576,2008067
2012-03-19,144.8671,145.9993,144.6019,145.9993,1113577
2012-03-20,145.8953,146.4260,144.8980,145.1269,1260592
2012-03-21,145.0782,146.2055,144.8269,144.8269,1024468
2012-03-22,143.9572,143.9572,142.0051,142.1251,2422098
2012-03-23,142.0683,142.4944,141.6251,141.6251,835300
2012-03-26,141.4559,143.5338,141.0432,141.0432,1620340
2012-03-27,140.9718,140.9718,139.1597,139.8385,1530548
2012-03-28,139.8875,141.5251,139.8875,140.0842,660502
2012-03-29,140.0968,140.3285,139.5261,140.1756,726718
2012-03-30,140.0078,140.8861,138.5881,138.5881,1902557
2012-04-02,138.4656,138.4656,137.8839,138.1507,1259418
2012-04-03,138.6166,140.9588,138.6166,139.5134,2060720
2012-04-04,139.1163,139.7817,137.9532,137.9532,1353540
2012-04-05,138.1372,139.0876,137.0720,139.0876,1480740
2012-04-06,139.3563,140.2182,138.4095,140.2182,1031517
2012-04-09,140.2166,140.2493,139.2783,140.1955,1269441
2012-04-10,140.1861,140.8305,139.4687,140.1575,920317
2012-04-11,140.4312,142.1503,140.4312,141.2256,840002
2012-04-12,141.0390,141.2287,139.9854,139.9854,1244684
2012-04-13,139.5728,140.3724,138.0315,138.0315,1158686
2012-04-16,138.2962,138.9843,137.9929,138.8173,925222
2012-04-17,138.7303,138.9351,137.6780,137.7866,1201429
2012-04-18,137.6191,138.0687,136.0861,136.0861,1278184
2012-04-19,136.1247,137.2695,136.0352,136.2912,1254350
2012-04-20,136.5879,138.2624,136.5879,137.9037,1599216
2012-04-23,138.0262,139.1332,137.0869,138.6878,1691721
2012-04-24,139.3033,141.5187,139.1172,140.9359,2375396
2012-04-25,140.7571,141.0229,139.2334,139.6432,1527684
2012-04-26,139.3498,139.8840,138.0034,138.2354,1488561
2012-04-27,138.3101,139.5523,138.3101,139.4854,1249255
2012-04-30,139.4870,140.8104,139.2389,139.4903,771883
2012-05-01,138.8333,138.8333,136.8239,137.0202,1951833
2012-05-02,137.1290,139.3696,137.1290,137.4039,886857
2012-05-03,137.5523,138.5428,137.4205,138.4714,1496248
2012-05-04,138.6057,139.3804,138.2654,138.9975,972511
2012-05-07,138.2671,138.7440,136.7140,136.7140,1162695
2012-05-08,136.3258,136.3258,135.0931,135.4163,1438674
2012-05-09,135.1982,135.1982,133.4717,133.7189,1825253
2012-05-10,134.0497,135.0179,134.0056,135.0091,1225336
2012-05-11,134.8583,135.8479,134.4819,134.4819,1186911
2012-05-14,133.9142,134.6746,132.7100,132.7100,1976204
2012-05-15,132.7107,133.2804,132.0020,132.7120,527576
2012-05-16,132.3728,132.3728,130.9001,131.6159,1872690
2012-05-17,132.1007,133.3933,131.2029,133.3933,2391560
2012-05-18,133.1256,133.4484,131.5235,132.4976,1444433
2012-05-21,133.2051,135.2474,132.8943,135.2474,2002319
2012-05-22,134.1685,134.1685,132.0468,132.0468,2576447
2012-05-23,131.9043,133.0439,131.2671,131.2671,902181
2012-05-24,131.5004,133.4503,130.9919,133.4503,2082209
2012-05-25,133.1676,133.8974,132.4562,132.4562,2147740
2012-05-28,132.5011,133.5881,130.2939,132.6794,923069
2012-05-29,133.2738,135.3525,133.2738,135.1594,1838420
2012-05-30,135.5129,137.6912,135.5129,137.6912,1888968
2012-05-31,137.7243,138.6283,137.7243,137.8685,998856
2012-06-01,136.6156,136.8726,133.6923,133.6923,2920364
2012-06-04,133.8879,135.9160,133.8879,135.7104,1664541
2012-06-05,134.9209,135.0081,132.9109,132.9109,1420688
2012-06-06,132.2078,132.2078,130.8509,130.8509,1755713
2012-06-07,130.7644,131.3324,129.1967,129.1967,1468445
2012-06-08,129.0521,130.0021,128.3530,128.3530,1247511
2012-06-11,128.4665,129.4592,128.0814,129.4592,1508049
2012-06-12,129.3171,129.9852,128.9267,128.9267,916040
2012-06-13,129.0438,129.4220,128.6010,129.4220,1412071
2012-06-14,129.3134,129.3134,127.8205,128.6102,1476833
2012-06-15,128.3557,129.7867,127.3159,127.8515,1344299
2012-06-18,127.7629,127.7629,126.5602,127.0994,1423959
2012-06-19,127.2994,128.4755,126.2613,128.4755,930415
2012-06-20,128.3718,129.4007,127.5583,127.5583,1071457
2012-06-21,127.5156,128.3313,127.4201,127.4201,1035249
2012-06-22,127.0903,127.6984,125.8543,125.8543,2125467
2012-06-25,125.5341,125.5341,124.4244,124.7575,1181465
2012-06-26,125.5436,127.3496,125.5436,127.3496,2513852
2012-06-27,127.0437,128.0372,125.5738,125.9028,1830115
2012-06-28,125.9551,126.5718,125.4411,126.5718,1156169
2012-06-29,126.8397,128.5356,126.5763,127.8727,1112872
2012-07-02,127.8870,128.2840,127.4979,128.1170,1313329
2012-07-03,128.5827,130.1371,128.3236,130.0243,1557263
2012-07-04,130.3302,131.1487,128.9917,131.1487,1499174
2012-07-05,130.4006,130.4006,128.5741,128.6857,1274997
2012-07-06,128.6621,129.6598,127.9700,128.2775,1165871
2012-07-09,128.4273,129.4860,128.3793,129.4860,1663600
2012-07-10,129.3371,129.5465,127.9686,128.5097,1255036
2012-07-11,128.7919,130.3748,128.7919,129.8679,1489825
2012-07-12,129.8979,131.1917,129.6464,129.9639,949969
2012-07-13,129.9249,130.1462,128.9730,129.8421,855875
2012-07-16,129.7557,129.8398,128.6552,129.2542,1752787
2012-07-17,129.1120,129.6744,128.3689,128.8210,943129
2012-07-18,128.8097,129.2758,128.2048,128.6452,637334
2012-07-19,128.4235,128.6656,127.5547,127.8630,1994589
2012-07-20,127.8869,128.2440,127.5472,128.2440,1232624
2012-07-23,127.5488,127.5488,125.1505,125.1505,2256225
2012-07-24,124.9128,125.2822,123.3623,123.3623,1608936
2012-07-25,123.6093,124.8714,123.6093,124.4998,1439767
2012-07-26,123.9249,124.4100,122.6858,122.6858,1443771
2012-07-27,122.7113,123.1545,122.2463,123.0302,1046760
2012-07-30,123.0193,123.7372,122.3350,122.9242,1302528
2012-07-31,123.0730,124.4160,122.9619,124.4100,1462352
2012-08-01,124.1914,124.7838,122.8038,122.9650,1149961
2012-08-02,122.7614,123.2236,121.8993,122.1515,1461647
2012-08-03,122.6547,123.9577,122.3594,123.6059,2296901
2012-08-06,123.3816,123.3816,121.9697,122.2627,1924329
2012-08-07,122.0117,122.1491,120.4715,120.9536,1480151
2012-08-08,121.0373,121.6541,119.8605,121.6541,1059103
2012-08-09,121.3893,121.3915,119.9805,119.9805,1666610
2012-08-10,120.2858,122.5500,120.0873,122.5500,2482888
2012-08-13,123.1436,124.5774,122.8839,124.5774,2377168
2012-08-14,124.8662,126.8968,124.8662,126.1921,1540403
2012-08-15,126.1812,127.6517,125.7283,126.1598,1014630
2012-08-16,125.9174,126.3193,124.8190,125.2434,1576290
2012-08-17,125.3463,125.6093,124.8083,125.6093,1436906
2012-08-20,125.5765,126.6671,125.2267,125.2267,834282
2012-08-21,125.2943,126.3553,125.2943,125.8312,1533938
2012-08-22,125.3810,126.2705,124.5097,124.5097,1837000
2012-08-23,124.6743,125.3309,123.8046,125.3309,1054390
2012-08-24,125.7571,127.4362,125.6152,126.7171,1281941
2012-08-27,126.6290,127.9526,126.3172,126.3265,1523080
2012-08-28,126.6664,127.3897,126.6664,127.3897,1456912
2012-08-29,127.6355,129.0894,127.5555,128.8986,1390983
2012-08-30,128.2534,128.5459,126.9992,126.9992,2333385
2012-08-31,126.9484,127.0802,124.4123,126.4926,1261715
2012-09-03,126.7057,127.5005,126.3590,127.5005,1605251
2012-09-04,127.5777,128.6007,127.1501,128.6007,1751685
2012-09-05,128.8533,130.3842,128.8533,129.6788,1531784
2012-09-06,129.5716,130.3938,129.3708,129.3708,966155
2012-09-07,129.3494,129.9362,129.2138,129.2699,1195933
2012-09-10,129.0564,129.4208,127.7213,128.2928,1796792
2012-09-11,128.4172,129.9344,128.4172,129.1205,1196162
2012-09-12,129.0107,129.9345,128.0474,128.0474,1286240
2012-09-13,127.8620,127.9942,125.8514,127.1939,2011863
2012-09-14,127.5857,129.2678,127.3881,128.5191,1606915
2012-09-17,128.6190,129.7967,128.2961,129.7967,1692976
2012-09-18,129.5956,129.6712,128.9772,129.1506,953277
2012-09-19,129.0561,129.0561,128.0448,128.1350,1146639
2012-09-20,128.5273,129.6483,127.6285,129.6483,1937691
2012-09-21,129.6994,130.6533,129.2872,130.3618,1450563
2012-09-24,130.5325,131.4641,130.5265,130.8708,914060
2012-09-25,131.2425,133.3206,131.2425,132.6044,1978296
2012-09-26,132.4441,133.5397,132.0914,132.0914,1546391
2012-09-27,132.2870,133.4541,131.9226,132.9157,1559427
2012-09-28,132.9588,133.7106,132.9588,133.7106,1058479
2012-10-01,133.1296,133.4323,131.6210,131.7912,2102393
2012-10-02,131.8309,132.2377,130.8560,132.2377,999237
2012-10-03,132.3702,133.4225,132.2665,133.4225,1436728
2012-10-04,133.1455,133.1455,130.8268,132.5941,1059984
2012-10-05,132.6154,133.1822,132.0472,132.6657,750977
2012-10-08,132.5797,133.0915,131.4307,131.4307,1298728
2012-10-09,131.4354,131.8290,130.3488,131.4882,848971
2012-10-10,131.4996,132.9854,131.4996,131.5868,866499
2012-10-11,131.6632,134.1290,131.6632,132.8963,1671109
2012-10-12,132.7588,132.7588,130.7115,132.3907,1052685
2012-10-15,132.1196,132.9828,131.1091,131.3391,1460695
2012-10-16,131.4510,133.4875,131.4510,133.4875,1779320
2012-10-17,133.1086,133.5042,131.6794,131.6794,1334549
2012-10-18,131.9083,132.6651,131.6187,132.6651,1564229
2012-10-19,132.6332,132.6332,131.5118,132.1159,1299086
2012-10-22,132.1885,133.6689,132.1482,132.8422,1463505
2012-10-23,132.0802,132.2101,130.6207,130.6207,2395703
2012-10-24,130.6788,131.7635,130.1086,130.9408,1379393
2012-10-25,131.0470,131.9626,131.0470,131.8386,1139226
2012-10-26,131.7802,132.4009,130.3161,131.1531,1443806
2012-10-29,130.9846,131.5302,129.7240,129.7240,1739849
2012-10-30,130.2434,131.7427,128.9701,131.7427,2568708
2012-10-31,131.9935,134.1051,131.6941,134.1051,2549185
2012-11-01,134.1525,135.0786,133.7081,134.8466,1272892
2012-11-02,134.7277,134.9801,133.7986,134.4396,1101301
2012-11-05,133.4386,133.8097,131.3108,131.3108,2315893
2012-11-06,131.5682,133.4486,131.4118,133.4486,1749421
2012-11-07,133.2730,134.2640,131.9643,132.4124,1160279
2012-11-08,132.6851,133.2324,131.4215,133.2324,1185467
2012-11-09,133.3824,133.8290,132.2049,133.7849,1379125
2012-11-12,133.8144,134.9769,133.7267,134.1588,827325
2012-11-13,134.0843,134.6095,133.1179,133.6659,1544751
2012-11-14,133.8141,135.1508,133.3368,134.5504,1501167
2012-11-15,134.4627,134.5914,133.0795,134.1432,1321376
2012-11-16,134.3163,135.0997,133.7186,134.7011,1457889
2012-11-19,134.4031,134.4031,132.9238,133.7455,1744668
2012-11-20,133.5543,133.7473,132.4952,132.6295,950853
2012-11-21,132.9261,133.6530,132.6338,133.6530,1389180
2012-11-22,133.3977,133.3977,132.4037,132.4395,1608453
2012-11-23,132.5255,133.0052,132.0779,132.7039,1380625
2012-11-26,133.0629,133.9640,132.0780,133.9640,1469466
2012-11-27,133.7359,134.1721,133.1540,133.1540,1394725
2012-11-28,133.0940,133.0940,131.8623,132.0832,711195
2012-11-29,132.0994,133.3302,132.0422,132.2479,1537050
2012-11-30,132.3598,132.7717,131.9180,132.7717,1339314
2012-12-03,132.6537,133.3087,130.5667,130.5667,2273610
2012-12-04,130.1410,130.1410,128.7468,128.9109,1583643
2012-12-05,128.9562,130.2725,128.8620,129.6429,1120105
2012-12-06,129.7376,131.1328,129.7376,130.2105,1796224
2012-12-07,130.8802,133.1105,130.6161,132.9650,1930560
2012-12-10,132.9863,133.3482,131.5667,133.3482,1343945
2012-12-11,133.7654,135.1341,133.4040,135.0807,2564208
2012-12-12,135.2894,137.2540,135.2894,135.8258,1212471
2012-12-13,134.9238,134.9238,133.1044,133.1044,1949186
2012-12-14,133.3392,135.1115,133.0156,134.9455,1704155
2012-12-17,135.5837,137.1042,135.5837,137.1042,2395279
2012-12-18,137.2652,137.8762,136.3387,137.8762,1643365
2012-12-19,138.0015,140.0190,136.9256,138.9656,870590
2012-12-20,139.5901,141.5328,139.5901,141.5328,1979705
2012-12-21,141.6449,142.4479,141.2899,142.1770,1395529
2012-12-24,142.9010,145.8144,142.9010,144.8606,3148490
2012-12-25,144.6225,144.7643,143.2485,144.1438,1105768
2012-12-26,144.1397,144.2533,143.3631,144.1309,857848
2012-12-27,144.4999,145.7470,144.2488,145.2418,1296576
2012-12-28,145.5924,148.6029,145.5924,146.7591,1648516
2012-12-31,146.7468,147.0759,146.0812,146.7216,661030
2013-01-01,146.3757,146.3757,144.9679,145.1635,2037038
2013-01-02,145.1616,145.6199,145.0503,145.1471,695595
2013-01-03,144.9089,146.2999,143.9390,143.9390,1552884
2013-01-04,143.6988,144.0669,142.9598,143.1565,1701833
2013-01-07,143.1210,143.5685,142.3428,143.0297,1397949
2013-01-08,142.8434,143.4943,141.5922,141.8594,1077510
2013-01-09,141.3136,141.3136,138.9076,138.9076,1294076
2013-01-10,139.3552,140.5144,138.8754,140.5144,1146940
2013-01-11,140.2811,140.2811,137.6132,139.2384,1803176
2013-01-14,139.4782,140.3581,138.5631,140.3581,1332690
2013-01-15,139.9747,139.9747,137.6114,137.6114,2417638
2013-01-16,137.5377,137.6313,136.4378,136.4378,1249367
2013-01-17,136.6301,138.3977,136.6301,138.3977,2815169
2013-01-18,138.7706,140.2569,138.5372,139.4946,954206
2013-01-21,139.3769,139.3769,137.6771,137.9552,1816865
2013-01-22,138.4324,139.7322,138.0250,139.3796,1713357
2013-01-23,138.8890,139.2144,137.3285,137.6888,1666815
2013-01-24,137.7468,139.0068,137.5953,138.3894,1159184
2013-01-25,138.3182,138.9504,138.0874,138.0874,1048572
2013-01-28,138.2670,139.0595,138.0654,138.9033,1023694
2013-01-29,138.4069,138.4069,136.3298,136.3298,3036890
2013-01-30,136.3942,137.4927,135.9908,137.4010,2243233
2013-01-31,136.6995,136.6995,134.8395,134.8395,2303760
2013-02-01,135.0106,136.5903,134.4681,136.5903,1567711
2013-02-04,136.2965,136.4748,135.3704,135.4838,1175809
2013-02-05,135.7265,137.8608,135.7265,136.3803,1063136
2013-02-06,136.2336,136.2673,135.6269,135.6956,1025897
2013-02-07,135.8900,137.3494,135.6084,136.5918,1178421
2013-02-08,136.3726,136.3726,135.0040,135.6712,1003376
2013-02-11,135.1669,135.4260,133.8277,134.1986,1990388
2013-02-12,134.1680,134.1680,132.8140,133.7406,914355
2013-02-13,133.7096,135.6155,133.4050,133.4492,887554
2013-02-14,133.4274,133.4274,132.5987,133.2993,883106
2013-02-15,132.9612,132.9612,131.2120,132.1227,1172958
2013-02-18,132.1220,133.2455,131.6116,132.1167,1251321
2013-02-19,132.1409,132.6887,131.4771,132.5266,1385413
2013-02-20,132.7416,133.5277,132.3747,133.4447,1936603
2013-02-21,133.4026,133.7448,132.9312,133.2354,979960
2013-02-22,133.4669,134.3347,133.2915,134.3347,1407444
2013-02-25,134.7276,136.5953,134.3022,135.9834,1473511
2013-02-26,136.3679,138.2239,136.3679,137.6929,1282533
2013-02-27,137.2266,137.2266,134.7185,135.7893,1469334
2013-02-28,135.6894,136.1550,134.9708,135.3976,1059133
2013-03-01,134.7694,135.7316,133.3862,133.3862,1854816
2013-03-04,133.4975,134.9276,133.4975,134.0930,1253343
2013-03-05,134.3678,136.2658,134.3213,136.0787,1774052
2013-03-06,136.7343,138.1203,136.7343,138.1203,1976645
2013-03-07,138.0939,138.3231,137.5959,137.7983,1095243
2013-03-08,137.5399,137.9919,136.3444,136.5718,1261339
2013-03-11,136.5743,136.8015,135.7849,136.5821,1064612
2013-03-12,136.2518,137.2451,135.2454,135.2454,2206545
2013-03-13,135.2640,135.5965,134.4646,135.5965,1320611
2013-03-14,134.9050,134.9701,133.6054,133.6054,1977723
2013-03-15,133.6611,135.0156,133.0953,133.8611,790371
2013-03-18,134.0344,134.6291,134.0344,134.4652,1335864
2013-03-19,134.1815,134.1815,132.1544,132.6260,1650811
2013-03-20,132.6835,133.0677,131.9851,133.0677,665277
2013-03-21,132.9309,132.9309,132.1731,132.6380,1069984
2013-03-22,132.7123,133.4106,131.8722,132.9926,1086502
2013-03-25,132.1233,132.1233,130.1309,130.2555,2630907
2013-03-26,130.3291,131.5605,129.6961,130.6986,1208196
2013-03-27,130.9435,132.1535,130.9435,132.1535,1306573
2013-03-28,132.0635,132.2128,130.8647,130.8647,3755346
2013-03-29,131.3109,133.0135,131.3109,132.3656,1850773
2013-04-01,132.4107,132.9576,131.7535,132.5305,920877
2013-04-02,132.9127,135.7499,132.2649,135.7499,2119843
2013-04-03,136.5925,138.3563,136.0930,138.3563,2732087
2013-04-04,138.0387,138.0387,134.9423,136.5058,2221003
2013-04-05,136.9527,139.5125,136.1932,138.9649,2467928
2013-04-08,139.6084,141.0673,139.5044,140.9015,2146379
2013-04-09,140.9937,142.6913,140.8070,141.2609,861242
2013-04-10,141.2604,141.3003,140.3057,141.2568,937231
2013-04-11,141.1141,141.1141,138.7802,140.5840,1122580
2013-04-12,140.6000,142.3496,140.4956,140.7547,1024598
2013-04-15,140.5053,140.5053,139.4470,139.8027,1232964
2013-04-16,139.8808,140.5073,139.2739,140.5073,1399935
2013-04-17,140.5184,140.7789,138.3424,140.5784,1169184
2013-04-18,140.4576,140.4576,138.2239,138.2239,2220682
2013-04-19,138.0080,138.3399,136.8208,136.8208,875601
2013-04-22,136.6925,137.2624,136.0606,136.1540,1599468
2013-04-23,136.1535,136.3154,135.2811,136.1497,686477
2013-04-24,136.0108,137.2202,135.3912,135.3912,1884061
2013-04-25,135.7734,137.0361,135.3347,136.8501,1023647
2013-04-26,136.7794,136.7794,135.6714,135.8438,2465862
2013-04-29,135.9622,137.2085,135.9622,136.1995,979047
2013-04-30,136.2039,137.3358,135.7691,136.2406,899829
2013-05-01,136.5134,137.5691,136.3943,137.5295,1405848
2013-05-02,137.4335,137.4335,136.2806,136.2806,1583614
2013-05-03,136.1334,136.9230,134.3241,134.3241,2222350
2013-05-06,134.4149,135.2242,134.3292,135.2242,1718075
2013-05-07,135.3583,137.4014,135.3583,136.7400,1298894
2013-05-08,136.7711,137.2687,136.2368,137.2230,840629
2013-05-09,137.3170,139.2155,137.3170,138.0328,2128794
2013-05-10,138.2177,139.1484,137.5595,138.6722,1011769
2013-05-13,138.7909,140.6346,138.7909,139.2189,1136531
2013-05-14,139.3348,140.5474,139.3348,139.5734,1762928
2013-05-15,139.5798,139.9899,138.8256,139.7009,728123
2013-05-16,139.2404,139.2404,137.1077,137.1760,1938698
2013-05-17,137.3221,138.0147,137.1888,138.0075,593687
2013-05-20,138.1772,139.2502,137.8652,138.8686,1179475
2013-05-21,137.8644,137.8644,134.2071,135.0659,2964449
2013-05-22,135.1521,135.4388,134.7508,135.4093,683026
2013-05-23,135.2013,135.2013,132.7515,133.3975,1921850
2013-05-24,133.2218,133.4195,131.8331,131.8763,1684073
2013-05-27,131.0046,131.1400,129.1357,129.1357,2879699
2013-05-28,129.0760,129.0760,128.2728,128.7117,898575
2013-05-29,128.5513,128.5513,126.2563,127.5220,1892426
2013-05-30,127.5416,127.8691,125.7295,127.8691,856109
2013-05-31,128.0779,128.8251,127.7073,128.6589,1015411
2013-06-03,128.7591,131.3060,128.7591,130.3103,1348360
2013-06-04,130.3412,131.0837,130.3412,130.7919,1802018
2013-06-05,130.9237,132.2813,130.2414,131.2241,870893
2013-06-06,131.5881,132.7933,130.3794,132.7933,1982344
2013-06-07,132.5589,133.1835,130.7764,130.7764,2444134
2013-06-10,130.8486,131.3477,129.5423,131.1408,1068603
2013-06-11,131.4355,132.7835,131.4355,132.6282,1444318
2013-06-12,132.6846,134.1560,132.2926,132.9099,799210
2013-06-13,133.3767,135.8896,133.3767,135.3192,1544182
2013-06-14,135.0510,135.0510,133.7267,133.7267,1380317
2013-06-17,133.6673,133.7662,132.3650,132.7055,1567051
2013-06-18,132.6710,133.1112,132.2226,132.4260,1006887
2013-06-19,132.5270,134.6174,132.5270,134.3945,2189490
2013-06-20,134.4443,135.2062,134.1231,134.8184,1254628
2013-06-21,134.4288,134.9275,133.7048,133.7048,1225004
2013-06-24,133.6590,134.5903,133.2678,133.2758,1266831
2013-06-25,133.1465,133.1465,131.2064,132.5612,1527551
2013-06-26,132.2132,133.7819,130.7924,130.7924,2345156
2013-06-27,130.4500,130.8238,128.3790,128.3790,2933829
2013-06-28,128.0947,128.0947,126.4021,126.8038,1688612
2013-07-01,126.8872,127.4768,125.4562,127.4768,989547
2013-07-02,127.4027,128.0912,125.7104,127.1218,1199793
2013-07-03,127.6109,134.3254,127.6109,134.3254,2100559
2013-07-04,134.6544,135.2964,130.4215,135.2964,1123748
2013-07-05,135.5917,139.9507,135.0719,139.1859,1724654
2013-07-08,138.6654,138.6654,133.7395,133.7395,1660058
2013-07-09,133.6802,135.7276,133.1260,133.2576,1348927
2013-07-10,133.7372,138.5462,132.3709,138.5462,1902838
2013-07-11,137.4274,137.4274,134.6217,134.8744,1207836
2013-07-12,133.6556,135.7485,130.1431,130.1431,1783691
2013-07-15,129.8231,129.8231,125.5429,125.9635,1713717
2013-07-16,126.1009,127.9336,125.5483,127.9336,2526794
2013-07-17,127.6671,128.2185,126.9728,126.9728,731134
2013-07-18,127.0097,127.8170,126.6907,127.4352,1264117
2013-07-19,127.5949,129.3218,126.3625,129.3218,1394228
2013-07-22,129.3442,130.9837,129.3442,129.5604,937875
2013-07-23,129.2440,129.2440,127.0710,128.1314,1881886
2013-07-24,128.1930,130.5580,127.1786,128.8986,855109
2013-07-25,129.1653,130.2099,129.0558,129.9615,1473240
2013-07-26,130.2460,131.1523,129.3442,130.8799,1411627
2013-07-29,130.7943,131.3422,130.2741,130.5139,1219669
2013-07-30,130.6659,133.0996,130.6659,132.8915,1424716
2013-07-31,133.5163,135.4240,133.5163,135.3501,2823673
2013-08-01,135.0677,135.0677,132.4431,132.4431,2738872
2013-08-02,133.1974,135.1419,133.0766,135.1419,1120265
2013-08-05,134.8806,135.1769,134.1927,134.2092,1415904
2013-08-06,134.4047,135.2958,133.8017,134.9895,1245296
2013-08-07,135.5498,137.3178,134.7488,137.3178,3572178
2013-08-08,137.2266,137.6290,136.1714,136.7482,1298657
2013-08-09,136.5718,137.0321,134.8423,135.4119,1100294
2013-08-12,135.7934,138.6762,135.7934,138.6762,1552681
2013-08-13,138.7300,140.3687,137.9060,139.4740,1544106
2013-08-14,139.6224,141.1403,139.3675,140.2105,1218521
2013-08-15,139.6633,139.6633,136.9481,137.5349,2862729
2013-08-16,137.8185,138.8559,137.8185,138.4507,1434846
2013-08-19,138.2094,139.1573,136.7535,136.7535,1321207
2013-08-20,136.5920,137.4453,135.7897,135.7897,1186038
2013-08-21,136.0956,139.3483,136.0956,138.7209,2113198
2013-08-22,138.4768,138.4768,137.3554,137.5169,1230932
2013-08-23,137.2362,137.2362,135.9314,135.9314,1002857
2013-08-26,135.9458,137.6824,135.9458,136.1265,1007911
2013-08-27,135.7901,135.7901,134.6785,135.0729,754221
2013-08-28,135.1961,136.1192,134.6797,135.4623,712165
2013-08-29,135.0570,135.0570,133.8109,134.1547,1874652
2013-08-30,134.1500,135.3542,134.0731,134.0731,912591
2013-09-02,134.2685,137.0704,134.2685,137.0704,3606539
2013-09-03,137.2230,139.5982,137.2230,138.7499,1759575
2013-09-04,138.5425,139.0022,136.7858,136.7858,1537805
2013-09-05,136.5487,136.5487,133.8581,133.8581,3416853
2013-09-06,133.7685,134.5513,133.5759,133.5759,1448617
2013-09-09,133.1780,133.2171,131.6012,131.6310,1783005
2013-09-10,131.3531,131.5901,129.7667,130.0529,860585
2013-09-11,129.9066,130.4048,129.2422,129.3175,1613892
2013-09-12,129.2196,129.8209,128.2468,128.7386,928774
2013-09-13,128.5582,128.5582,126.4608,127.9678,2117860
2013-09-16,128.1913,130.1035,128.1913,128.7481,1561797
2013-09-17,128.5547,128.8496,126.6275,126.6275,2023543
2013-09-18,126.7974,128.7630,126.7974,127.8208,1376544
2013-09-19,127.7510,128.6259,126.6557,127.1570,1348705
2013-09-20,127.7988,131.1553,127.4909,131.1553,3109641
2013-09-23,130.7665,130.7665,128.4020,128.4020,2014310
2013-09-24,128.6370,129.9435,128.6370,129.3937,1452653
2013-09-25,129.4592,130.0396,129.1316,129.6439,774153
2013-09-26,129.4423,130.3646,127.6555,127.6555,1302253
2013-09-27,127.4950,127.5844,126.3739,126.9087,893376
2013-09-30,126.6424,126.6999,125.8861,126.1106,1105889
2013-10-01,126.3408,127.8808,125.9160,127.8808,1277402
2013-10-02,127.7953,129.0194,127.1161,127.1161,1036851
2013-10-03,127.4819,128.3145,126.2859,128.3145,1093196
2013-10-04,128.6993,131.9555,128.0403,129.7689,956468
2013-10-07,127.3145,127.6989,121.2277,121.2277,2206665
2013-10-08,121.3969,123.5118,120.8311,122.4523,884856
2013-10-09,123.3454,125.0454,122.2032,125.0454,1092950
2013-10-10,125.0595,125.1288,122.7463,125.1288,1207926
2013-10-11,124.6841,125.9519,123.0197,123.2525,1275672
2013-10-14,123.3229,123.9285,122.6101,123.9285,1647033
2013-10-15,123.8126,123.8544,122.3721,123.5294,1884178
2013-10-16,124.0172,126.2338,123.9096,126.2338,1978821
2013-10-17,125.8805,125.8805,123.7345,123.7345,1749139
2013-10-18,123.4875,123.5610,122.5880,122.5880,1395673
2013-10-21,122.6534,122.7801,121.6407,122.7801,1013207
2013-10-22,122.7873,123.0925,121.4111,122.8036,607206
2013-10-23,123.0779,126.3794,123.0779,126.1791,2618586
2013-10-24,126.4357,129.8082,126.4300,129.8082,3315347
2013-10-25,129.8068,129.8068,128.4012,129.8039,560119
2013-10-28,130.0322,132.6701,129.9934,132.6701,1382561
2013-10-29,132.8160,135.4742,132.8160,135.4742,2246851
2013-10-30,135.7283,137.6520,135.7283,137.6390,1762296
2013-10-31,137.2921,137.2921,135.3774,136.6394,1407177
2013-11-01,136.5837,136.5837,135.2837,135.7390,1161220
2013-11-04,135.5786,135.5786,132.4875,133.1802,1740021
2013-11-05,133.3358,133.7211,132.0453,133.7211,1469622
2013-11-06,133.9127,134.8183,133.9127,134.4911,1261549
2013-11-07,134.6298,135.6825,134.5914,135.3119,1138713
2013-11-08,135.3917,136.8906,134.8515,136.8858,2394541
2013-11-11,137.0361,137.8776,136.9476,137.5656,1003413
2013-11-12,137.6017,139.2280,137.3721,137.7170,1077882
2013-11-13,138.2953,139.6558,138.0378,139.6558,1706593
2013-11-14,139.1005,139.5090,136.5023,136.7957,1863872
2013-11-15,137.4488,140.7617,136.7291,140.7617,1988692
2013-11-18,140.8648,142.8161,140.8648,141.2702,898532
2013-11-19,141.2622,142.4038,141.1992,141.1992,857828
2013-11-20,141.6320,143.3674,140.4649,143.3674,1455812
2013-11-21,144.2492,146.4808,144.2492,146.2525,1755461
2013-11-22,146.1217,146.4231,145.0435,145.5983,1038316
2013-11-25,145.7240,146.4781,144.7688,146.4781,1036105
2013-11-26,147.1211,149.3027,147.1211,148.6923,2620189
2013-11-27,148.7406,150.8324,148.6884,149.4448,900822
2013-11-28,149.5312,150.4711,149.0241,149.7204,941451
2013-11-29,149.7297,151.3301,149.0476,149.8604,1204381
2013-12-02,149.8911,149.9652,147.6698,149.9652,548131
2013-12-03,150.1357,152.0827,150.1259,152.0827,1547017
2013-12-04,151.6400,152.2731,150.5606,150.5606,1688329
2013-12-05,150.4021,150.4021,149.7321,149.8280,1025136
2013-12-06,150.1725,150.8706,149.0273,150.8706,1262226
2013-12-09,151.2251,153.4956,150.9000,153.4956,2216111
2013-12-10,153.1257,153.1257,151.4155,151.9621,1506293
2013-12-11,151.4286,152.2372,150.3393,150.4401,1574299
2013-12-12,150.4753,151.8045,150.2077,150.7913,1049904
2013-12-13,150.7975,152.3297,150.7975,150.8170,1038249
2013-12-16,150.7311,150.7311,149.4226,150.4002,1007667
2013-12-17,150.2138,151.0863,149.3112,149.3112,1448170
2013-12-18,149.3095,149.3095,148.6759,149.3053,934563
2013-12-19,149.2327,149.3447,148.4409,149.0708,810672
2013-12-20,148.9610,149.1388,147.7387,148.5556,1305417
2013-12-23,148.5785,150.1648,148.5785,148.6393,1130403
2013-12-24,148.8382,150.2988,148.6030,150.2988,1362775
2013-12-25,150.5054,152.0017,150.5054,152.0017,1530948
2013-12-26,153.0017,155.2105,152.9494,155.2105,1849844
2013-12-27,155.0661,155.0661,152.8194,154.1894,1631187
2013-12-30,154.1513,154.1513,151.7401,154.0123,980796
2013-12-31,153.9459,154.9876,153.5743,153.7892,573977
2014-01-01,153.0573,153.0573,150.3597,150.5122,3570661
2014-01-02,150.2673,150.2673,149.2573,149.7336,1157594
2014-01-03,149.5627,150.3382,149.0423,149.0423,900440
2014-01-06,149.2951,150.4754,149.1574,150.0661,2721718
2014-01-07,149.7402,149.7402,146.8059,147.5911,1332552
2014-01-08,149.6003,157.0842,149.6003,156.6938,1776792
2014-01-09,156.7958,161.0162,156.3134,157.1219,1154633
2014-01-10,157.0512,157.9218,153.9639,156.5221,920881
2014-01-13,155.8601,158.9613,153.6761,153.6761,973824
2014-01-14,153.9818,156.6198,151.3797,156.6198,1007902
2014-01-15,156.7352,157.4796,151.5662,157.4796,1118875
2014-01-16,157.6592,160.1015,156.3726,159.7956,933772
2014-01-17,159.2184,159.3513,154.6447,155.0687,2258803
2014-01-20,154.6241,155.7855,151.4647,153.3399,1117052
2014-01-21,154.0820,157.3163,154.0820,156.1707,1169590
2014-01-22,155.8212,156.1798,151.8856,154.6293,1271278
2014-01-23,154.4870,154.8032,153.1955,153.5479,1366782
2014-01-24,152.7323,155.1558,150.6164,150.6164,1175385
2014-01-27,149.9417,150.4501,144.9276,144.9276,1391665
2014-01-28,145.1787,149.6785,144.1704,147.5630,1682950
2014-01-29,147.7179,148.8231,146.7872,148.8231,1008303
2014-01-30,149.7332,151.6950,148.9429,151.5026,1075764
2014-01-31,151.3452,151.3452,147.4842,148.4018,922600
2014-02-03,149.4522,153.3554,149.4522,153.3554,1795496
2014-02-04,154.0139,155.5850,153.7125,155.5003,933540
2014-02-05,155.4055,155.4055,150.0461,154.8685,1201640
2014-02-06,154.5249,155.6517,153.5320,153.5938,973812
2014-02-07,153.3175,153.3175,149.6338,151.3409,1603224
2014-02-10,151.3716,151.7221,150.2658,151.6403,776395
2014-02-11,151.0888,153.5997,149.4914,149.5971,1529722
2014-02-12,150.3120,154.4324,150.3120,154.4324,2188669
2014-02-13,154.2881,154.2881,152.6060,153.6913,1318328
2014-02-14,154.1604,155.4255,152.7162,155.3105,1056400
2014-02-17,155.2950,155.3923,153.2362,155.2408,1454242
2014-02-18,155.5534,157.4647,154.2662,156.7185,1044981
2014-02-19,157.6613,162.1002,157.6613,159.9067,1559960
2014-02-20,158.7204,158.7204,154.2191,154.6878,1987042
2014-02-21,155.8024,158.7012,155.5060,158.3005,1412303
2014-02-24,157.7351,158.8676,156.1886,156.1886,2147873
2014-02-25,156.4881,161.7659,155.8162,160.7864,1400461
2014-02-26,162.8101,169.0827,162.8101,167.3989,3266348
2014-02-27,167.7887,171.2022,165.7132,169.9539,1674443
2014-02-28,170.0253,174.6457,169.0116,170.9107,1098990
2014-03-03,171.2326,176.0455,171.2326,175.1766,1263848
2014-03-04,175.6173,176.7471,173.1729,176.7471,919223
2014-03-05,175.0039,175.0039,168.7438,168.7438,1733057
2014-03-06,168.8053,170.3665,168.6654,169.7942,1367310
2014-03-07,170.5599,172.8265,168.0080,172.8265,1425624
2014-03-10,173.0550,177.8662,173.0550,174.4209,1510382
2014-03-11,173.7873,174.7765,167.3650,168.5378,1909349
2014-03-12,168.2055,169.0792,164.5018,165.4015,1490121
2014-03-13,165.4866,167.6683,160.9592,165.6941,1204375
2014-03-14,165.2635,165.2635,159.0357,162.6089,1220558
2014-03-17,162.6308,165.3816,162.6308,162.9208,839522
2014-03-18,163.1396,165.8941,160.9651,165.8330,1760310
2014-03-19,166.3011,168.6341,164.1838,168.6341,935303
2014-03-20,166.8012,167.2024,162.2736,163.1931,2611619
2014-03-21,163.5786,169.0904,163.0271,169.0904,1945426
2014-03-24,169.3437,170.9760,167.9545,169.9421,852851
2014-03-25,169.6401,169.6401,164.4270,166.6015,1737573
2014-03-26,166.1535,167.1835,164.4953,164.7699,879677
2014-03-27,165.0695,169.3573,165.0695,168.4748,1631369
2014-03-28,168.6502,169.9929,166.1490,169.9929,2024352
2014-03-31,170.2985,171.6079,168.9094,171.0092,1602459
2014-04-01,171.3980,174.0133,170.6059,173.2446,1532251
2014-04-02,172.8855,173.8720,171.1706,171.1706,1275206
2014-04-03,171.1387,172.3861,170.3357,171.0704,597877
2014-04-04,171.0101,171.0101,168.8817,170.3112,914697
2014-04-07,170.6742,172.6766,170.6742,172.2219,1377304
2014-04-08,171.8488,172.6051,170.9731,170.9731,1083073
2014-04-09,170.9956,171.0701,169.3734,171.0701,1338234
2014-04-10,171.3048,172.3422,171.1396,172.2182,1039768
2014-04-11,171.8080,172.7964,170.9569,170.9569,1144395
2014-04-14,170.5259,171.8673,168.7176,168.7176,1399400
2014-04-15,168.2820,168.6461,166.8414,166.8414,2210483
2014-04-16,167.2641,168.8772,167.2641,168.5695,1895383
2014-04-17,168.5767,168.5919,167.1971,168.5919,667783
2014-04-18,167.8086,167.8898,164.6242,164.6242,2209494
2014-04-21,164.9404,168.8741,164.9404,167.8615,1556783
2014-04-22,167.3070,167.3604,163.0407,163.0407,2612557
2014-04-23,163.1506,165.1367,162.5815,165.1155,1580287
2014-04-24,165.1818,166.5993,164.4634,165.3455,1074332
2014-04-25,165.2560,166.1265,164.5919,164.8936,909923
2014-04-28,164.1185,164.1185,162.4085,162.4085,1377205
2014-04-29,162.3189,162.3189,160.5308,162.0881,624915
2014-04-30,162.3990,164.1202,161.4455,163.4815,1117088
2014-05-01,164.1309,166.5449,164.1309,166.2306,1433755
2014-05-02,166.3756,167.6154,165.4313,166.9884,1544853
2014-05-05,166.7977,168.7420,166.0344,166.0344,1503796
2014-05-06,166.1053,167.7107,165.6939,166.3562,689307
2014-05-07,166.3273,167.1603,165.8768,165.8768,896558
2014-05-08,166.6482,170.4098,166.6066,170.4098,4651641
2014-05-09,170.6347,172.8782,170.2011,172.8782,1348102
2014-05-12,172.7893,173.7917,171.0837,172.2819,780708
2014-05-13,172.0753,172.0753,170.0768,171.1496,767563
2014-05-14,170.8302,171.2436,170.0237,170.1691,1134859
2014-05-15,170.0774,170.0894,168.1003,169.4439,1082523
2014-05-16,169.7573,170.8113,168.6259,170.8113,1549563
2014-05-19,170.5031,171.5877,169.8652,169.8652,900109
2014-05-20,169.9439,170.1837,169.7089,170.0972,759355
2014-05-21,170.8605,173.9892,170.8605,173.9892,2799445
2014-05-22,174.4624,175.9088,174.0759,175.7347,1611138
2014-05-23,175.4512,176.3145,174.6098,174.6098,1021507
2014-05-26,174.6105,175.3859,173.8435,174.6151,878884
2014-05-27,174.7408,175.7889,174.1872,175.3665,799168
2014-05-28,175.1928,175.5851,173.9242,173.9242,2106476
2014-05-29,174.8312,176.6704,174.8312,176.6704,1743345
2014-05-30,176.6398,176.6398,174.8166,176.2110,637985
2014-06-02,175.2584,175.2584,173.0411,173.0411,1158030
2014-06-03,173.4860,177.7935,173.4860,176.7857,1703141
2014-06-04,176.8853,178.2656,176.2478,178.2656,800639
2014-06-05,178.3429,179.1290,177.2674,179.1290,1141904
2014-06-06,178.8116,178.9326,176.3334,176.3334,2281181
2014-06-09,176.4081,177.6531,175.8427,176.8080,651389
2014-06-10,175.9437,175.9437,171.8511,173.9234,2439304
2014-06-11,174.5311,175.8355,174.5311,175.8355,2489750
2014-06-12,175.2360,175.2360,172.1045,172.8718,2470223
2014-06-13,173.0504,174.9872,173.0504,174.6259,1315788
2014-06-16,174.8326,176.2419,174.7960,175.9571,1309015
2014-06-17,175.7623,177.3387,175.3955,175.3955,741383
2014-06-18,175.1093,175.1093,173.6027,174.3920,787888
2014-06-19,175.0143,176.5397,174.9419,176.5397,1198936
2014-06-20,176.3362,176.3362,173.8407,173.8407,1699806
2014-06-23,173.5180,173.9169,172.0877,172.4634,1073483
2014-06-24,172.5101,173.5503,172.1502,172.9348,1388000
2014-06-25,173.1871,173.7229,172.5516,173.7229,1205253
2014-06-26,173.1135,173.2569,171.5567,171.5567,1330629
2014-06-27,171.7638,175.2500,171.7638,174.7870,942077
2014-06-30,173.7563,174.3204,171.3060,171.3060,1126680
2014-07-01,171.3257,171.6618,169.5959,171.3908,798221
2014-07-02,171.1857,171.1857,168.8947,170.6214,715303
2014-07-03,171.6409,174.1778,170.5347,174.0858,1948859
2014-07-04,174.0551,174.8598,173.2103,173.9910,726159
2014-07-07,173.8539,175.0130,171.4312,172.3305,1163596
2014-07-08,172.4811,175.2832,172.2677,175.2832,1421709
2014-07-09,175.2568,176.1013,174.8622,175.0171,792120
2014-07-10,174.8466,175.3315,173.2989,173.7603,1252498
2014-07-11,173.8916,175.5584,173.8916,175.2237,1727635
2014-07-14,174.8571,174.9201,173.5302,173.8606,1198186
2014-07-15,173.8393,175.5403,173.7951,173.7951,919355
2014-07-16,173.3670,174.6837,171.4650,171.4650,1633581
2014-07-17,172.1704,174.1505,172.1704,173.8636,1978755
2014-07-18,173.5120,173.6548,171.1001,171.1995,1686014
2014-07-21,171.5707,173.6559,171.5707,173.0307,1213506
2014-07-22,172.9826,173.7443,171.7374,172.8410,710040
2014-07-23,172.8184,174.0724,171.7491,172.7499,813305
2014-07-24,172.6440,172.9714,170.9988,170.9988,1111165
2014-07-25,170.7274,171.4411,169.4049,169.8403,1028561
2014-07-28,170.2311,171.1335,169.2305,171.1335,1542312
2014-07-29,171.3017,173.3154,170.4969,172.7105,1711987
2014-07-30,173.1149,174.9387,173.0397,174.9387,2462783
2014-07-31,174.9695,175.8534,173.9057,175.1521,747272
2014-08-01,174.4340,174.4340,172.4067,172.5070,2229712
2014-08-04,172.9815,174.0340,171.6899,174.0340,701995
2014-08-05,174.0580,174.5022,172.8344,174.5022,927735
2014-08-06,174.5827,175.7285,174.5827,174.8788,904236
2014-08-07,174.7159,174.7159,173.6069,174.3714,907810
2014-08-08,174.3625,174.6619,173.6104,174.2797,595823
2014-08-11,174.1781,174.5884,173.0878,173.1783,1604220
2014-08-12,173.1386,173.1386,171.4797,173.0417,1155148
2014-08-13,172.6837,172.6837,171.3131,171.3131,1407324
2014-08-14,171.1355,171.1928,169.5030,169.5030,1275246
2014-08-15,169.2549,170.6369,168.4078,168.4078,1242079
2014-08-18,168.1865,169.0448,165.6148,165.6148,2452616
2014-08-19,166.3899,168.8653,166.3899,168.5697,1737415
2014-08-20,168.4918,169.8100,167.8643,167.8643,1084429
2014-08-21,167.7392,168.3061,166.8210,167.2254,1206684
2014-08-22,166.9313,166.9313,165.5435,166.2783,1297421
2014-08-25,166.0923,166.2955,164.6478,165.5102,942808
2014-08-26,165.6246,166.5411,165.5119,166.0816,1068044
2014-08-27,166.2295,166.8936,165.0780,166.6982,809040
2014-08-28,166.9339,167.7103,165.1295,167.7103,1212847
2014-08-29,167.5927,168.2705,166.4234,167.0753,1068217
2014-09-01,167.3293,168.2982,167.2061,167.8664,1005828
2014-09-02,167.8902,168.7953,167.1483,168.2644,913940
2014-09-03,168.5681,169.7619,167.0569,169.7619,1731620
2014-09-04,170.1584,173.2625,170.1584,173.2625,2391754
2014-09-05,171.9127,172.0786,167.3290,167.3290,2699971
2014-09-08,167.7600,170.6329,167.7600,170.5643,1859399
2014-09-09,170.3792,170.4280,168.5790,168.8147,1640811
2014-09-10,169.1994,171.3296,169.1994,171.3296,991534
2014-09-11,171.3897,172.2203,171.3897,171.5017,463617
2014-09-12,171.2498,171.2498,169.5690,170.2270,1605197
2014-09-15,170.9001,173.5824,170.7126,173.4919,1949130
2014-09-16,173.7035,174.9154,173.4412,174.2938,1157610
2014-09-17,174.7343,177.8706,174.6460,177.6127,1493778
2014-09-18,177.4208,177.6170,176.3392,176.5568,1545064
2014-09-19,176.6892,177.4420,174.3241,177.4420,1045902
2014-09-22,177.5884,178.9131,177.5884,177.8656,684458
2014-09-23,177.3489,177.4783,176.2727,176.3297,1722461
2014-09-24,176.5585,179.1576,176.0373,179.1576,1579409
2014-09-25,179.3503,180.0464,178.6339,179.7751,1000147
2014-09-26,180.3117,182.3206,180.3117,181.7217,923921
2014-09-29,181.8866,184.5467,181.5264,183.6234,1468359
2014-09-30,182.5377,182.7557,179.2116,179.6471,1654520
2014-10-01,180.4513,182.1452,179.2830,182.1452,800178
2014-10-02,182.1510,183.3084,181.8383,182.1745,731868
2014-10-03,181.9447,181.9964,180.6719,180.7748,1616535
2014-10-06,180.8975,181.7721,180.3732,181.1749,776022
2014-10-07,180.9109,181.0967,179.3435,180.0435,1064028
2014-10-08,179.7043,180.2763,176.0659,176.4022,1687881
2014-10-09,175.9455,176.9215,174.5940,174.5940,1719691
2014-10-10,174.8338,176.3011,174.6436,176.1725,1014704
2014-10-13,176.0851,176.4061,174.6852,175.5119,1249414
2014-10-14,175.1272,176.7171,174.2526,174.2526,921181
2014-10-15,174.2494,174.4192,173.7261,174.1904,787008
2014-10-16,174.1160,174.6621,173.3019,173.7820,929085
2014-10-17,173.4001,173.4001,170.5969,171.3817,1781839
2014-10-20,171.5185,172.2817,170.1090,172.2817,872272
2014-10-21,172.4704,173.4847,171.7942,173.0717,1365456
2014-10-22,172.5401,172.5401,170.5422,170.5422,1742468
2014-10-23,170.9293,172.6021,170.6174,172.6021,1097946
2014-10-24,172.7044,173.0202,172.4633,173.0202,898578
2014-10-27,173.4917,176.8766,173.3972,176.7825,1797401
2014-10-28,176.9409,179.2414,176.9409,179.2414,1061907
2014-10-29,179.9071,181.5381,179.2186,181.5381,1490182
2014-10-30,181.6146,183.2497,181.3866,183.0260,1040250
2014-10-31,183.4233,186.5569,183.4233,186.0656,1843845
2014-11-03,185.7620,185.7620,183.5422,184.2411,1716226
2014-11-04,184.2453,185.1108,183.9310,184.2651,720659
2014-11-05,184.6078,186.8793,182.7461,186.8793,1735862
2014-11-06,186.6007,186.6007,182.8846,183.9310,1640061
2014-11-07,183.4323,183.4323,180.8222,181.6531,1167047
2014-11-10,182.0184,183.6071,181.3298,183.6071,1408340
2014-11-11,183.5755,184.0793,182.5362,183.3955,895581
2014-11-12,183.1588,183.3964,182.0171,182.0171,1983464
2014-11-13,182.4479,185.8643,182.4479,185.8643,2237133
2014-11-14,185.5454,186.0827,184.2606,184.9412,1143017
2014-11-17,185.1244,187.7488,185.1244,186.4379,1353060
2014-11-18,186.4488,186.5584,184.3794,186.5584,843934
2014-11-19,186.1593,186.1593,183.3774,185.0962,1053725
2014-11-20,185.3329,187.1294,184.7518,185.8371,1149803
2014-11-21,186.0482,188.4196,185.6612,187.4503,887712
2014-11-24,186.9098,186.9098,184.7922,185.2370,1604593
2014-11-25,185.3126,187.1776,185.3126,185.8937,940553
2014-11-26,185.8827,185.8827,184.3462,185.7056,721977
2014-11-27,185.8534,186.7788,185.3368,186.1997,1502637
2014-11-28,186.3795,187.6781,185.9269,186.9458,1257010
2014-12-01,186.5723,187.6393,185.7333,185.7333,1219659
2014-12-02,185.8734,187.1094,185.8734,186.4600,691222
2014-12-03,185.7646,185.7646,183.7449,184.3702,1137412
2014-12-04,184.5039,186.2254,184.2063,184.7577,747774
2014-12-05,185.4334,186.8158,184.8730,186.8158,1396048
2014-12-08,186.9361,187.9547,185.7868,187.9547,1305377
2014-12-09,187.9086,190.0268,187.4107,187.4168,1218858
2014-12-10,187.4074,188.2412,186.9897,187.3657,881716
2014-12-11,187.5847,190.1080,187.5847,188.6273,1043537
2014-12-12,188.9705,189.8337,188.1156,189.8337,1190009
2014-12-15,189.7472,190.1366,188.6825,189.0085,1031923
2014-12-16,185.7982,185.7982,176.7297,176.7297,1635604
2014-12-17,177.2394,178.6437,175.5312,178.6437,1237595
2014-12-18,178.6983,179.9105,177.2541,179.0803,667945
2014-12-19,183.7939,192.9970,183.7939,192.9970,4278563
2014-12-22,190.8873,190.8873,183.5091,186.2283,1625024
2014-12-23,186.4201,189.7037,186.4201,189.7037,2016063
2014-12-24,189.6223,190.2151,188.6499,188.6499,992029
2014-12-25,188.3647,188.3647,184.8236,187.5568,1081040
2014-12-26,189.2966,193.0051,189.2966,192.5726,1939199
2014-12-29,192.4801,193.7229,190.8682,192.2969,670465
2014-12-30,191.4021,191.7482,189.6985,189.6985,1135339
2014-12-31,190.5887,192.7880,190.4689,192.7880,1772595
2015-01-01,192.4911,192.9108,190.3857,191.0343,1137888
2015-01-02,190.4204,190.4204,187.9409,188.9179,1436541
2015-01-05,189.4101,191.8514,189.4101,191.8514,1229596
2015-01-06,192.3844,194.8633,192.3844,194.8633,1664636
2015-01-07,194.9608,196.0477,194.3397,195.1846,869425
2015-01-08,195.0621,195.0621,192.2543,194.7324,1075116
2015-01-09,194.9324,198.5561,194.9324,198.5561,2101292
2015-01-12,199.0751,201.0924,199.0696,200.0737,1413080
2015-01-13,200.8392,203.2805,199.9070,203.2805,1121427
2015-01-14,203.4359,205.3720,202.7755,203.9993,1284574
2015-01-15,204.2956,207.1881,203.7444,207.1881,1710732
2015-01-16,208.0150,212.1821,207.8246,211.8490,1620090
2015-01-19,211.6526,213.2875,209.4640,209.8595,1197779
2015-01-20,210.9347,213.8096,210.0049,213.8096,1737910
2015-01-21,213.5688,213.5688,209.9010,209.9010,2340863
2015-01-22,211.2914,214.8669,210.8372,214.2144,2754345
2015-01-23,213.2693,213.2693,209.8171,209.8171,2722207
2015-01-26,209.6648,210.4816,208.6430,208.6430,1147587
2015-01-27,208.7329,211.2235,208.7329,209.1234,1129390
2015-01-28,208.4905,208.4905,204.9346,205.4107,1779421
2015-01-29,206.1255,208.4246,205.9482,207.7632,1427100
2015-01-30,207.3343,207.3343,203.0948,203.0948,1760188
2015-02-02,203.3825,206.5533,203.3825,206.5533,2347591
2015-02-03,206.4769,208.0486,205.9531,206.0256,762537
2015-02-04,206.3273,208.8104,206.3273,207.6764,1610528
2015-02-05,207.1758,207.1758,203.7980,203.7980,1688511
2015-02-06,204.0310,204.6001,198.0281,204.6001,1322916
2015-02-09,203.6061,203.8433,193.4887,193.7979,1547529
2015-02-10,193.7266,194.5447,192.9279,193.5484,1110074
2015-02-11,193.2101,193.2101,191.0026,191.6121,1499789
2015-02-12,191.4612,191.4612,189.9574,190.1663,1617727
2015-02-13,190.3396,191.3639,189.8761,191.3639,745822
2015-02-16,191.4169,191.6134,191.0439,191.5761,942811
2015-02-17,191.7992,193.3157,191.7992,192.2714,762100
2015-02-18,192.1992,192.1992,190.7313,192.0137,1184217
2015-02-19,192.6657,196.5267,192.6657,196.1472,3263467
2015-02-20,196.1335,196.7229,195.8310,196.0775,794973
2015-02-23,195.4417,195.4417,193.0364,193.2732,1746346
2015-02-24,193.2435,193.2435,191.9084,192.9333,1113147
2015-02-25,193.5707,196.3983,193.5707,195.5774,1531428
2015-02-26,195.3316,195.3316,193.2070,193.5228,1233054
2015-02-27,193.4241,194.5710,192.7276,192.7276,1385727
2015-03-02,194.0255,198.3832,193.8928,198.3832,2823566
2015-03-03,198.9194,201.7163,198.8616,201.7163,1897111
2015-03-04,202.0829,203.6029,201.1767,202.9757,1069645
2015-03-05,202.7876,203.3752,200.6758,202.0790,1490683
2015-03-06,202.4624,204.7537,202.3982,204.2106,1290917
2015-03-09,204.4245,206.2028,203.1856,205.0534,1102108
2015-03-10,205.0400,205.4936,203.5341,204.8356,704102
2015-03-11,205.2599,206.1237,204.3152,206.1237,1540179
2015-03-12,206.3695,208.4317,206.3123,208.4317,1358788
2015-03-13,207.9440,208.3902,205.5861,206.2600,1462863
2015-03-16,206.1863,206.2660,204.9571,205.0398,1078816
2015-03-17,205.5193,206.5578,204.4348,206.4676,892129
2015-03-18,206.6390,208.3021,206.6390,207.7440,1372334
2015-03-19,207.4850,207.7327,204.5382,204.5382,1694453
2015-03-20,205.9866,209.5480,205.9866,209.3738,1278935
2015-03-23,209.0232,209.0232,207.3795,208.3284,1119284
2015-03-24,208.3066,208.3066,206.8733,208.1181,966851
2015-03-25,206.9859,206.9859,204.0047,204.1806,1697942
2015-03-26,205.0242,208.1106,204.8089,206.9618,976264
2015-03-27,207.3026,211.5881,207.3026,209.2704,992367
2015-03-30,209.1122,209.1122,205.7802,208.6692,774954
2015-03-31,209.0579,212.2549,209.0579,212.2549,2034871
2015-04-01,214.1736,221.3346,214.1736,219.8213,2200915
2015-04-02,218.1522,218.1522,214.1352,214.2452,1827729
2015-04-03,214.3127,215.5148,213.3502,215.0331,603878
2015-04-06,215.9225,217.9130,215.1032,217.9130,1141981
2015-04-07,217.8820,217.8820,215.4476,217.3712,792097
2015-04-08,217.9094,220.7802,217.9094,219.2672,1698398
2015-04-09,219.1251,219.7213,217.7457,217.7457,1171316
2015-04-10,217.3643,217.8733,216.1251,216.3993,874883
2015-04-13,216.6827,219.5383,216.6827,217.7928,979385
2015-04-14,217.1594,217.1594,213.8841,213.8841,2736849
2015-04-15,213.9076,214.9846,213.3104,214.1860,1214909
2015-04-16,214.1784,214.7806,213.1652,214.1101,794317
2015-04-17,213.9994,215.4359,212.4319,212.9164,903964
2015-04-20,212.1589,213.6316,209.3641,209.3641,1727490
2015-04-21,208.4164,209.4835,204.8797,204.8797,1588342
2015-04-22,205.5611,207.6040,205.5611,207.4622,2047058
2015-04-23,207.0219,207.0219,203.0965,203.0965,1277096
2015-04-24,202.8101,204.4157,200.7343,201.0988,721839
2015-04-27,201.2190,202.3897,200.1550,201.6371,923885
2015-04-28,201.4163,201.4163,198.4622,198.4622,1068891
2015-04-29,197.9836,197.9836,196.5422,196.5422,2023636
2015-04-30,196.5527,199.5633,196.5527,196.6653,596446
2015-05-01,197.0056,198.0244,195.5552,197.7722,808172
2015-05-04,197.2294,198.0349,194.6927,195.0986,1541994
2015-05-05,194.6384,194.7343,191.5724,191.8059,1713322
2015-05-06,191.8281,193.0156,191.5683,191.8736,893260
2015-05-07,191.8182,193.0098,190.7025,191.6467,726618
2015-05-08,191.7951,192.4900,190.2356,192.0983,919453
2015-05-11,192.1722,193.1635,190.5413,193.1635,1595662
2015-05-12,193.1402,193.2489,191.5007,193.0551,365325
2015-05-13,193.3141,196.4762,193.3141,196.4762,1697270
2015-05-14,196.1526,196.8344,194.8192,194.8192,926757
2015-05-15,194.7452,194.9696,192.5519,193.5457,1087679
2015-05-18,193.2651,193.5563,190.3941,190.3941,2456027
2015-05-19,190.6970,193.2516,190.0308,191.7661,1716224
2015-05-20,191.1999,192.1023,189.0792,189.0792,1188689
2015-05-21,188.2868,188.9633,185.8786,186.4091,1352875
2015-05-22,186.6764,189.1885,185.6045,188.9628,1282745
2015-05-25,189.1999,191.5352,189.1999,190.9708,1443258
2015-05-26,191.1732,192.1407,190.1260,191.7305,825654
2015-05-27,191.5120,191.5120,189.5670,190.0148,1280414
2015-05-28,189.5621,189.5621,186.8409,186.8409,1824177
2015-05-29,187.1876,190.2746,185.5869,190.2746,1641787
2015-06-01,189.8201,192.2284,188.7867,188.8007,1728445
2015-06-02,189.5958,191.9204,188.7173,191.9204,2034450
2015-06-03,191.2314,191.2314,189.8331,189.9212,1191192
2015-06-04,189.7607,190.9126,187.4775,187.4775,1218529
2015-06-05,187.5545,188.8608,187.2134,188.6890,762328
2015-06-08,189.0974,191.7203,189.0974,191.5902,1639303
2015-06-09,192.1751,194.4873,192.1751,193.6958,1007931
2015-06-10,193.9928,196.3636,192.8444,195.2691,1011528
2015-06-11,195.3014,196.4060,195.3014,195.7562,755072
2015-06-12,196.7887,200.4975,196.7887,198.7356,1300039
2015-06-15,197.2569,197.2569,194.4147,194.4147,1818029
2015-06-16,194.6020,195.7825,192.5067,195.7825,1237580
2015-06-17,196.2083,198.3218,196.2083,197.1073,1987391
2015-06-18,197.1641,198.1452,196.2983,198.1452,792764
2015-06-19,198.2694,200.3564,197.4951,198.6475,1018086
2015-06-22,198.7843,201.6118,198.7418,199.9156,1234334
2015-06-23,200.2414,201.9084,199.8526,201.8412,1065758
2015-06-24,201.5315,201.7157,200.1550,200.4313,1385609
2015-06-25,201.4243,204.1375,201.4243,203.3198,1771304
2015-06-26,202.8814,202.8814,200.8489,201.8972,1773516
2015-06-29,201.8037,201.8037,200.3198,200.7202,1226182
2015-06-30,200.7695,201.3206,200.0394,201.1735,839701
2015-07-01,201.3722,205.2097,201.3722,203.0934,1091060
2015-07-02,203.0140,205.7494,202.5159,202.5757,1183982
2015-07-03,202.4266,203.6880,202.1161,202.1161,868964
2015-07-06,201.2905,201.2905,198.0907,198.7426,1555399
2015-07-07,198.3737,199.3694,197.0006,197.0006,1196329
2015-07-08,196.9882,198.6575,196.7903,196.7903,1085867
2015-07-09,197.2545,198.5675,196.6673,198.5675,1848200
2015-07-10,197.9289,198.8236,195.8225,196.0989,1452018
2015-07-13,196.5572,198.9232,196.5572,197.7708,1197698
2015-07-14,197.6075,199.0227,196.2810,196.6882,1157760
2015-07-15,196.8255,198.5440,196.8255,197.8778,934204
2015-07-16,198.2305,201.8227,198.2305,201.8227,1347761
2015-07-17,202.9488,205.1840,202.9488,205.1840,1752920
2015-07-20,205.1991,207.2392,205.1559,205.3722,752408
2015-07-21,205.2668,205.2668,202.7604,205.0186,1008776
2015-07-22,204.5926,207.3807,203.4612,203.4612,1166994
2015-07-23,203.5070,204.4974,202.0870,203.7863,774146
2015-07-24,205.3958,209.6656,205.2298,209.3948,1681230
2015-07-27,209.9259,214.9957,209.9259,214.9957,1754904
2015-07-28,214.1225,214.1225,209.7635,209.9997,1645249
2015-07-29,210.8239,213.0209,210.5475,212.5589,1638813
2015-07-30,212.3540,212.7775,208.5142,208.5142,1980503
2015-07-31,209.0749,212.2832,209.0749,212.2832,1376343
2015-08-03,211.6738,212.4000,209.7180,209.7180,2218061
2015-08-04,209.5216,210.1583,206.1198,206.1198,1891806
2015-08-05,205.6771,206.0866,202.5123,202.5123,2084188
2015-08-06,202.8287,207.0109,202.8287,206.3250,1818587
2015-08-07,206.1386,206.9061,205.5518,205.5518,1122084
2015-08-10,205.8423,207.3556,204.7909,206.4233,1225347
2015-08-11,206.1684,207.5273,203.6530,203.6530,1039396
2015-08-12,203.7084,203.8906,202.3341,203.8906,933431
2015-08-13,204.1078,207.5811,204.0271,207.5811,1894480
2015-08-14,207.3671,207.3671,203.6429,205.8340,1264144
2015-08-17,205.6334,205.6334,203.9990,205.1671,934425
2015-08-18,205.3226,207.8372,205.3226,206.2983,945698
2015-08-19,206.4803,208.2983,206.4803,208.2983,1095109
2015-08-20,208.6689,212.0693,208.6689,209.9742,720918
2015-08-21,211.1066,214.4896,209.9549,214.1499,1750160
2015-08-24,213.8829,215.0349,212.3394,213.0315,800818
2015-08-25,213.8764,215.7620,213.8764,215.7620,1244238
2015-08-26,215.7293,217.8796,215.4614,215.4614,669796
2015-08-27,215.9751,217.9523,215.9751,216.9976,1107295
2015-08-28,216.7893,216.8334,215.6314,215.6314,1042935
2015-08-31,214.4099,214.4099,210.6514,212.1338,1438793
2015-09-01,212.1380,213.0768,211.2187,212.1729,949952
2015-09-02,212.0997,212.0997,209.7582,211.9325,945636
2015-09-03,212.0345,212.6810,211.4746,212.6810,1122937
2015-09-04,212.7114,213.4772,211.3478,212.8559,653964
2015-09-07,212.9903,215.1612,211.2470,215.1612,960363
2015-09-08,215.2061,216.4285,214.6584,215.5012,967576
2015-09-09,215.6077,218.0152,215.6077,217.4802,1858400
2015-09-10,217.3119,217.6896,214.9785,214.9785,937989
2015-09-11,214.3282,214.3282,211.6661,211.9211,2110114
2015-09-14,211.5169,211.6722,209.2291,210.4052,978432
2015-09-15,210.8062,213.0115,210.8062,212.2682,1013355
2015-09-16,210.9140,211.8335,208.0227,208.0227,2773065
2015-09-17,208.1118,210.7418,208.1118,209.3882,892400
2015-09-18,209.3974,209.5524,208.8952,209.5524,838084
2015-09-21,209.5907,212.1448,209.5907,209.9480,452129
2015-09-22,209.4657,209.8444,206.1956,206.1956,1817189
2015-09-23,206.5001,207.9012,205.7257,207.5442,625212
2015-09-24,207.3279,207.3279,203.7135,205.0137,3806286
2015-09-25,205.2773,207.8268,205.1088,206.8098,912648
2015-09-28,206.3240,206.3240,202.9693,202.9693,1309894
2015-09-29,202.8583,204.4414,201.0560,201.0560,1098047
2015-09-30,201.0733,201.1654,199.2263,201.1654,534443
2015-10-01,201.8695,203.9870,201.8695,203.3170,1465907
2015-10-02,204.1022,207.1953,203.7406,207.1953,1292380
2015-10-05,206.9294,206.9294,204.6066,205.4699,1693918
2015-10-06,206.2198,208.3275,205.7675,208.3275,1300171
2015-10-07,207.3732,207.3732,202.7344,202.7344,1355483
2015-10-08,201.6763,201.6763,199.1316,199.1316,1959129
2015-10-09,199.2604,201.0243,199.2604,200.5887,1658678
2015-10-12,200.6882,202.9376,200.6882,201.5133,788111
2015-10-13,201.3544,202.4754,200.1344,200.1344,939727
2015-10-14,200.0661,201.5258,199.5469,199.9258,633214
2015-10-15,199.9801,201.6265,199.9801,200.8879,1579237
2015-10-16,201.1252,202.6078,200.2905,202.6078,1371325
2015-10-19,202.6600,205.3138,202.6600,203.0265,788824
2015-10-20,202.4058,202.4058,199.4230,201.2338,980287
2015-10-21,201.6467,204.5198,201.6467,202.8742,1345399
2015-10-22,203.0673,205.9544,202.1710,204.6732,1320252
2015-10-23,204.6228,204.6228,203.7632,204.3558,669039
2015-10-26,203.3285,203.3285,197.7441,197.7441,1734341
2015-10-27,197.9984,200.2477,197.6521,198.6027,1172853
2015-10-28,198.3841,199.4206,195.1040,195.1178,2135622
2015-10-29,195.1191,197.2962,195.1191,195.1295,582076
2015-10-30,195.2104,196.2026,193.2434,196.2026,1241498
2015-11-02,196.5179,199.0150,195.7765,199.0150,2072625
2015-11-03,198.6672,198.6900,196.1227,196.5201,1462011
2015-11-04,196.0675,196.2167,193.7741,194.8100,1084100
2015-11-05,194.4740,194.6299,191.6331,191.6331,1811129
2015-11-06,191.4670,191.8380,190.4869,190.8529,1005836
2015-11-09,191.4480,193.1205,188.9236,193.1205,1536161
2015-11-10,194.0257,196.0452,193.7023,196.0452,1507965
2015-11-11,195.8431,197.4011,193.4461,194.5887,958644
2015-11-12,194.2392,194.2392,192.7824,192.7824,909839
2015-11-13,193.7142,195.7625,193.4094,195.7625,1274278
2015-11-16,195.6369,195.6369,192.4002,194.5181,1193302
2015-11-17,194.6283,195.7756,192.8168,195.7756,1231007
2015-11-18,195.3145,196.1747,192.4059,192.4059,1207754
2015-11-19,191.7434,191.7434,187.9125,189.1142,2049601
2015-11-20,190.3655,194.2328,190.3655,193.2262,2327314
2015-11-23,193.5037,194.6326,192.5514,194.1363,641046
2015-11-24,193.6281,194.7818,191.2206,191.2206,1718738
2015-11-25,190.9757,191.6761,189.3882,190.3559,929758
2015-11-26,189.9767,190.9685,188.6785,188.7539,1398465
2015-11-27,188.3520,189.4073,186.7183,187.2846,872319
2015-11-30,186.7186,186.7186,183.0925,184.7481,1294973
2015-12-01,185.3055,187.1242,184.8631,187.1242,1529124
2015-12-02,187.4533,189.2972,187.4533,189.2972,2089883
2015-12-03,189.1346,190.1767,188.4766,188.4766,981158
2015-12-04,188.7314,190.6885,188.6414,189.2600,1101759
2015-12-07,189.0643,189.0643,187.1755,187.1755,2106503
2015-12-08,187.4126,188.6897,186.7241,188.1873,1190788
2015-12-09,188.8444,191.3854,188.8444,191.0672,1901364
2015-12-10,191.0325,191.0839,190.5915,190.7727,843076
2015-12-11,189.9922,190.6889,188.3279,188.3279,1923000
2015-12-14,188.3702,188.7188,187.5845,188.4677,915583
2015-12-15,188.5560,190.8172,188.5560,188.7254,960272
2015-12-16,188.8095,189.2999,187.5077,189.2999,690219
2015-12-17,189.2368,189.2685,188.0864,188.9932,1352631
2015-12-18,188.9304,191.9891,188.0083,188.6654,1070329
2015-12-21,188.6935,189.7998,188.1952,188.9565,1004428
2015-12-22,189.8127,191.5741,189.8127,191.5700,1616759
2015-12-23,191.4926,192.7475,190.6721,191.2499,509196
2015-12-24,191.6197,193.4206,191.1493,192.9550,1328432
2015-12-25,193.9572,197.9563,193.7215,197.9563,3444564
2015-12-28,196.8765,196.8765,193.0219,194.1690,1362865
2015-12-29,194.3003,195.0684,193.2658,195.0684,878970
2015-12-30,195.1670,195.7910,194.2351,195.5498,1277001
2015-12-31,195.5336,196.3070,194.8738,195.4045,604110
2016-01-01,195.1236,195.1236,191.5485,191.7211,3184286
2016-01-04,191.0339,191.8863,189.4109,189.4109,1676062
2016-01-05,189.3691,191.8195,188.9533,188.9533,1011767
2016-01-06,188.8906,189.7417,187.4306,187.8594,1090442
2016-01-07,187.6405,187.6990,186.5811,187.2014,1363905
2016-01-08,186.7683,188.2485,185.4007,185.6358,1556762
2016-01-11,186.1355,187.3050,185.2705,187.3050,1543340
2016-01-12,187.3056,188.4386,186.7524,187.3068,687747
2016-01-13,187.7986,188.7783,186.3704,188.7783,1395327
2016-01-14,188.8406,189.4979,187.6652,189.2370,839507
2016-01-15,189.1677,189.2758,187.5725,188.3858,799117
2016-01-18,187.8804,188.4355,184.9933,185.4479,1268090
2016-01-19,186.2997,189.7062,185.4792,189.7062,2377607
2016-01-20,189.9532,191.1132,189.2674,191.1132,916204
2016-01-21,190.1099,190.1099,187.2162,188.1481,1096479
2016-01-22,188.3605,189.6990,187.9296,189.2460,1089819
2016-01-25,189.2666,190.3462,188.2856,189.5182,922114
2016-01-26,189.3144,190.4615,188.9193,188.9193,894692
2016-01-27,190.0020,192.6480,190.0020,192.6480,2682135
2016-01-28,193.6268,197.4339,193.6268,197.4339,2515485
2016-01-29,197.3728,198.1964,196.7456,197.1563,937376
2016-02-01,197.1369,199.0562,196.9924,196.9924,754505
2016-02-02,196.9843,197.6407,195.9349,196.9167,810447
2016-02-03,196.2593,196.2593,192.7112,194.6089,708923
2016-02-04,194.7849,196.7587,194.7269,195.8538,959144
2016-02-05,196.5952,199.4782,196.5952,199.4782,1377360
2016-02-08,198.7606,198.7606,196.5433,196.6278,1616796
2016-02-09,196.7707,197.4480,196.1292,197.2955,902653
2016-02-10,197.1895,198.0959,196.2042,196.2042,669910
2016-02-11,196.1711,197.8451,195.6161,195.6161,1499994
2016-02-12,195.5716,195.5716,193.8098,195.3398,720738
2016-02-15,194.8637,194.8637,192.3833,193.5494,1235175
2016-02-16,193.1977,193.1977,190.1266,192.0752,1695955
2016-02-17,191.8701,191.8701,191.0716,191.1282,1256411
2016-02-18,191.7522,194.8016,191.7522,194.1108,1030568
2016-02-19,194.6002,196.1243,194.2425,196.1243,1064947
2016-02-22,196.3872,196.9336,195.3891,196.9336,1261142
2016-02-23,197.8184,199.7428,197.7718,199.5837,1313605
2016-02-24,200.0168,201.0535,198.1746,201.0535,1055229
2016-02-25,201.1451,202.0463,200.3416,201.3772,1149811
2016-02-26,200.9147,201.0553,199.1783,199.7465,1001354
2016-02-29,199.9842,200.8455,199.9842,200.5720,794549
2016-03-01,200.4736,200.7938,199.2919,199.6630,777702
2016-03-02,200.0314,203.0473,200.0314,202.9169,1268560
2016-03-03,202.8183,203.7482,201.9971,201.9971,951034
2016-03-04,202.1217,203.8275,201.6124,203.8275,1690291
2016-03-07,203.2045,203.2045,201.4092,201.8113,1294645
2016-03-08,201.5927,201.5927,198.7952,200.1864,1390135
2016-03-09,200.3587,202.7763,200.3587,200.7366,783117
2016-03-10,200.4871,201.5129,198.6759,199.4664,741951
2016-03-11,199.7105,202.8719,199.7105,201.3538,1103263
2016-03-14,201.2022,201.2630,197.8833,199.7797,1213050
2016-03-15,198.9298,198.9298,196.8700,197.0147,1472416
2016-03-16,197.0244,199.1879,197.0244,197.1913,585900
2016-03-17,197.1455,197.8446,195.3318,196.6983,1114633
2016-03-18,197.1486,198.2175,196.1497,198.2175,907079
2016-03-21,198.2186,198.5325,197.3800,198.2360,779069
2016-03-22,198.3166,199.2677,198.0894,198.7247,927873
2016-03-23,198.6010,198.6992,197.6008,197.6008,1244498
2016-03-24,198.0309,203.0587,198.0309,203.0587,1962541
2016-03-25,203.0517,203.6241,201.9769,203.0067,907110
2016-03-28,203.0502,207.4615,203.0502,203.3383,455808
2016-03-29,202.6312,204.0095,196.9310,197.2110,1410625
2016-03-30,196.5686,196.5686,190.4270,190.6294,1584463
2016-03-31,191.5058,194.1480,189.5324,194.1480,1125995
2016-04-01,194.2538,195.1228,191.8792,194.5006,777335
2016-04-04,195.0217,196.5214,192.0682,196.5214,1289926
2016-04-05,196.7042,201.8482,196.7042,197.4492,760539
2016-04-06,198.7934,203.4639,197.8495,202.3551,1072935
2016-04-07,202.8385,205.1454,200.5301,204.5806,1028442
2016-04-08,204.7798,205.9080,201.9811,205.9080,791014
2016-04-11,205.6680,209.3022,203.9049,203.9049,1492437
2016-04-12,203.6856,204.4269,200.2736,203.1336,988664
2016-04-13,203.5793,208.3001,203.5793,205.4357,1054292
2016-04-14,204.7932,206.4934,202.7453,202.7453,1419196
2016-04-15,204.0204,210.8075,204.0204,210.3978,1372844
2016-04-18,208.5433,208.5433,202.3954,202.3954,1050991
2016-04-19,200.9918,201.4253,197.8749,197.8749,1019013
2016-04-20,200.0669,207.2063,200.0669,206.9056,1582796
2016-04-21,207.9050,212.1047,207.9050,211.8779,999285
2016-04-22,213.3402,218.6931,211.8221,217.3039,1510431
2016-04-25,216.2972,216.6089,209.8226,209.8226,1067767
2016-04-26,210.6724,219.9193,210.6724,218.9101,1643646
2016-04-27,218.2835,220.6954,216.2207,216.2207,752349
2016-04-28,217.3732,230.1181,215.6803,230.1181,1817579
2016-04-29,231.4256,238.9006,231.4256,234.0190,1198603
2016-05-02,234.7276,239.6227,234.0363,237.0261,1118606
2016-05-03,238.9553,250.1495,238.9553,245.0157,1636939
2016-05-04,244.5372,245.9969,237.5170,238.3385,1630044
2016-05-05,237.6721,237.7147,233.1940,233.1940,1995243
2016-05-06,233.7518,236.1123,233.7518,234.9305,1246092
2016-05-09,234.9572,235.1564,231.6789,235.1564,477206
2016-05-10,235.4195,238.2841,235.4195,236.2069,1076165
2016-05-11,236.0426,236.6384,234.7553,235.6982,860782
2016-05-12,235.1974,237.2180,232.7780,232.7780,1284930
2016-05-13,234.0858,238.5792,234.0858,238.5792,2022862
2016-05-16,239.5949,244.7521,239.5949,244.5481,1709520
2016-05-17,244.6502,246.7845,244.0271,245.0364,811133
2016-05-18,245.6309,247.6779,244.3648,246.8945,1384215
2016-05-19,246.8382,246.8382,244.1900,246.2055,777723
2016-05-20,246.6165,250.7054,246.6165,249.7421,2274355
2016-05-23,248.9986,248.9986,246.2610,247.5216,1359769
2016-05-24,247.6611,248.6649,246.7524,248.2228,709937
2016-05-25,248.9265,250.5960,248.9265,250.4454,1050180
2016-05-26,251.3928,254.4890,251.3928,253.4764,1175537
2016-05-27,253.3369,253.3369,251.9288,252.9288,704489
2016-05-30,252.6289,255.6319,251.2378,251.2378,1276089
2016-05-31,251.7213,254.2976,250.1132,254.2976,1402508
2016-06-01,253.9326,253.9326,251.4128,251.6948,1010406
2016-06-02,251.9170,253.7298,251.9170,253.7298,835758
2016-06-03,253.7101,254.3462,251.4772,253.5397,1255170
2016-06-06,253.2592,253.4375,250.7783,250.7783,1727132
2016-06-07,250.7961,252.0706,250.5146,250.9104,521776
2016-06-08,251.2048,254.9390,251.2048,254.9390,1655648
2016-06-09,254.9587,257.3594,254.9587,255.2612,747690
2016-06-10,255.5685,257.2453,254.7490,257.2453,831382
2016-06-13,257.3015,257.8710,254.8990,257.6527,476913
2016-06-14,257.7124,258.3139,256.5998,257.9014,977619
2016-06-15,257.4052,257.4052,253.5195,253.5195,1512620
2016-06-16,254.9670,258.5272,254.9670,258.3098,1208980
2016-06-17,258.2105,260.3319,257.3108,257.3108,718751
2016-06-20,257.0569,258.1494,255.9593,255.9593,784423
2016-06-21,256.4764,260.5054,256.4764,260.5054,1250533
2016-06-22,260.7379,262.5651,260.7379,262.2663,944687
2016-06-23,262.0034,263.0111,260.7399,260.7399,1036238
2016-06-24,260.3472,261.2269,257.3452,257.3452,1351512
2016-06-27,258.1983,262.7003,258.1983,262.7003,1577391
2016-06-28,263.3334,264.8065,260.9567,264.8065,918103
2016-06-29,262.8723,263.4948,257.1390,257.1390,1164688
2016-06-30,257.4978,259.2158,257.4978,259.0489,931611
2016-07-01,258.4892,258.4892,254.6085,256.4930,1735849
2016-07-04,256.9430,263.6497,256.9430,262.0737,1472909
2016-07-05,262.1535,264.4730,262.1535,262.4966,688538
2016-07-06,263.3654,266.1882,263.3654,265.5092,963900
2016-07-07,265.2551,265.2551,261.9530,264.6758,843247
2016-07-08,262.4322,262.4322,255.1725,255.1725,1831649
2016-07-11,255.4439,257.0651,253.8582,257.0651,1408790
2016-07-12,256.1479,256.1479,253.4118,253.5950,846830
2016-07-13,253.8014,256.4078,252.4191,254.7602,1054435
2016-07-14,254.4047,255.8781,250.6700,252.6343,1100847
2016-07-15,252.8093,256.5165,252.8093,255.9982,1079156
2016-07-18,255.8628,257.6775,254.7449,255.5299,1058058
2016-07-19,255.3831,256.2863,254.3887,254.9643,456835
2016-07-20,254.3781,254.3781,249.3204,250.5641,1316286
2016-07-21,250.0910,250.9449,247.6392,248.5331,961828
2016-07-22,249.7856,252.6761,249.3705,252.6761,1179627
2016-07-25,252.7229,253.2592,251.6023,252.9436,1130238
2016-07-26,253.3299,255.8236,252.6344,254.9127,1263374
2016-07-27,254.6665,255.4714,251.0109,251.0109,1492822
2016-07-28,250.8150,250.8371,248.3418,250.1040,625745
2016-07-29,249.7647,250.7053,247.8268,248.5604,979721
2016-08-01,247.8788,248.6776,244.7505,244.7505,1211600
2016-08-02,244.4138,244.4138,238.1933,240.5278,1191667
2016-08-03,240.7779,243.2365,240.7779,241.3394,579260
2016-08-04,240.9470,241.5477,238.4872,239.7640,773225
2016-08-05,239.8894,242.8735,239.8894,240.2235,866035
2016-08-08,240.0017,240.8838,237.6991,237.6991,2191655
2016-08-09,236.8797,238.2016,235.3074,235.3074,1754815
2016-08-10,235.8653,239.4249,235.8653,239.4249,921742
2016-08-11,238.9682,238.9682,236.9536,238.0102,704509
2016-08-12,238.3031,239.1487,236.2458,238.9234,734627
2016-08-15,238.6082,238.6082,235.9395,236.5344,1414231
2016-08-16,236.9978,238.5597,236.8365,238.5597,1672924
2016-08-17,237.5988,237.5988,234.2897,234.2897,1082475
2016-08-18,234.7946,235.9542,234.4074,235.9542,865299
2016-08-19,235.0635,235.5599,232.4512,232.4512,1435555
2016-08-22,232.9552,235.0384,232.9552,234.8779,1124646
2016-08-23,235.5214,236.9865,235.5214,236.9865,1386193
2016-08-24,238.0395,241.1223,237.0229,241.1223,1813641
2016-08-25,240.9892,240.9892,237.6903,239.8525,1055110
2016-08-26,239.9421,240.8103,238.7426,240.3293,862168
2016-08-29,240.2022,241.0602,238.5074,238.9737,963609
2016-08-30,239.6837,242.8708,238.0711,241.6249,1392208
2016-08-31,241.8442,243.7113,240.7933,243.7113,908263
2016-09-01,245.2381,249.0257,244.8340,249.0257,1390462
2016-09-02,249.1501,251.9812,249.1501,250.4023,1004128
2016-09-05,250.4667,252.3025,249.7257,251.2718,891932
2016-09-06,250.9066,250.9066,245.1831,245.1831,1404265
2016-09-07,245.1726,246.9122,244.2931,245.0623,510408
2016-09-08,245.6282,247.9830,245.6282,247.5485,1114511
2016-09-09,247.0188,247.0188,241.3861,241.3861,2031111
2016-09-12,241.8936,245.1214,241.4391,244.5246,1409751
2016-09-13,244.1176,244.1176,241.1858,242.2179,960263
2016-09-14,241.9386,241.9386,240.2561,241.4039,757803
2016-09-15,241.4659,241.9777,240.7471,241.6178,557265
2016-09-16,241.4958,241.4958,239.3631,240.1220,1011319
2016-09-19,240.3803,243.4235,240.3803,241.4282,928688
2016-09-20,241.2329,242.3341,239.9643,239.9643,856594
2016-09-21,239.7115,239.7115,237.2326,237.4838,1314334
2016-09-22,237.4156,238.8189,236.6402,237.2862,738781
2016-09-23,237.4270,240.0513,235.3564,238.9090,1190311
2016-09-26,237.3444,237.3444,233.3836,233.3836,1544973
2016-09-27,233.7501,237.5589,233.3718,235.7737,1612510
2016-09-28,235.4266,236.0136,233.8141,234.3544,545610
2016-09-29,234.0683,234.8752,230.7336,233.1657,1007833
2016-09-30,233.2034,234.0751,233.1158,233.3841,617771
2016-10-03,233.1203,235.3438,231.2794,232.0100,901757
2016-10-04,231.9591,232.8054,231.0352,231.1836,791890
2016-10-05,230.8601,231.4052,228.7788,228.7788,900700
2016-10-06,229.1235,234.4669,228.7613,234.4669,1399465
2016-10-07,233.7159,234.3123,231.1663,231.8907,1536605
2016-10-10,232.7789,236.3917,232.7789,236.1942,1113583
2016-10-11,236.4588,240.6293,236.4588,240.6293,1749073
2016-10-12,239.9102,241.9546,235.5380,235.9785,1371455
2016-10-13,235.7330,235.8524,232.2462,235.0329,796298
2016-10-14,235.4706,239.3554,235.4706,239.2519,1176063
2016-10-17,238.9527,241.4990,237.7738,237.7738,1574681
2016-10-18,237.7230,239.0514,237.3486,237.3486,588643
2016-10-19,236.7487,237.5950,235.5745,235.5745,731370
2016-10-20,234.7747,234.9562,229.1008,230.6318,2376064
2016-10-21,230.4189,230.4189,228.6463,229.0848,1527586
2016-10-24,228.7303,228.7303,226.2302,226.2302,902028
2016-10-25,225.4501,225.4501,220.2741,221.2873,1094616
2016-10-26,220.9921,222.5899,218.4512,219.4528,976770
2016-10-27,219.0051,219.0051,212.7902,217.0817,1019268
2016-10-28,217.0648,220.5288,216.9386,216.9386,980409
2016-10-31,215.8595,215.8595,208.7382,209.0151,1675563
2016-11-01,208.6790,211.5181,203.7593,203.7593,872442
2016-11-02,203.6322,204.8040,202.5908,202.5908,1169256
2016-11-03,202.7358,204.1271,202.6148,203.7921,634410
2016-11-04,203.6233,203.6233,202.3791,202.9310,738747
2016-11-07,202.9805,203.7703,202.6562,203.3118,1757335
2016-11-08,203.2632,204.6961,202.6018,202.6018,783879
2016-11-09,202.2064,202.2064,200.0751,200.2017,1282428
2016-11-10,200.2269,202.5038,200.1310,200.3478,954541
2016-11-11,200.2711,200.6360,198.9356,199.7644,1002006
2016-11-14,199.7220,200.1866,198.8034,199.4786,737281
2016-11-15,199.9499,202.0546,199.9499,201.7528,1072845
2016-11-16,202.0027,205.3530,202.0020,205.3530,1683721
2016-11-17,206.6798,211.0566,206.6798,210.0275,3145995
2016-11-18,210.6203,215.0390,210.1395,215.0390,2006664
2016-11-21,215.4165,218.3020,214.6735,217.2487,1351074
2016-11-22,216.1540,216.1540,212.7756,212.8493,2035562
2016-11-23,213.3031,214.9674,212.7994,214.8447,1529702
2016-11-24,215.2051,219.1096,215.2051,216.2891,1008929
2016-11-25,216.0650,217.8235,214.8118,214.8118,629135
2016-11-28,214.8149,214.9007,213.3418,214.8212,437409
2016-11-29,215.3189,218.2759,215.3189,216.4553,1156255
2016-11-30,215.3234,215.3234,210.4259,210.7966,1577674
2016-12-01,210.9291,213.6245,210.9291,212.6833,1029100
2016-12-02,212.8003,213.9767,211.6762,213.4072,951412
2016-12-05,213.2831,213.9890,210.8003,210.9526,970286
2016-12-06,211.0142,211.4555,208.9153,211.4555,695983
2016-12-07,211.6262,212.8491,211.0439,212.8491,749646
2016-12-08,212.5655,212.5655,210.1902,210.7535,1153710
2016-12-09,210.4402,210.4402,208.5009,209.6969,718544
2016-12-12,209.7245,210.0030,207.6113,209.8059,553173
2016-12-13,210.0978,212.0057,210.0611,211.5833,1188757
2016-12-14,212.2937,214.9405,212.2937,214.1336,1132202
2016-12-15,214.1887,215.9161,213.6394,214.3870,764698
2016-12-16,213.2532,213.2532,209.7146,209.7651,1817986
2016-12-19,209.1879,209.8453,208.0531,208.0531,763436
2016-12-20,207.7259,207.7259,205.0702,205.0702,916595
2016-12-21,205.3138,206.9735,205.3138,206.5510,986268
2016-12-22,206.8886,207.6471,205.2567,207.6471,1089253
2016-12-23,207.1219,207.1219,204.5624,204.5624,1040643
2016-12-26,205.4962,208.1805,205.2189,208.1805,890464
2016-12-27,208.6645,211.9354,208.6330,210.4783,1631029
2016-12-28,209.6927,209.6927,205.9970,205.9970,1538525
2016-12-29,205.9549,208.0277,205.5417,205.6719,719704
2016-12-30,205.7341,206.7852,205.3145,206.0118,724241
2017-01-02,206.3628,207.2622,205.0540,207.2622,911275
2017-01-03,207.5532,209.2882,206.7141,209.2080,1351222
2017-01-04,210.0903,212.2873,209.5532,212.2873,1372403
2017-01-05,213.1091,215.2220,212.5229,215.2220,1151057
2017-01-06,215.2133,215.9407,214.4656,215.1690,646131
2017-01-09,215.2497,217.2046,214.7122,215.8090,1060618
2017-01-10,215.8443,216.7393,214.8483,215.9465,614721
2017-01-11,215.5162,215.5396,213.5578,213.7898,1140541
2017-01-12,213.8128,214.9091,212.4485,213.9734,675490
2017-01-13,213.9511,215.3206,213.5730,213.6137,742837
2017-01-16,213.8890,215.4027,213.5934,215.4027,1224212
2017-01-17,215.8189,218.5695,215.8189,216.6066,1121535
2017-01-18,217.2028,219.3550,217.2028,219.3550,1154177
2017-01-19,219.4593,220.4267,218.5955,219.6566,677231
2017-01-20,219.6438,221.5700,218.4304,219.6045,662965
2017-01-23,220.7807,222.9861,218.7756,222.9861,1524133
2017-01-24,223.5625,228.2181,223.4041,227.3259,1936700
2017-01-25,227.1048,228.7656,225.2955,225.2955,1652962
2017-01-26,225.1035,225.5164,223.6318,223.6318,590595
2017-01-27,223.6582,225.7346,223.5957,223.9980,1081645
2017-01-30,224.1543,225.3278,220.8398,225.3278,793665
2017-01-31,224.8741,225.8078,223.0251,224.0030,1132882
2017-02-01,223.8914,223.8914,221.3226,221.9719,692645
2017-02-02,222.8772,226.0310,222.8772,226.0310,1280482
2017-02-03,226.3735,227.7539,225.0342,227.7539,942249
2017-02-06,227.2979,227.3365,226.3568,226.3568,1187718
2017-02-07,226.0685,226.6734,223.5104,223.8530,794901
2017-02-08,223.4822,223.4822,220.2738,222.2379,1010473
2017-02-09,222.6193,224.9673,222.1618,224.5507,1268971
2017-02-10,224.2213,224.2213,221.5116,221.8141,1610469
2017-02-13,221.6669,222.3345,219.1022,219.1022,1273670
2017-02-14,219.3769,222.3088,219.3769,220.7066,1142407
2017-02-15,219.3129,219.3129,213.1457,213.4899,1703797
2017-02-16,214.0732,216.2814,214.0732,215.6025,853322
2017-02-17,216.0704,217.0743,215.6582,217.0743,836756
2017-02-20,216.6667,218.4401,215.1233,215.1233,1847979
2017-02-21,215.0880,216.1908,215.0101,215.0101,347215
2017-02-22,215.4053,218.5941,215.4053,217.1412,817239
2017-02-23,217.3208,219.9791,217.3208,219.2953,1164069
2017-02-24,219.2764,219.2764,218.4531,219.0970,735891
2017-02-27,218.9564,218.9564,215.9564,217.5779,1205923
2017-02-28,217.6877,219.2362,217.3087,219.2362,1102005
2017-03-01,219.0743,219.1990,217.5420,218.7279,764997
2017-03-02,218.6612,219.4401,218.2078,218.2529,952649
2017-03-03,218.5246,221.0715,216.4106,221.0715,1687174
2017-03-06,221.3982,222.9663,220.6469,222.3176,935921
2017-03-07,222.3670,223.2824,220.1142,223.0227,857948
2017-03-08,222.5145,222.5145,218.5362,220.9547,1434925
2017-03-09,221.5199,222.9353,219.3450,222.8208,817665
2017-03-10,223.2855,224.1535,221.3080,224.1535,1006361
2017-03-13,223.8572,223.8572,221.0892,221.7014,1175617
2017-03-14,221.9492,223.2836,221.4467,222.6904,1119559
2017-03-15,225.0594,229.7400,225.0594,229.7400,3437763
2017-03-16,229.1481,229.1481,223.9077,224.1926,2407304
2017-03-17,223.8590,226.6334,222.9903,222.9903,1115741
2017-03-20,223.6260,226.6061,223.6260,224.8502,774434
2017-03-21,224.2775,224.2775,220.8801,220.8833,1931666
2017-03-22,221.0296,222.2695,218.9199,222.2695,751101
2017-03-23,222.6438,224.0839,222.1379,223.8456,1117080
2017-03-24,224.3735,225.4713,222.4212,225.4713,1057503
2017-03-27,225.9302,227.5239,225.8642,226.7962,918383
2017-03-28,226.0112,226.0112,221.1823,221.1823,2011668
2017-03-29,222.2318,224.4858,221.7448,224.2587,1172654
2017-03-30,222.8556,222.8556,218.0381,218.0381,2644608
2017-03-31,218.4326,222.4147,217.2266,222.4147,1376151
2017-04-03,223.2740,225.4681,223.2740,225.2182,1067180
2017-04-04,225.2213,225.6779,224.7144,225.2301,640702
2017-04-05,225.8835,228.9706,225.8835,228.9706,1729169
2017-04-06,228.8211,228.8211,226.4769,228.4486,791137
2017-04-07,228.2118,230.2837,226.7589,226.7589,903979
2017-04-10,227.4180,229.7899,227.3284,229.5513,1083908
2017-04-11,229.5038,229.6629,227.6746,229.3547,908983
2017-04-12,230.2374,233.2161,228.8605,232.3513,945156
2017-04-13,232.4350,232.9507,230.3731,232.9507,597607
2017-04-14,234.0091,236.1069,233.5748,236.1069,1513321
2017-04-17,235.8657,236.1068,234.0609,235.1432,635738
2017-04-18,234.7693,234.7693,232.2296,233.8368,1004311
2017-04-19,233.8898,234.0731,232.2113,234.0153,481734
2017-04-20,236.0785,243.2457,232.9266,240.6687,1036708
2017-04-21,240.6480,247.1433,240.5721,240.5721,418675
2017-04-24,241.7360,246.1131,240.3815,244.3571,866433
2017-04-25,245.1001,248.6691,243.6773,247.4251,984700
2017-04-26,246.8533,246.9303,239.3933,241.3889,1342353
2017-04-27,241.5519,244.4428,241.5519,243.3236,770690
2017-04-28,243.7157,246.3523,243.4440,244.4848,798947
2017-05-01,245.3996,248.9035,245.3996,248.9035,1338845
2017-05-02,249.9419,252.2733,248.9156,252.2733,1842637
2017-05-03,253.1667,259.2183,253.1667,257.7025,1332972
2017-05-04,257.5836,257.5836,255.7641,256.3835,970303
2017-05-05,255.4390,256.7342,252.4329,252.8991,1455252
2017-05-08,252.8902,253.6862,251.7758,252.8160,684124
2017-05-09,252.2305,252.2305,249.8999,250.8314,1048142
2017-05-10,251.1066,253.7950,251.1066,252.4848,805180
2017-05-11,252.8837,257.2650,252.8837,254.8266,863896
2017-05-12,254.7747,255.1325,253.9352,254.6714,465325
2017-05-15,253.9253,254.4518,252.4641,252.4641,730854
2017-05-16,252.7628,255.1487,251.8930,255.1487,1474239
2017-05-17,255.8212,258.4057,255.1818,257.5652,976988
2017-05-18,258.1003,261.9293,258.1003,260.2146,1010087
2017-05-19,260.1783,261.3277,259.7180,259.7180,732565
2017-05-22,260.0624,261.7617,259.3434,261.2965,789538
2017-05-23,261.0428,263.9814,258.6043,258.6043,916910
2017-05-24,257.8649,260.2477,255.7991,255.8485,690038
2017-05-25,256.0905,256.7259,253.7792,256.7259,1013032
2017-05-26,256.4817,257.9699,255.6935,255.6935,833262
2017-05-29,255.3879,255.3879,252.0959,253.9158,778161
2017-05-30,253.8247,253.8856,250.7322,253.1702,769979
2017-05-31,252.6080,252.6080,247.2440,247.2440,2431176
2017-06-01,247.0676,249.7603,246.1246,246.3962,1289393
2017-06-02,246.6613,249.5177,246.6613,247.5431,608971
2017-06-05,247.1173,247.7107,245.3022,245.3022,1070774
2017-06-06,245.1204,245.2105,243.5844,244.7262,1070523
2017-06-07,244.1030,245.1224,241.4163,242.6430,993414
2017-06-08,242.9975,244.1549,242.6881,243.9644,966632
2017-06-09,244.1037,244.9139,243.1830,244.9139,1032656
2017-06-12,244.5726,245.6246,243.5893,243.5893,826615
2017-06-13,243.1381,243.7765,240.8031,241.6626,1322378
2017-06-14,241.1876,242.7465,239.2223,239.2223,1168502
2017-06-15,240.3056,243.8927,240.2546,243.0843,1753183
2017-06-16,242.6762,243.7393,240.2199,241.5450,1066508
2017-06-19,241.7001,243.1180,241.2688,242.1932,812994
2017-06-20,241.7077,242.9514,240.3971,240.3971,1111288
2017-06-21,240.4427,241.1705,238.4126,240.5754,990105
2017-06-22,240.7855,245.0734,240.7855,244.7352,2230069
2017-06-23,244.4276,244.4276,241.9710,242.2921,1104339
2017-06-26,241.5034,241.5034,238.6499,238.6499,1123381
2017-06-27,239.0003,241.2993,239.0003,239.8937,560942
2017-06-28,238.7788,239.9153,235.7976,235.7976,2063713
2017-06-29,235.3247,236.2609,232.2849,233.8971,1156510
2017-06-30,233.5871,234.4310,232.7968,232.9040,846178
2017-07-03,232.2751,232.2751,229.7064,229.7064,1063777
2017-07-04,229.7384,232.1871,229.7384,230.2125,625546
2017-07-05,230.0408,231.5705,227.7226,229.6073,1108896
2017-07-06,229.5692,231.6593,228.8157,229.4157,588465
2017-07-07,229.9140,234.3601,229.8750,232.0651,1619167
2017-07-10,231.4973,232.7203,229.6120,230.4282,1111816
2017-07-11,230.6146,231.9447,229.4456,231.9447,857411
2017-07-12,232.3297,233.8391,231.3932,233.2506,1211902
2017-07-13,233.0278,234.0379,230.1114,230.1114,1158171
2017-07-14,230.0725,231.1396,228.6577,229.4305,817215
2017-07-17,229.1529,231.8588,228.2501,228.3044,939900
2017-07-18,228.0903,228.1610,226.4591,226.4591,1218793
2017-07-19,226.4264,227.6012,225.5420,226.3593,769017
2017-07-20,226.9072,231.8684,226.9072,229.9794,1082919
2017-07-21,229.8688,230.0234,228.4293,228.4293,1222374
2017-07-24,229.0667,231.8195,229.0667,230.7496,879306
2017-07-25,230.8178,231.8512,230.3945,231.0986,561071
2017-07-26,231.2492,233.2817,230.7422,233.1082,955383
2017-07-27,233.4916,236.0865,232.3591,236.0865,1531231
2017-07-28,236.6624,239.1941,236.6624,238.1530,1156108
2017-07-31,238.2194,238.6088,237.0484,238.6088,821190
2017-08-01,238.6489,240.2032,238.2858,238.7443,711267
2017-08-02,238.6127,241.0452,237.1971,238.3067,645332
2017-08-03,238.8986,240.6956,238.8423,240.0868,1136251
2017-08-04,239.5051,240.3316,237.3606,237.3606,1263764
2017-08-07,236.6218,236.6218,233.6773,233.7023,1186936
2017-08-08,233.3891,233.3891,227.9496,228.3664,1929377
2017-08-09,228.3638,229.6733,228.1593,228.3494,549926
2017-08-10,228.2996,228.2996,226.1961,227.6916,680917
2017-08-11,227.4250,228.4020,225.8988,226.4014,1148028
2017-08-14,225.5435,226.4296,223.3119,223.3119,1227971
2017-08-15,222.6661,222.6661,219.5824,220.8767,1414567
2017-08-16,221.0135,222.8391,221.0135,222.4861,1261372
2017-08-17,222.4399,222.5607,220.9051,221.8082,681281
2017-08-18,221.9007,223.6931,221.7875,222.3126,642067
2017-08-21,222.2219,222.9966,220.1821,220.9176,1028699
2017-08-22,220.7395,222.6689,220.2423,220.2423,901729
2017-08-23,221.2446,223.7745,220.0762,223.7745,2017928
2017-08-24,224.5752,228.9570,224.5752,228.9570,1756279
2017-08-25,229.0876,232.0556,229.0876,230.1409,683282
2017-08-28,230.3920,232.8448,230.3920,232.8448,1758867
2017-08-29,232.1536,232.1536,228.8289,229.9200,1832458
2017-08-30,231.1201,234.0429,231.1201,234.0214,1452236
2017-08-31,234.7582,237.3402,234.0397,237.3402,1390456
2017-09-01,238.5015,242.8058,238.5015,242.7164,1894221
2017-09-04,242.5058,243.5043,240.3084,240.3084,1175696
2017-09-05,240.2172,242.4259,239.9236,239.9236,1098497
2017-09-06,240.1136,241.3755,238.8911,241.1200,1085658
2017-09-07,241.2671,242.7405,241.1897,242.5921,1002847
2017-09-08,242.6600,243.4585,241.1201,243.2943,478200
2017-09-11,242.2815,242.2815,238.7236,240.2637,779764
2017-09-12,240.3324,241.5136,239.9589,240.9172,773822
2017-09-13,241.1871,242.1620,239.4996,241.8772,768624
2017-09-14,240.8669,241.5947,237.6634,237.6634,1689645
2017-09-15,237.0504,237.0504,233.4724,235.2247,902964
2017-09-18,234.1983,234.1983,230.3918,231.6420,1203954
2017-09-19,231.9496,235.2009,231.0677,235.1803,1266167
2017-09-20,235.0183,235.2063,232.4880,234.5004,821723
2017-09-21,234.8626,235.9250,233.7449,235.9250,1097394
2017-09-22,236.7445,238.9285,236.7445,238.9285,1098601
2017-09-25,239.4418,241.6598,238.9239,240.4312,1064963
2017-09-26,240.1867,240.1867,237.4429,239.3042,656634
2017-09-27,239.0771,240.4454,237.5148,237.5148,1396221
2017-09-28,237.5380,239.3481,234.6229,237.9747,905223
2017-09-29,239.6467,243.8496,239.2000,243.6439,1340800
2017-10-02,243.9274,247.3316,243.6187,247.3316,1408960
2017-10-03,248.5653,251.5368,248.5653,251.4200,1559334
2017-10-04,249.8027,249.9267,245.9307,245.9307,1217417
2017-10-05,245.6902,247.8589,245.0221,245.0221,816041
2017-10-06,244.4577,244.4577,239.5779,239.5779,1409545
2017-10-09,239.7465,241.1617,239.2967,240.8456,1671327
2017-10-10,241.4669,243.3297,241.1148,243.0753,934501
2017-10-11,242.8022,242.8022,240.1266,240.1266,735197
2017-10-12,241.0949,243.3058,240.0992,243.1837,1134449
2017-10-13,243.1533,244.2077,242.1682,242.9677,679044
2017-10-16,243.9242,246.6061,243.4897,245.9977,1780585
2017-10-17,246.1484,246.9579,244.5961,246.7113,544948
2017-10-18,246.8549,248.9029,246.8549,248.9029,1230321
2017-10-19,248.4702,251.0342,247.4583,247.4583,1742601
2017-10-20,246.5659,246.5659,243.4979,243.5562,1305124
2017-10-23,243.4968,243.6005,242.0166,242.7670,701719
2017-10-24,243.0767,245.4535,242.0140,245.1080,1366187
2017-10-25,245.8790,248.3102,245.8790,247.8157,1450073
2017-10-26,248.3143,250.9449,247.9977,249.8274,1312174
2017-10-27,251.2658,254.3225,251.2658,254.3225,1021884
2017-10-30,254.4499,255.1177,251.3922,255.1177,935388
2017-10-31,255.8102,259.2214,255.8102,258.5697,991478
2017-11-01,258.1498,258.1498,256.2447,256.2447,860467
2017-11-02,255.5096,256.1608,252.9938,253.3448,1657507
2017-11-03,253.5245,257.0473,253.5245,254.8430,858828
2017-11-06,254.9339,256.8130,254.8050,255.2600,691912
2017-11-07,255.2829,255.3261,253.8439,255.3261,724875
2017-11-08,255.4952,257.5329,255.1223,257.5329,1138714
2017-11-09,258.3873,261.5780,257.8093,261.1018,1000019
2017-11-10,260.9227,262.7702,260.3983,260.3983,681244
2017-11-13,260.9510,263.5136,260.0152,262.5509,1210192
2017-11-14,262.8222,264.5666,261.9870,263.4565,1118472
2017-11-15,263.6824,264.3559,262.1016,264.3559,673570
2017-11-16,264.9467,268.9457,264.9467,267.8810,1481706
2017-11-17,267.6184,268.1865,264.6372,267.0540,603946
2017-11-20,266.7110,267.5148,265.0238,265.4485,1477098
2017-11-21,265.1615,265.1615,263.2076,263.8465,702885
2017-11-22,264.4666,266.7976,263.5736,266.7976,1032984
2017-11-23,266.3378,266.3378,261.0931,261.4932,1722806
2017-11-24,261.7544,263.1380,260.8463,262.5338,633550
2017-11-27,262.9595,265.0418,260.3043,264.0319,629763
2017-11-28,264.2139,266.5356,263.3010,264.5974,901608
2017-11-29,263.3836,263.6825,261.0651,261.1211,1659764
2017-11-30,262.8185,266.4605,261.2147,266.4605,2090769
2017-12-01,266.4855,268.4242,265.8929,266.5709,405423
2017-12-04,266.5128,267.8447,264.7759,266.3807,687362
2017-12-05,265.0188,265.0188,262.1778,262.1778,2107050
2017-12-06,263.2016,265.5799,262.8496,265.5799,1147103
2017-12-07,265.1949,266.0853,264.0844,264.2368,1096435
2017-12-08,264.1005,264.1005,259.5598,262.0956,1058207
2017-12-11,260.9595,260.9595,256.3879,257.9647,1690379
2017-12-12,257.9225,258.8869,256.6090,257.4321,715468
2017-12-13,257.4904,257.8773,256.2443,257.8773,897496
2017-12-14,257.7834,258.4841,254.7111,257.0422,698245
2017-12-15,256.7673,257.7460,254.4887,254.6403,774235
2017-12-18,254.6124,256.9025,254.2301,254.2301,730357
2017-12-19,253.5749,253.7988,252.0752,252.0752,720430
2017-12-20,251.4394,252.4474,249.4816,249.4816,1034499
2017-12-21,249.5389,251.5449,249.5389,250.1075,921946
2017-12-22,249.4490,249.4490,245.6550,248.1345,1288953
2017-12-25,247.5313,247.7822,244.6950,245.8152,949447
2017-12-26,244.9562,244.9562,242.1143,242.1143,1133206
2017-12-27,242.4533,245.2849,242.3747,243.7339,1041353
2017-12-28,243.5599,243.5599,238.1658,242.2276,1094137
2017-12-29,241.0411,244.8907,238.5894,238.5894,993038
2018-01-01,238.1226,241.8909,236.2109,236.3646,765991
2018-01-02,239.1096,244.5627,239.1096,244.4983,1500914
2018-01-03,244.2190,249.1761,238.8252,243.1889,620284
2018-01-04,242.8038,246.9403,240.4160,240.4160,1068256
2018-01-05,236.0682,236.0682,227.9218,227.9218,1698834
2018-01-08,227.9965,230.3615,227.0599,228.5792,898568
2018-01-09,229.0931,232.5698,227.3927,231.0190,470656
2018-01-10,230.6951,231.7879,228.1123,229.9477,468558
2018-01-11,230.8550,233.2691,227.7356,233.2691,1216790
2018-01-12,234.2028,241.0035,232.4596,241.0035,830611
2018-01-15,241.1996,245.6341,240.9397,242.3536,1046733
2018-01-16,242.2539,242.8136,240.0129,241.8234,748051
2018-01-17,242.2748,247.8182,239.8316,247.8145,1283506
2018-01-18,246.7497,246.7497,235.4493,235.4493,1529071
2018-01-19,235.1565,235.2699,227.3939,232.9053,1096201
2018-01-22,230.4953,230.4953,219.9154,219.9154,1704123
2018-01-23,220.4632,224.5621,218.2023,224.5621,798872
2018-01-24,222.9069,222.9069,217.0024,219.4452,748671
2018-01-25,220.3541,228.5452,220.3541,228.5452,1071969
2018-01-26,229.1910,236.0514,229.1910,232.7432,905584
2018-01-29,232.5326,233.7002,228.7478,229.9260,1075479
2018-01-30,230.4681,237.8886,230.4681,231.9517,465425
2018-01-31,230.8598,230.8598,223.4852,226.9472,943648
2018-02-01,226.8286,227.8991,224.4242,226.3235,926327
2018-02-02,225.3343,226.7768,220.3026,220.8908,654448
2018-02-05,221.4273,228.7601,221.4273,227.7281,1323501
2018-02-06,227.5924,228.5171,223.5106,227.2190,395327
2018-02-07,226.6337,227.3953,224.5617,224.5617,1354180
2018-02-08,224.6211,224.8342,223.3515,224.7590,599525
2018-02-09,225.4114,229.4612,225.4114,228.9779,1264261
2018-02-12,228.8792,229.7494,227.9219,228.6511,907937
2018-02-13,228.3855,230.3725,227.5218,227.8752,731222
2018-02-14,227.9847,228.2211,225.3800,228.2211,470476
2018-02-15,227.7541,227.7541,223.5581,224.5088,2213635
2018-02-16,224.8993,227.4655,224.3254,226.7844,1348451
2018-02-19,226.6842,227.0941,225.2223,226.0026,877365
2018-02-20,226.1411,226.7767,225.2413,226.7767,795011
2018-02-21,226.9149,227.6142,225.7523,227.5429,856513
2018-02-22,228.0992,231.6474,228.0992,230.5882,1581358
2018-02-23,230.4943,231.3096,229.3960,229.3960,1419600
2018-02-26,229.1078,229.1078,226.4372,227.8928,1291670
2018-02-27,227.0242,227.0242,225.1981,225.3960,1105604
2018-02-28,225.3834,226.7707,225.0690,225.3165,864712
2018-03-01,225.4826,226.6186,224.2060,225.9138,1169307
2018-03-02,225.8232,226.4283,224.2797,225.5085,649446
2018-03-05,225.7911,227.0620,224.2096,226.4577,804267
2018-03-06,226.3871,227.2499,226.1980,226.1980,500225
2018-03-07,225.8897,227.4911,222.6711,222.6711,1931869
2018-03-08,222.7152,224.1488,222.0226,222.9297,638574
2018-03-09,223.3516,226.6728,223.3516,226.1108,959815
2018-03-12,225.7311,225.9317,223.4855,223.4855,1003430
2018-03-13,224.3813,229.2743,224.1270,229.2743,2485481
2018-03-14,229.1268,229.1268,227.1137,228.3925,801214
2018-03-15,228.4135,230.8931,228.2477,228.4794,790732
2018-03-16,228.8295,230.6484,227.6381,229.5500,718692
2018-03-19,229.4083,231.1147,228.2003,228.2003,971704
2018-03-20,228.6318,230.2232,227.8017,229.4722,717024
2018-03-21,228.8101,229.5852,226.8109,226.8109,1374361
2018-03-22,226.9810,228.2849,223.8099,228.2849,860953
2018-03-23,228.8226,231.8431,227.9430,231.3805,1299919
2018-03-26,231.5007,233.6660,231.5007,232.5399,990176
2018-03-27,229.7111,229.7111,222.3035,222.3035,1108401
2018-03-28,222.7388,228.3500,222.7388,227.2706,937039
2018-03-29,227.3426,228.9621,224.5644,227.9238,659424
2018-03-30,226.9660,228.9041,224.9552,224.9552,945470
2018-04-02,223.4640,228.2373,216.9415,216.9415,1498070
2018-04-03,217.9675,222.7545,215.4620,221.8969,1549912
2018-04-04,219.3354,219.3354,213.6993,214.0882,1266579
2018-04-05,215.0010,221.8434,214.1831,217.5634,595543
2018-04-06,217.6917,219.1626,214.7333,218.9228,892596
2018-04-09,218.8910,227.0446,218.6616,218.6616,1059045
2018-04-10,215.8054,217.5923,209.8368,209.8368,2025400
2018-04-11,209.1996,209.1996,201.8405,204.5504,1130743
2018-04-12,204.2691,204.2691,200.2581,203.2106,716252
2018-04-13,202.2609,202.3253,195.6509,198.8171,783904
2018-04-16,199.5481,202.2239,195.9641,202.2239,1079776
2018-04-17,201.1584,204.0859,196.3969,196.3969,1006304
2018-04-18,199.3065,205.4989,199.3065,205.4989,1214122
2018-04-19,205.6131,206.7581,203.4282,206.7067,700721
2018-04-20,207.8151,219.1309,207.3159,219.1309,1464849
2018-04-23,218.2794,221.4411,216.4834,216.4834,1067118
2018-04-24,217.5764,223.5950,217.5764,219.7928,604444
2018-04-25,220.8915,225.7425,219.8936,225.7425,867747
2018-04-26,225.8025,226.5987,222.7606,226.5987,788774
2018-04-27,228.3412,232.6486,227.9921,232.2248,1253591
2018-04-30,230.4109,231.8473,224.5368,224.5368,1314042
2018-05-01,225.0610,231.4529,225.0610,228.4892,1229779
2018-05-02,229.3928,233.7139,229.3928,232.7144,1139013
2018-05-03,231.9678,236.7599,230.3104,230.3104,738097
2018-05-04,228.7921,228.7921,219.2285,221.4266,1590219
2018-05-07,223.1899,231.2176,223.1899,227.3905,1050303
2018-05-08,227.9560,234.4400,227.9560,233.9771,1285001
2018-05-09,233.0655,235.9175,227.7096,231.1477,450481
2018-05-10,230.9053,233.4367,227.6783,227.6783,682011
2018-05-11,228.2376,232.7447,228.2376,232.7447,1595035
2018-05-14,233.4043,235.9358,233.4043,235.9358,1224235
2018-05-15,235.9422,238.8598,235.5713,236.0093,772783
2018-05-16,237.4498,242.1160,237.4498,242.1160,3975772
2018-05-17,242.8963,244.7123,242.4746,244.7123,1354413
2018-05-18,244.7581,245.8539,243.4458,245.2881,739206
2018-05-21,245.8185,248.6839,245.4024,247.9377,1247416
2018-05-22,248.3897,251.9997,248.3897,251.9997,1899616
2018-05-23,252.4255,253.7795,252.0616,253.7102,1660553
2018-05-24,252.8778,253.5789,250.8276,250.8276,1392775
2018-05-25,249.4298,250.1598,246.7106,246.7106,1428083
2018-05-28,247.6752,252.1148,247.6752,252.1148,1793489
2018-05-29,252.2462,254.3857,251.6190,252.7234,1149444
2018-05-30,254.1024,257.8864,254.1024,257.8643,1372783
2018-05-31,257.7772,257.9441,254.9956,257.3084,1534878
2018-06-01,256.6275,258.2022,253.1140,253.1140,1251111
2018-06-04,253.2435,255.9229,253.2435,253.9711,1023821
2018-06-05,254.2099,254.8995,252.9208,254.8995,963000
2018-06-06,254.7060,255.2888,253.7123,254.2227,1304889
2018-06-07,254.0997,254.0997,251.8235,252.3051,1098618
2018-06-08,252.0599,253.0447,250.7650,251.5179,644539
2018-06-11,252.1386,255.9288,251.9337,253.9006,1251086
2018-06-12,254.0383,255.9725,252.6776,255.9725,711662
2018-06-13,255.5806,256.9818,254.3138,254.5839,1118088
2018-06-14,254.5140,254.9602,252.3881,254.3454,842309
2018-06-15,253.8643,255.4294,251.8310,252.6448,817470
2018-06-18,252.2869,252.5108,250.4712,250.4712,1130160
2018-06-19,251.3299,253.7708,249.2285,253.0354,1059701
2018-06-20,253.5501,256.0536,253.5501,256.0536,1430102
2018-06-21,256.0540,258.2151,256.0540,256.0549,691663
2018-06-22,256.1487,257.6112,255.7524,257.5113,1175170
2018-06-25,258.4187,264.4511,258.4187,263.5812,1906871
2018-06-26,263.1000,263.1000,260.1860,261.5184,624939
2018-06-27,260.9762,260.9762,251.1065,253.3831,1152136
2018-06-28,253.6989,257.4582,253.6989,254.9485,585147
2018-06-29,255.2983,259.0265,247.4761,256.7880,715844
2018-07-02,257.8861,260.4012,255.8212,260.0594,1007524
2018-07-03,262.7385,271.8766,262.7385,271.8766,1692167
2018-07-04,268.0605,268.0605,260.9707,260.9707,1335752
2018-07-05,261.8837,265.7810,261.0510,265.7810,924947
2018-07-06,266.7641,272.4976,266.7641,271.1437,691827
2018-07-09,270.9891,271.0619,265.0353,269.0030,944716
2018-07-10,268.4313,273.2083,267.0394,267.0394,387338
2018-07-11,267.5159,275.1410,267.5159,275.1410,1171576
2018-07-12,273.2673,273.2673,266.1119,269.0821,1589533
2018-07-13,271.2707,275.4165,271.2707,275.4165,1830142
2018-07-16,275.8593,281.8057,275.8593,277.5466,1173555
2018-07-17,278.4279,283.1514,278.4279,280.6560,1263665
2018-07-18,280.7748,282.1590,278.8873,281.1572,611192
2018-07-19,280.6350,280.8251,277.3824,277.6744,1287432
2018-07-20,277.7138,278.1609,274.6517,278.1609,763242
2018-07-23,276.1142,276.1142,272.2553,272.2553,2881338
2018-07-24,272.9763,276.9493,272.9763,275.5839,1492640
2018-07-25,276.3959,279.2238,276.3389,278.6903,1130698
2018-07-26,278.3151,279.5724,277.3969,277.5188,938996
2018-07-27,277.8571,282.4015,276.9353,282.4015,1772438
2018-07-30,282.4970,284.0530,282.4970,283.3378,977018
2018-07-31,284.0466,285.6200,283.7959,285.6200,1045905
2018-08-01,285.0620,285.0620,282.4898,284.0256,891434
2018-08-02,284.5182,288.6199,283.8592,287.3724,1217669
2018-08-03,286.7949,286.7949,284.7342,284.8513,1112489
2018-08-06,284.7879,286.5839,281.7423,284.5247,515023
2018-08-07,285.7657,291.0832,285.7657,290.5883,1511416
2018-08-08,290.3815,290.3815,286.4282,287.9695,1006237
2018-08-09,288.5285,293.3264,288.5285,293.3264,1384150
2018-08-10,294.5190,298.4998,294.5190,297.2431,1438247
2018-08-13,296.8163,298.5400,295.6694,295.6694,720551
2018-08-14,295.5190,296.4945,293.2004,294.9105,1044209
2018-08-15,294.7330,294.7330,290.0308,293.0253,520688
2018-08-16,293.8641,306.6059,293.8641,296.1593,961257
2018-08-17,295.8311,295.8311,287.1472,290.6088,1419661
2018-08-20,290.1034,290.1034,282.5193,287.1182,754825
2018-08-21,286.6181,291.2308,282.5152,285.5573,644379
2018-08-22,286.3940,290.8798,286.2363,290.1546,766012
2018-08-23,286.3870,289.4489,275.9263,278.8681,1671448
2018-08-24,280.4977,288.1456,280.4977,283.6530,882703
2018-08-27,285.1657,291.7476,284.6270,291.7476,1367068
2018-08-28,294.6856,303.0062,294.6856,302.8857,1680571
2018-08-29,300.9131,302.6097,289.9249,291.5878,1986630
2018-08-30,290.9915,290.9915,281.8247,282.0000,978158
2018-08-31,280.2686,280.7441,273.5097,274.4123,1507894
2018-09-03,274.8647,277.3823,270.2391,276.0123,460368
2018-09-04,276.4908,280.6453,275.8413,280.6453,1025711
2018-09-05,279.7470,279.7470,268.6783,268.6783,1512367
2018-09-06,268.4819,268.7505,259.7628,266.9985,613843
2018-09-07,269.3744,278.7338,269.3744,274.0343,1011662
2018-09-10,275.6861,286.3162,271.9475,286.3162,1994563
2018-09-11,285.4818,285.4818,279.7867,283.2327,861589
2018-09-12,284.1124,296.0457,284.1124,288.4407,838199
2018-09-13,288.8718,292.7757,286.6911,291.8916,953996
2018-09-14,292.9461,296.4805,292.9461,295.2494,1676432
2018-09-17,295.1275,296.4125,294.0950,294.0950,1092387
2018-09-18,294.2229,296.0963,293.7609,294.5487,934393
2018-09-19,294.6579,298.3560,294.4079,294.9383,740992
2018-09-20,294.8237,295.3348,292.4027,294.1132,765456
2018-09-21,294.2897,296.7106,293.9379,295.0527,794661
2018-09-24,295.1093,295.3558,292.8900,295.2547,702438
2018-09-25,296.4436,300.1240,295.0842,299.2576,1882820
2018-09-26,298.3415,298.3791,296.2244,296.2244,1167813
2018-09-27,296.2378,297.8986,295.5125,296.2732,508712
2018-09-28,295.2305,295.9807,290.9483,291.7283,1782230
2018-10-01,291.5258,291.5258,288.5427,290.9705,817205
2018-10-02,290.5682,290.5682,286.5074,289.0949,689356
2018-10-03,288.9463,289.0901,286.7136,286.7136,1535938
2018-10-04,285.9572,285.9572,281.1795,283.8391,677133
2018-10-05,285.2394,288.8783,285.2394,288.8783,1239527
2018-10-08,288.2537,288.2537,284.7384,287.0228,1291163
2018-10-09,287.0671,288.1470,285.9918,287.1753,672661
2018-10-10,286.4389,286.9072,284.3743,284.7036,1278752
2018-10-11,285.0653,286.6309,283.4117,286.6309,903562
2018-10-12,286.2703,287.6664,281.3566,281.3566,1256182
2018-10-15,280.6552,280.6552,272.0762,272.0762,2616022
2018-10-16,271.7962,272.6113,266.2702,268.2624,1154340
2018-10-17,266.0483,269.4454,254.1602,254.1602,1359742
2018-10-18,254.0566,254.0566,250.9172,253.7997,430342
2018-10-19,253.8388,254.7450,252.8985,254.2200,721891
2018-10-22,254.1703,256.2696,253.7291,253.8867,933593
2018-10-23,253.5739,253.5923,251.1874,252.2499,1339828
2018-10-24,253.2453,257.1695,253.2453,257.1695,2211976
2018-10-25,256.7445,256.7445,253.3843,255.4453,781473
2018-10-26,255.5947,257.7453,253.3569,257.7453,803756
2018-10-29,258.3035,262.7447,258.3035,262.2602,1648387
2018-10-30,261.9767,264.8825,260.7834,260.7834,893967
2018-10-31,260.8519,262.4237,260.8519,261.1421,680282
2018-11-01,261.2116,262.8239,259.7899,262.0520,1104413
2018-11-02,263.0586,268.5354,263.0586,267.6059,2229253
2018-11-05,267.7643,268.8654,265.8019,268.4365,1067369
2018-11-06,268.5239,270.3175,268.4942,269.2592,954302
2018-11-07,269.0580,271.1473,267.7284,268.3738,578017
2018-11-08,268.3874,268.4194,263.9892,268.4194,801646
2018-11-09,267.9616,269.8377,264.2987,266.4793,593684
2018-11-12,266.6740,269.8941,266.6740,269.1371,1062964
2018-11-13,269.4890,274.2210,269.1487,273.0766,1380684
2018-11-14,272.5073,273.4941,269.6089,269.6089,1342330
2018-11-15,269.5710,270.9739,266.1906,269.1599,1015988
2018-11-16,268.9882,270.0773,267.9459,268.6570,852584
2018-11-19,268.6704,270.0281,267.1845,268.8078,797203
2018-11-20,267.5197,267.5197,262.3986,262.9987,1965756
2018-11-21,263.6277,267.2489,263.6277,266.9815,1168821
2018-11-22,267.0961,267.9283,265.3514,267.7991,909629
2018-11-23,268.4079,273.6703,268.4079,271.7584,1202789
2018-11-26,271.8966,276.9660,271.8966,273.5918,994209
2018-11-27,271.6725,271.6725,264.7801,267.2875,2641840
2018-11-28,267.4174,269.7067,265.7614,268.7286,1012747
2018-11-29,269.3466,274.6623,269.3466,274.6623,1515693
2018-11-30,274.7808,275.4353,273.5193,275.0167,679673
2018-12-03,274.7469,275.4308,270.7662,272.9256,1086976
2018-12-04,272.5857,272.5857,269.7550,269.7667,1446680
2018-12-05,269.8513,274.5783,269.8513,271.3219,1638817
2018-12-06,270.9225,270.9225,268.3678,269.5622,849267
2018-12-07,269.7591,270.3683,267.7705,270.3683,592280
2018-12-10,270.4906,273.1162,269.9834,271.2210,1056580
2018-12-11,271.1190,271.9522,269.9489,270.6989,614987
2018-12-12,271.2281,273.0211,270.1842,273.0211,752937
2018-12-13,271.9648,271.9648,268.4905,268.9298,1516630
2018-12-14,269.3796,270.7202,269.3796,270.4547,621012
2018-12-17,270.9019,275.4534,270.9019,275.4534,1246975
2018-12-18,276.5354,281.7617,276.5354,281.0530,1826802
2018-12-19,283.7813,289.4847,283.6311,289.4847,2122986
2018-12-20,290.0805,292.0298,289.5589,291.7013,1352993
2018-12-21,291.5254,291.6046,289.1792,290.9068,538006
2018-12-24,291.6449,294.3042,289.5779,294.0542,1045033
2018-12-25,294.3173,297.2304,293.9550,297.2304,1072326
2018-12-26,297.0417,297.3281,294.7912,294.8061,1309541
2018-12-27,296.1412,301.2735,296.1412,298.8510,1495947
2018-12-28,299.5434,301.6332,298.6208,301.1627,1247685
2018-12-31,300.6639,300.6639,297.1320,298.4766,1073100
2019-01-01,299.6444,302.8955,299.6444,302.1016,1133321
2019-01-02,301.7448,301.7448,298.6508,298.6508,945762
2019-01-03,299.2997,301.7700,298.5841,301.7700,1736184
2019-01-04,301.4313,301.4313,296.7306,298.7641,1804056
2019-01-07,298.7142,302.0973,298.3907,298.3907,1028663
2019-01-08,298.3502,299.8109,296.5922,298.2067,912436
2019-01-09,298.8020,302.6438,298.8020,301.7417,1063233
2019-01-10,301.9513,303.0439,301.1914,303.0439,919509
2019-01-11,302.4971,302.4971,295.3218,298.7548,1187210
2019-01-14,298.6308,299.5177,296.6025,296.6025,1154931
2019-01-15,296.0513,296.7047,294.2443,294.9846,980122
2019-01-16,295.2024,296.4363,294.7296,295.6079,392892
2019-01-17,295.9107,298.8250,294.9574,298.8250,963591
2019-01-18,299.0343,304.1149,299.0343,302.6338,948601
2019-01-21,302.3555,302.3555,298.0835,301.0210,1251690
2019-01-22,299.4149,301.2011,294.5969,294.5969,1391130
2019-01-23,294.7222,296.8750,294.6573,296.8750,910718
2019-01-24,296.4402,296.4402,291.8410,292.9591,1215573
2019-01-25,292.9291,295.2988,292.2962,292.5859,820384
2019-01-28,292.4669,293.4680,291.8930,292.2422,875086
2019-01-29,292.3248,295.6714,292.3248,293.0001,976777
2019-01-30,293.5598,296.3890,293.5598,296.3890,1241474
2019-01-31,296.8213,299.7481,296.8213,298.5998,1154420
2019-02-01,298.5358,299.7614,297.9361,298.2130,570964
2019-02-04,298.1490,299.2269,296.3537,297.2462,1009850
2019-02-05,295.8112,295.8112,292.7513,292.7513,795767
2019-02-06,292.9092,294.6552,292.1995,293.2689,531632
2019-02-07,293.8845,296.3222,292.8057,296.3222,917855
2019-02-08,297.9299,300.9472,297.5365,300.9472,2044363
2019-02-11,301.8656,305.4627,300.3930,304.0144,1216855
2019-02-12,303.4955,304.6958,299.4717,299.4717,1183700
2019-02-13,299.7849,301.7448,298.1889,301.7448,1082308
2019-02-14,299.2944,299.2944,294.7074,294.7074,1417496
2019-02-15,294.8052,297.3519,294.8052,295.1478,1094164
2019-02-18,295.3826,299.0711,295.3826,299.0711,1903474
2019-02-19,299.7569,303.0120,299.7569,303.0120,1036760
2019-02-20,303.0038,304.9189,302.6703,302.9040,480984
2019-02-21,303.4560,305.6708,303.0893,305.3980,895506
2019-02-22,305.2963,305.2963,302.2872,304.3234,719643
2019-02-25,304.6088,308.4454,304.6088,306.2360,885912
2019-02-26,306.2934,311.9814,306.2934,306.9347,683551
2019-02-27,306.6510,308.5019,305.3296,305.3296,937915
2019-02-28,305.1747,306.4356,302.4309,303.8420,992666
2019-03-01,304.1184,308.9907,304.1184,306.5431,1736631
2019-03-04,307.7102,310.6646,306.8766,310.4861,649896
2019-03-05,310.0090,310.0090,306.5066,308.8459,771117
2019-03-06,309.4202,310.9873,308.6121,310.6198,793969
2019-03-07,307.9433,307.9433,302.5179,302.6839,2093282
2019-03-08,302.8764,304.1261,302.1184,304.1261,641456
2019-03-11,304.0175,304.4600,302.1134,303.3845,1052411
2019-03-12,303.5374,305.8909,301.2959,304.0307,1045264
2019-03-13,305.9219,310.6883,305.9219,310.6883,1679345
2019-03-14,309.9770,313.3453,307.4207,307.4207,1336521
2019-03-15,307.4907,308.3199,306.3614,307.6310,706245
2019-03-18,308.7888,312.6624,308.5259,312.5026,1943476
2019-03-19,312.2435,313.8301,310.6650,311.5634,763652
2019-03-20,311.8037,314.3021,311.8037,312.9882,735134
2019-03-21,313.4350,318.5163,313.0283,318.5163,1572279
2019-03-22,318.3264,318.9111,315.9313,315.9313,592886
2019-03-25,316.0470,319.4725,316.0470,317.7698,959137
2019-03-26,317.7350,321.3451,317.5780,317.5780,352416
2019-03-27,315.2935,317.6663,310.7604,310.7604,2023543
2019-03-28,310.1066,310.1066,305.7602,306.6958,1999606
2019-03-29,306.4309,307.1417,304.8393,304.8611,719000
2019-04-01,305.1822,308.9353,305.1822,306.7862,791537
2019-04-02,306.7395,307.8102,304.6095,306.5069,521443
2019-04-03,306.8811,309.1347,305.0426,309.1347,1074518
2019-04-04,309.1763,312.5308,308.7986,309.7804,725319
2019-04-05,308.8105,309.7119,304.1221,304.1221,1643589
2019-04-08,303.5090,307.0252,302.3523,302.3523,1341628
2019-04-09,302.7823,306.8468,301.9726,305.8344,801778
2019-04-10,305.6485,306.3062,302.7327,303.9216,873436
2019-04-11,303.8932,305.3882,302.2232,303.7091,753591
2019-04-12,304.0734,306.7355,303.1465,304.9885,1002518
2019-04-15,305.4891,307.7817,305.4891,307.3937,2416929
2019-04-16,308.1807,312.8317,308.1807,311.4983,1035957
2019-04-17,309.6455,311.8013,306.1104,306.1104,1089682
2019-04-18,306.9412,310.1559,306.9412,309.7740,879955
2019-04-19,308.3354,308.7294,304.7166,304.8618,1540372
2019-04-22,304.8628,305.6208,302.5460,304.8777,593485
2019-04-23,305.2207,309.2032,305.2207,307.5226,739810
2019-04-24,307.3719,309.3391,306.6053,306.6053,891676
2019-04-25,306.7827,308.1138,305.1831,307.6991,880454
2019-04-26,307.3805,308.7510,304.1861,304.1861,1297080
2019-04-29,303.8199,305.6268,301.5635,301.5635,1209806
2019-04-30,301.4150,301.4150,298.2316,300.3874,1115022
2019-05-01,300.8730,304.2976,300.2188,304.2976,970813
2019-05-02,304.4896,307.4422,302.1501,305.3101,1230555
2019-05-03,305.7382,309.8100,305.4317,308.5365,1006362
2019-05-06,308.8416,309.6269,304.6256,309.6269,994833
2019-05-07,309.2576,311.7764,307.8040,307.8040,834966
2019-05-08,307.3340,307.3340,304.8877,305.7509,1436760
2019-05-09,306.6018,309.2411,305.9443,309.2411,809212
2019-05-10,309.1274,309.1274,306.2808,308.7227,762445
2019-05-13,309.6652,314.2899,309.6652,313.6369,1249965
2019-05-14,313.4910,313.4910,308.5646,311.4730,950725
2019-05-15,311.8069,317.6479,311.8069,315.1975,1869895
2019-05-16,315.0336,316.7683,313.7086,313.8946,958995
2019-05-17,314.5660,319.5670,312.6024,319.5670,1134376
2019-05-20,320.9997,324.4477,320.3758,324.4477,2000146
2019-05-21,323.3688,323.3688,320.7053,320.9155,857798
2019-05-22,320.3446,322.2275,317.8321,318.1733,1019173
2019-05-23,319.2570,325.5661,319.2570,325.5661,2464946
2019-05-24,327.2960,330.8593,326.5879,330.8593,1486251
2019-05-27,331.3797,335.4377,331.1061,333.6804,1342468
2019-05-28,333.8913,337.2935,333.8913,336.8936,928864
2019-05-29,336.7590,338.7107,335.2538,335.7422,664526
2019-05-30,336.4844,338.4066,336.4844,338.3651,807596
2019-05-31,338.3341,338.3341,336.0912,338.1040,802640
2019-06-03,339.1053,343.2342,338.0052,342.1324,1252499
2019-06-04,342.1048,342.1048,336.2759,342.0192,532430
2019-06-05,341.9407,342.5413,340.6937,341.7552,704507
2019-06-06,342.6573,347.9311,342.3980,347.9311,1238526
2019-06-07,347.4417,349.0341,344.2416,345.2404,853418
2019-06-10,344.3390,344.3390,341.5016,342.1231,686611
2019-06-11,342.1371,344.4900,340.8743,342.2097,1350694
2019-06-12,341.3207,341.3207,335.8530,338.2188,833660
2019-06-13,338.7351,340.0591,336.7985,340.0591,1453164
2019-06-14,341.8304,345.8947,341.8304,345.4849,1551540
2019-06-17,345.3699,345.3699,341.2547,344.3713,1077080
2019-06-18,344.8531,348.1302,344.8531,346.7229,1472831
2019-06-19,345.4007,345.4007,341.1369,341.6085,1513620
2019-06-20,341.8330,344.4639,340.4096,342.6515,682227
2019-06-21,342.3179,342.3683,337.8948,337.8948,1090294
2019-06-24,338.6913,344.3501,338.6913,344.3501,1355947
2019-06-25,342.4020,343.9246,335.8084,336.0779,1259201
2019-06-26,335.7115,336.5979,334.4699,334.4699,688261
2019-06-27,335.5805,338.9913,334.9299,337.7609,890027
2019-06-28,339.9647,345.2741,339.8987,344.6578,1084970
2019-07-01,342.2262,343.4474,336.9552,336.9552,1821654
2019-07-02,336.8921,340.3918,336.1308,336.3181,616988
2019-07-03,340.1991,348.2017,340.1991,348.2017,2134859
2019-07-04,348.4457,350.2156,346.5395,350.2156,1590837
2019-07-05,350.4325,353.4525,349.6121,352.8081,1134042
2019-07-08,352.6081,356.0682,351.5632,351.5632,778405
2019-07-09,351.1834,352.7686,346.5367,346.5367,1312544
2019-07-10,346.6421,347.1047,343.7570,347.1047,937675
2019-07-11,346.6152,348.1753,343.5623,343.8147,1094103
2019-07-12,344.4437,352.7854,344.4437,350.6495,1282827
2019-07-15,350.9668,358.1135,350.9668,355.7576,1447361
2019-07-16,356.1446,357.8977,355.0113,357.4857,903162
2019-07-17,357.1517,358.4315,354.0149,354.1736,991126
2019-07-18,355.1675,357.9349,353.7460,357.9349,1140208
2019-07-19,358.3128,359.4006,356.0555,359.4006,745904
2019-07-22,359.0561,359.0561,353.0266,357.4358,912558
2019-07-23,357.3037,361.0023,356.7172,356.7172,670079
2019-07-24,356.4064,357.0662,354.2336,355.5592,729073
2019-07-25,356.3807,361.6614,356.3550,359.5061,840046
2019-07-26,357.2305,357.7795,352.7491,352.7491,1665812
2019-07-29,352.7020,353.9730,352.2629,352.2629,742043
2019-07-30,352.6352,356.7990,349.1107,356.7990,708963
2019-07-31,355.7227,355.7227,350.7696,351.1446,2436499
2019-08-01,351.1743,351.9835,349.2490,351.2705,717065
2019-08-02,351.7647,355.8489,351.7647,353.4883,1022340
2019-08-05,353.2714,355.3944,350.3415,350.7266,738412
2019-08-06,351.2042,354.3070,350.0984,352.8138,969357
2019-08-07,353.4771,355.0441,350.0229,355.0441,820624
2019-08-08,355.1878,357.0065,355.1878,355.9704,973236
2019-08-09,355.4474,356.4845,352.4617,352.4617,1383049
2019-08-12,352.8357,358.0483,352.8357,355.7166,941578
2019-08-13,356.5763,360.1524,354.1972,359.1739,1238040
2019-08-14,357.5751,359.6964,353.7092,353.7092,1197360
2019-08-15,353.1139,354.0467,350.7759,350.7884,1257488
2019-08-16,350.6842,352.6506,348.1841,349.5086,492304
2019-08-19,349.9827,352.7935,348.3654,351.0347,918383
2019-08-20,350.5826,350.5826,346.9716,347.9704,867856
2019-08-21,348.6355,351.7359,348.6355,351.7359,1087814
2019-08-22,351.6089,351.6089,348.4601,350.1231,713954
2019-08-23,350.6286,354.3620,350.5935,353.2351,810037
2019-08-26,354.0150,356.7441,354.0150,356.6260,1621883
2019-08-27,355.8817,357.8161,352.5661,352.7917,1794999
2019-08-28,351.6628,351.6628,346.9314,348.5566,923908
2019-08-29,348.4421,348.4421,345.2736,347.0071,1433575
2019-08-30,347.2492,349.4513,345.6211,348.1986,1199788
2019-09-02,348.4546,350.3214,348.4546,349.3370,911202
2019-09-03,347.7575,347.7575,343.0888,343.0888,1176937
2019-09-04,342.9063,342.9063,339.5747,342.1441,741286
2019-09-05,342.3623,346.1138,340.7269,346.1138,2086497
2019-09-06,346.4606,351.2900,346.4606,349.5485,1015424
2019-09-09,350.7860,355.0805,349.6761,353.6581,918281
2019-09-10,353.5091,353.5091,348.6704,350.9202,968657
2019-09-11,350.8638,350.8638,347.0106,350.3009,842738
2019-09-12,350.7161,351.8534,348.9944,351.8534,1492453
2019-09-13,352.5776,358.9250,352.5776,358.9250,1152892
2019-09-16,358.8587,360.2742,357.2481,358.7232,836697
2019-09-17,360.8855,366.2001,360.2246,364.9621,1017041
2019-09-18,364.4942,364.4942,357.8198,357.8198,2141731
2019-09-19,358.4438,361.1933,358.2065,359.9087,1545466
2019-09-20,361.1706,368.3088,361.1706,366.8805,1549243
2019-09-23,366.6466,366.6466,362.8591,365.7302,820110
2019-09-24,366.6997,375.1429,366.6997,375.1429,2945099
2019-09-25,374.2224,374.2224,369.6755,371.6816,1034973
2019-09-26,371.7907,375.5231,371.7907,373.8322,1011668
2019-09-27,372.6941,373.7462,368.4562,369.0864,1374168
2019-09-30,369.4583,373.5864,369.2792,372.8551,742151
2019-10-01,370.1834,373.8284,364.5324,364.5324,1669682
2019-10-02,364.9980,366.1027,361.0996,366.1027,1119964
2019-10-03,366.3161,370.3146,366.3161,368.0002,742914
2019-10-04,368.8840,373.2715,368.4314,372.8767,1695856
2019-10-07,373.0810,374.4323,371.1895,373.5191,801176
2019-10-08,374.9525,377.6898,374.9525,377.6898,1253020
2019-10-09,378.0767,382.3325,375.6075,382.3325,685628
2019-10-10,382.5500,383.7857,379.4722,383.3042,552491
2019-10-11,383.4276,386.9834,382.6179,383.6843,690913
2019-10-14,383.0575,383.0575,379.9228,381.1856,968821
2019-10-15,381.2476,381.6043,378.2536,381.6043,453703
2019-10-16,381.1687,381.9273,379.0023,379.3704,982507
2019-10-17,379.4556,379.8323,376.6411,379.8323,597797
2019-10-18,379.4047,380.2643,375.1740,375.1740,1241379
2019-10-21,375.0690,376.3812,374.5722,374.5722,832347
2019-10-22,373.9505,374.2170,369.6318,369.8430,1520960
2019-10-23,369.3303,371.9035,367.5815,367.5815,767978
2019-10-24,367.7026,369.4483,366.6540,368.2192,900718
2019-10-25,368.1998,370.5433,364.4677,368.1397,759760
2019-10-28,368.0913,368.2188,364.8830,367.4858,753717
2019-10-29,367.4743,368.3602,366.1753,367.3477,702677
2019-10-30,367.6682,370.5716,364.5611,370.2246,1322390
2019-10-31,371.6254,375.1041,371.6254,374.4214,1302650
2019-11-01,374.7496,377.8427,371.1439,377.8427,1380657
2019-11-04,377.4457,377.4457,373.9284,373.9284,985193
2019-11-05,373.5672,375.5397,371.1597,372.8164,919631
2019-11-06,373.1409,376.6691,373.1409,375.5853,861547
2019-11-07,375.1616,375.4662,371.0250,373.8944,764103
2019-11-08,373.8049,375.4811,371.5713,373.5315,534254
2019-11-11,372.7329,372.7329,366.0107,370.6448,1105073
2019-11-12,371.0868,372.4569,366.9948,372.3451,493827
2019-11-13,372.0667,372.1404,367.9023,369.9617,899610
2019-11-14,369.6697,372.3485,368.5973,368.5973,789000
2019-11-15,367.3717,367.3717,361.8526,364.0424,1148978
2019-11-18,363.8556,367.4786,361.5202,361.9985,1041198
2019-11-19,362.3910,364.0663,360.1125,364.0663,1272529
2019-11-20,363.5798,364.7238,361.3149,361.3149,1458948
2019-11-21,362.2032,366.6901,362.2032,364.4846,1400254
2019-11-22,359.0113,359.0113,346.7779,346.7779,3228861
2019-11-25,348.0279,350.9998,339.7047,350.9998,1005455
2019-11-26,351.0930,354.7607,345.1492,351.2966,715176
2019-11-27,353.9547,360.7812,353.9547,360.3440,1331353
2019-11-28,360.0873,362.8258,353.9342,357.6297,801511
2019-11-29,358.7053,366.6118,355.9722,366.4217,1485977
2019-12-02,366.5633,367.6328,361.1669,367.6328,731810
2019-12-03,366.1158,367.9915,349.3732,353.8202,1246478
2019-12-04,357.5685,365.1366,356.1869,365.1260,1200568
2019-12-05,364.3834,364.3834,354.5788,358.9173,610330
2019-12-06,361.0139,371.8284,361.0139,366.2171,1103004
2019-12-09,361.7905,365.5701,343.2246,343.5846,1994437
2019-12-10,340.4317,340.4317,331.2813,334.2398,1331782
2019-12-11,333.4427,334.8489,323.4898,328.8190,1442343
2019-12-12,326.5157,326.7921,313.2939,316.3568,986389
2019-12-13,316.5129,321.2686,314.7925,317.5687,1062809
2019-12-16,317.4906,318.1477,314.9495,316.1632,863208
2019-12-17,316.4264,320.6975,315.1825,318.5766,643505
2019-12-18,317.7643,322.3434,313.6454,314.4475,918142
2019-12-19,312.9335,312.9335,301.7137,309.7921,1329988
2019-12-20,312.5445,324.6303,309.9133,324.6303,1242318
2019-12-23,325.8705,339.3029,325.8705,338.8691,2115838
2019-12-24,339.4677,343.5483,337.4218,340.6740,890332
2019-12-25,340.6282,344.6617,338.6152,340.1762,768171
2019-12-26,338.7035,340.0794,331.5994,335.5701,1209461
2019-12-27,337.3611,348.7977,337.3611,348.7977,1678520
2019-12-30,345.1162,351.7006,335.1770,335.1770,1349846
2019-12-31,333.3213,335.5697,328.2634,328.2634,1238799
2020-01-01,328.8069,334.1832,325.9880,331.7800,860548
2020-01-02,330.6637,334.0306,322.1669,322.1669,917581
2020-01-03,321.1957,327.6476,317.6790,317.6790,1156290
2020-01-06,316.4431,316.5432,309.7128,309.7128,805601
2020-01-07,310.2837,317.1671,309.5008,312.2409,572835
2020-01-08,313.4177,319.6624,313.0066,319.6427,922120
2020-01-09,320.5428,326.6975,316.7368,325.5955,868365
2020-01-10,321.5885,326.2391,313.6153,313.8049,1733777
2020-01-13,313.7722,317.5799,309.8830,313.7030,509448
2020-01-14,314.3322,321.7973,314.3046,321.7973,791036
2020-01-15,321.3297,323.0838,319.1265,319.1265,603741
2020-01-16,319.6280,324.1765,316.1635,322.5605,955026
2020-01-17,324.3278,332.9062,324.3278,331.4721,1363797
2020-01-20,331.6328,334.3124,327.9605,334.2624,955580
2020-01-21,336.0223,349.8190,336.0223,339.3989,886961
2020-01-22,341.0380,346.5470,331.8530,346.0486,1139694
2020-01-23,348.8170,356.5914,348.8170,356.5914,1395688
2020-01-24,354.0171,354.0171,342.5391,345.2834,1292764
2020-01-27,345.9528,350.2488,344.7036,348.1342,1011370
2020-01-28,347.4278,347.4278,341.0180,343.1282,1641389
2020-01-29,342.1118,342.4497,338.5996,338.5996,1702342
2020-01-30,338.2427,340.8399,333.0636,333.0636,1203401
2020-01-31,332.2974,332.6040,318.4808,318.4808,1756428
2020-02-03,320.9778,329.7011,320.9778,329.7011,1004964
2020-02-04,330.3241,338.3808,330.3241,332.5475,741092
2020-02-05,331.8085,331.8085,323.9164,330.3567,615454
2020-02-06,329.4767,335.0547,323.7659,325.3553,904941
2020-02-07,324.1858,324.1858,310.6504,317.8854,1732792
2020-02-10,318.2350,328.2752,317.3401,319.4249,734105
2020-02-11,318.1210,318.1397,311.8690,311.8690,955500
2020-02-12,311.4550,311.4550,305.3072,310.3755,777171
2020-02-13,310.1341,310.1341,304.1147,306.7695,1551409
2020-02-14,306.1182,306.8035,303.8547,304.7968,1251844
2020-02-17,305.2748,307.0085,303.0102,306.5364,803712
2020-02-18,306.6610,308.6162,306.2429,308.4286,1052640
2020-02-19,308.5841,311.4358,308.5841,310.3978,516383
2020-02-20,310.4421,312.1909,309.8008,310.7514,1028666
2020-02-21,310.6889,312.4446,309.3197,310.5719,509188
2020-02-24,311.0143,315.7856,311.0143,315.7856,1446718
2020-02-25,316.6215,320.2174,316.6215,319.8087,1276809
2020-02-26,320.1156,324.5339,318.3963,324.5339,1084519
2020-02-27,323.8617,327.5368,319.6265,319.6265,1387128
2020-02-28,319.7015,321.5943,319.7015,320.2058,926933
2020-03-02,319.8208,320.8550,317.5052,317.8197,736004
2020-03-03,318.4834,322.8709,318.4834,322.6979,1497420
2020-03-04,321.3590,322.9924,317.7715,317.7715,1419782
2020-03-05,317.4015,319.4519,314.8784,316.4323,628765
2020-03-06,317.0002,318.9121,316.6778,318.9121,1592425
2020-03-09,319.1041,323.7879,318.8447,321.3477,1510710
2020-03-10,320.8034,321.3676,317.5005,317.5970,1282252
2020-03-11,315.0911,315.0912,305.4966,305.4966,1157834
2020-03-12,306.1262,311.5251,302.4672,311.5251,933188
2020-03-13,316.6967,333.0874,316.6967,329.9683,2157089
2020-03-16,328.8207,328.8207,323.1453,325.3324,932864
2020-03-17,325.7628,332.9724,321.3232,329.9245,1061938
2020-03-18,328.3810,328.3810,321.4115,323.2856,1360871
2020-03-19,323.8784,329.8779,318.3014,325.6533,589659
2020-03-20,324.9830,324.9830,316.7008,323.6536,888530
2020-03-23,325.9449,333.6087,325.9449,332.9833,1720218
2020-03-24,333.6513,336.7948,328.5159,336.7301,868743
2020-03-25,336.2605,340.4500,334.5227,335.1724,919789
2020-03-26,332.7656,334.1847,325.3251,326.2546,1529050
2020-03-27,326.8990,337.5354,325.2076,335.1475,1145594
2020-03-30,335.7394,339.7402,331.8802,337.7009,789535
2020-03-31,337.1008,339.8639,334.6036,335.5803,619742
2020-04-01,334.4646,336.3215,330.7314,330.7314,673048
2020-04-02,329.8652,329.8652,320.4448,320.7057,951611
2020-04-03,320.5018,327.8768,319.7067,319.7067,864030
2020-04-06,320.1536,327.1682,317.7347,324.2910,1390232
2020-04-07,323.4256,324.8946,321.6327,321.7069,1086042
2020-04-08,322.5235,326.7987,318.0014,324.0958,1014251
2020-04-09,321.9778,321.9778,315.9473,317.3262,1111842
2020-04-10,317.2601,322.9194,315.6474,316.8293,758817
2020-04-13,319.5942,325.2875,317.0999,325.0023,1243160
2020-04-14,324.0502,325.0610,312.0183,312.0183,1380238
2020-04-15,311.4349,313.4430,303.4585,309.9907,818896
2020-04-16,308.9337,311.3062,303.8918,306.9791,713779
2020-04-17,306.0366,306.0366,299.5827,303.2399,924450
2020-04-20,304.4665,310.7905,299.7302,310.7905,1900638
2020-04-21,308.5743,308.5743,299.0498,299.0498,1560369
2020-04-22,298.8762,300.4022,295.6703,298.2635,608941
2020-04-23,297.1037,297.1037,283.4405,284.1898,1633493
2020-04-24,285.8715,292.2985,285.0666,292.1167,2540600
2020-04-27,291.3588,291.3588,289.1884,289.3814,1106430
2020-04-28,289.3100,290.1743,288.1648,289.1568,803032
2020-04-29,288.1812,289.6553,285.6052,285.6052,1047010
2020-04-30,285.9298,289.3685,285.7490,288.3218,1438309
2020-05-01,286.9702,286.9702,281.0427,283.7952,891731
2020-05-04,283.1179,283.8969,280.1714,280.3071,1398548
2020-05-05,281.3524,286.6736,281.3524,285.3357,1075842
2020-05-06,284.2323,289.7529,281.7445,281.9758,944943
2020-05-07,281.0967,284.7215,273.5399,278.6619,1100065
2020-05-08,278.2177,281.7535,275.0820,275.4290,623906
2020-05-11,275.5259,279.7239,275.5259,276.1516,872813
2020-05-12,274.7574,274.7574,254.0174,256.0261,1942319
2020-05-13,257.4319,261.1051,257.4319,261.1051,1501706
2020-05-14,261.4098,263.5114,261.3897,263.4278,1075053
2020-05-15,263.2235,263.6553,259.8682,260.5546,577908
2020-05-18,260.7077,263.1804,260.7077,262.1673,757770
2020-05-19,261.7781,262.5189,259.1731,260.9852,613492
2020-05-20,261.1111,262.7633,261.1111,261.5841,706837
2020-05-21,261.7915,264.1031,260.0307,263.1648,923291
2020-05-22,263.2864,266.0798,263.2864,264.8243,895932
2020-05-25,264.5497,266.8632,261.5982,261.7201,1019575
2020-05-26,261.7295,263.0052,259.6109,261.8562,870415
2020-05-27,263.0122,266.3239,263.0122,265.4220,1768053
2020-05-28,265.9318,267.4336,265.6580,267.0025,1122116
2020-05-29,266.9418,268.1379,265.7264,266.6197,1003541
2020-06-01,267.0021,268.5410,264.2459,268.5410,1001453
2020-06-02,268.6623,270.8898,266.6674,270.8898,698338
2020-06-03,272.1939,278.5561,272.1939,278.5561,2398625
2020-06-04,277.3384,277.3384,272.6628,272.6628,1494478
2020-06-05,272.5904,273.9199,271.1663,272.2746,1014322
2020-06-08,272.0486,274.1793,270.0382,270.1426,1105172
2020-06-09,270.4764,272.9869,270.1225,272.9869,1692582
2020-06-10,271.7114,271.7114,268.7973,269.0891,1629115
2020-06-11,270.5250,275.8875,269.5702,275.8875,2121483
2020-06-12,275.3767,275.5940,272.0123,274.3901,1098155
2020-06-15,273.9809,274.6439,271.8068,271.9390,1029929
2020-06-16,272.0255,273.2488,271.6141,272.1898,631333
2020-06-17,272.4362,273.7432,270.2757,273.7432,1162120
2020-06-18,273.3822,273.6369,271.2599,272.6438,818667
2020-06-19,273.1159,277.3861,273.1159,276.6161,1775248
2020-06-22,276.2670,276.8738,275.1282,275.1282,1047217
2020-06-23,275.0053,275.1150,272.6760,274.5030,544363
2020-06-24,275.7121,279.0162,275.7121,278.3343,1307665
2020-06-25,278.4670,279.5043,277.6911,278.9776,996229
2020-06-26,279.3648,281.3651,279.3648,281.3651,1238649
2020-06-29,282.1128,286.0549,280.9256,286.0549,942506
2020-06-30,285.2325,285.2325,276.8770,276.8770,1896696
2020-07-01,276.8912,276.9602,275.8465,276.9602,651338
2020-07-02,277.8504,281.9811,277.7437,281.9811,1740102
2020-07-03,281.6865,281.6865,277.3862,277.3862,2209379
2020-07-06,277.1822,279.6379,276.5733,276.5733,524404
2020-07-07,277.8458,282.9590,277.2991,282.1216,1273541
2020-07-08,281.7276,281.7276,278.6268,279.2277,1385596
2020-07-09,279.1617,280.9683,277.5179,278.9887,597233
2020-07-10,278.6836,278.6836,274.1989,277.9333,727524
2020-07-13,278.7738,281.0169,278.7738,280.8155,1219867
2020-07-14,280.4449,280.4449,277.3023,279.5277,614805
2020-07-15,279.7993,282.3398,276.9176,282.3398,1230291
2020-07-16,281.9045,282.5194,280.5027,280.9192,433048
2020-07-17,281.2820,282.9638,280.7894,282.9456,591973
2020-07-20,282.9148,285.7290,282.5467,282.5467,682437
2020-07-21,282.9699,288.1566,282.9699,285.2744,976384
2020-07-22,285.1076,285.6125,283.2030,284.0564,809790
2020-07-23,284.1849,284.5975,281.6061,284.5975,492864
2020-07-24,284.8225,286.3076,284.1198,286.3076,952463
2020-07-27,284.1579,284.1579,278.5449,278.5874,1319813
2020-07-28,279.0531,282.9242,277.1685,282.9242,1334656
2020-07-29,283.1202,284.3054,281.6459,284.0886,794447
2020-07-30,283.1626,283.1626,279.1577,279.6358,1193864
2020-07-31,279.6997,281.3334,279.4191,280.1231,1629215
2020-08-03,279.2686,279.8594,275.7559,276.1456,874930
2020-08-04,276.6414,280.3892,275.9464,280.3892,1494635
2020-08-05,279.3377,281.1844,276.1625,276.7789,825953
2020-08-06,276.9416,277.5029,274.8961,277.5029,884608
2020-08-07,277.8420,282.2734,277.8420,281.7853,1019675
2020-08-10,280.6492,280.8097,277.2657,277.2657,1704078
2020-08-11,277.8057,284.0662,277.8057,282.7755,1261269
2020-08-12,282.4405,283.2758,280.8852,280.8852,511636
2020-08-13,282.2422,285.5094,280.5521,284.8111,886580
2020-08-14,284.7428,286.4709,284.3419,284.6106,579868
2020-08-17,284.2007,285.4839,281.8419,281.8419,1005034
2020-08-18,281.6272,283.9680,280.4951,280.4951,641237
2020-08-19,280.4643,282.8418,280.0157,280.0157,948381
2020-08-20,278.9294,279.8865,276.6043,276.6043,1158247
2020-08-21,276.1617,276.4038,274.1980,275.2541,874267
2020-08-24,275.9479,282.3366,275.9479,280.8040,1474375
2020-08-25,280.1696,281.3813,278.4955,278.4955,721781
2020-08-26,278.4709,279.0203,275.6292,278.3587,878914
2020-08-27,278.9977,280.8470,278.6368,280.8470,955501
2020-08-28,281.0347,281.9118,278.2602,281.9118,621036
2020-08-31,281.6786,283.4081,278.0044,278.0044,1262367
2020-09-01,277.8032,278.8116,276.8167,277.1203,704077
2020-09-02,277.1905,279.8203,277.1905,278.1191,981649
2020-09-03,278.0163,278.5355,276.9374,277.5574,784760
2020-09-04,277.0029,277.0029,273.9660,275.3175,1349684
2020-09-07,275.8595,279.5475,275.1319,279.5475,847806
2020-09-08,279.1145,279.8473,277.1400,277.8619,854056
2020-09-09,278.0202,281.6807,276.8315,278.8879,520614
2020-09-10,280.3750,284.5367,280.3750,283.9138,1568074
2020-09-11,283.9655,285.9194,282.6533,284.0742,748540
2020-09-14,283.6960,284.4624,281.6784,282.4633,926650
2020-09-15,282.3142,282.3142,277.1183,280.6764,937423
2020-09-16,280.2617,280.6645,275.8580,275.8580,1322346
2020-09-17,275.3254,275.3254,272.7386,273.4559,1000749
2020-09-18,274.3437,278.7412,273.9691,278.7412,1449720
2020-09-21,279.3447,282.9802,278.8361,282.5331,1211188
2020-09-22,283.2204,287.2902,283.2204,286.7626,748908
2020-09-23,285.8088,285.8088,282.7280,283.9190,1195330
2020-09-24,283.6074,285.3031,280.7830,281.4250,1071376
2020-09-25,282.8579,287.0198,282.4588,287.0198,1264696
2020-09-28,286.6727,287.0128,284.7173,284.7173,962248
2020-09-29,285.0567,289.1076,285.0567,289.1076,995568
2020-09-30,289.1472,291.7146,289.1472,289.2356,743763
2020-10-01,289.0601,289.0601,286.7722,288.7297,376928
2020-10-02,288.6467,290.5320,287.3190,288.2568,539432
2020-10-05,287.7625,287.7625,282.8292,284.4835,1221546
2020-10-06,283.8099,284.8277,279.7183,280.9231,767975
2020-10-07,280.8803,281.7733,279.3679,280.3362,608618
2020-10-08,280.1649,281.7979,278.5981,278.5981,666646
2020-10-09,279.1411,281.1441,277.5823,280.6778,1083730
2020-10-12,279.5194,279.5194,275.8310,276.8357,1082372
2020-10-13,275.9898,275.9898,272.6197,274.1785,1117539
2020-10-14,274.4447,276.1294,273.1957,275.7208,937631
2020-10-15,275.5956,277.2262,274.3996,275.2977,453927
2020-10-16,274.1900,274.2451,271.5283,271.5283,944877
2020-10-19,270.7728,271.9864,269.3259,269.3259,1157686
2020-10-20,269.3728,270.0753,267.1866,269.8243,828353
2020-10-21,269.7525,270.9029,267.7266,269.5675,516088
2020-10-22,269.4311,271.7433,267.9041,268.4305,1085062
2020-10-23,268.7447,272.6824,268.2648,272.6824,1257040
2020-10-26,273.5612,278.2969,272.9476,277.3901,1790779
2020-10-27,278.4056,280.9737,278.4056,280.9737,1682611
2020-10-28,281.3628,283.2924,280.7553,282.1871,702514
2020-10-29,281.8639,281.8639,277.4075,278.4030,1018278
2020-10-30,278.4730,280.4822,277.0422,278.8055,475455
2020-11-02,277.2777,277.2777,274.2968,274.2968,1171603
2020-11-03,275.2492,280.9912,274.8156,279.7278,1257586
2020-11-04,279.6897,280.7639,278.6613,279.4074,513533
2020-11-05,280.9533,285.6636,280.9533,285.6636,1278063
2020-11-06,285.7626,287.9174,284.5115,286.8809,882126
2020-11-09,287.2769,291.3223,287.2769,291.0032,1747403
2020-11-10,291.1238,292.1101,290.0161,292.1101,810037
2020-11-11,291.6312,291.6838,289.6249,289.8695,1061094
2020-11-12,289.8445,290.6690,288.3308,289.7823,626986
2020-11-13,289.4295,290.8764,288.2215,288.2215,921331
2020-11-16,288.1752,289.6320,287.8531,287.8531,719464
2020-11-17,288.3006,289.8764,286.7465,289.8764,700769
2020-11-18,289.9078,291.6821,288.5864,290.4369,738502
2020-11-19,290.0140,292.1467,278.8113,284.4981,891697
2020-11-20,284.1122,290.6199,279.8064,280.3323,569966
2020-11-23,279.1451,279.2290,272.6295,272.8227,1171404
2020-11-24,270.5915,270.9633,265.9950,266.1034,909027
2020-11-25,266.0950,269.1451,265.1425,265.9917,590623
2020-11-26,265.6257,272.1590,264.6995,264.6995,456048
2020-11-27,266.6411,275.9165,266.6411,275.5803,1033446
2020-11-30,272.9514,275.3196,267.9235,267.9235,1513493
2020-12-01,266.7043,266.7043,259.8801,263.8371,874023
2020-12-02,265.8433,274.0909,265.4682,274.0909,1447593
2020-12-03,274.4970,279.9072,272.8623,278.6552,699465
2020-12-04,278.6988,285.2930,278.6988,279.0955,592734
2020-12-07,279.1686,281.6532,277.6128,280.3974,924724
2020-12-08,280.3664,280.8120,278.8531,280.1179,916264
2020-12-09,281.0570,285.4992,281.0570,285.0203,958107
2020-12-10,285.4813,288.6708,285.4813,287.5694,1042560
2020-12-11,287.5975,287.8666,285.7838,287.8666,544238
2020-12-14,287.6363,289.2985,286.8566,287.0091,911135
2020-12-15,287.3323,289.4477,285.8588,288.0737,571468
2020-12-16,287.8057,287.8166,284.9123,285.2175,804009
2020-12-17,283.6875,285.5163,278.4449,280.5371,1225416
2020-12-18,280.4983,281.4622,279.3973,280.1152,782199
2020-12-21,280.2993,281.2659,278.5728,281.1323,620105
2020-12-22,281.2848,283.8142,281.2848,283.6955,1116932
2020-12-23,284.6656,286.7485,283.8573,286.7485,1310308
2020-12-24,286.6654,290.9971,285.5552,286.4488,916913
2020-12-25,286.6792,289.0730,286.6792,289.0730,809496
2020-12-28,288.4359,289.6859,285.7804,285.7804,1340066
2020-12-29,285.7764,287.7480,284.9714,285.7625,691638
2020-12-30,284.6162,284.6162,280.1892,280.1892,1240507
2020-12-31,280.1659,280.7125,278.8325,279.9316,523820
2021-01-01,279.7298,284.4139,278.4145,278.4145,709750
2021-01-04,277.1008,277.1008,273.5511,273.5511,1396534
2021-01-05,273.3893,273.3893,269.8307,270.4494,887736
2021-01-06,269.8311,269.8311,266.3352,267.4560,1719645
2021-01-07,268.1616,270.4502,268.1616,269.7348,1221370
2021-01-08,269.8988,271.1406,267.7288,271.1406,961310
2021-01-11,271.6290,279.6302,271.6290,279.6302,1732838
2021-01-12,279.1549,281.4265,277.6752,277.6752,1006788
2021-01-13,277.4755,278.8476,275.4567,275.7910,975654
2021-01-14,275.1796,275.1796,271.7026,273.7435,968882
2021-01-15,273.8790,277.2357,273.8790,275.7289,768804
2021-01-18,275.8724,278.8038,274.8919,276.7194,1200972
2021-01-19,276.7531,277.2705,273.9489,277.2705,651775
2021-01-20,277.4805,278.7690,276.0575,278.6352,884118
2021-01-21,279.3653,282.3767,279.0525,280.7801,738504
2021-01-22,280.4908,282.2533,277.5987,278.1130,960528
2021-01-25,278.2287,280.4439,276.7365,278.6960,605769
2021-01-26,278.0487,278.7047,273.1758,273.1758,1534575
2021-01-27,273.1902,274.3554,271.8145,273.3213,802431
2021-01-28,273.5405,275.2965,272.9485,274.5630,785163
2021-01-29,274.4146,275.7538,272.4411,272.6403,920239
2021-02-01,273.2280,275.1433,271.5486,275.1433,1260394
2021-02-02,274.2886,274.9650,270.3069,270.3069,1489418
2021-02-03,270.6853,272.7818,270.6853,272.5681,1595940
2021-02-04,272.6054,275.1272,272.3471,272.9447,822040
2021-02-05,272.1902,272.1902,266.2991,266.6629,2095572
2021-02-08,266.9571,269.1624,265.8343,268.2114,826775
2021-02-09,268.5817,271.0077,268.5817,270.7046,1334153
2021-02-10,270.8076,273.1914,269.6152,272.6734,981837
2021-02-11,274.7248,279.4097,274.4531,278.8470,1920727
2021-02-12,278.5335,278.7991,275.9642,275.9642,1057991
2021-02-15,275.8910,276.8879,272.7503,275.7312,634611
2021-02-16,275.7731,279.3133,273.2546,276.3497,601085
2021-02-17,277.7002,284.9819,277.7002,280.6844,1377699
2021-02-18,279.5850,279.5850,267.0180,272.2452,2002178
2021-02-19,273.3428,277.3213,267.8407,277.3213,1244893
2021-02-22,278.1080,288.6831,278.1080,286.3108,1298005
2021-02-23,286.5580,288.8113,285.7702,287.9944,658702
2021-02-24,287.9614,288.1043,284.8329,287.6291,1084371
2021-02-25,287.6798,289.1408,285.9161,287.8042,508616
2021-02-26,286.9344,289.1714,284.4418,284.4418,821082
2021-03-01,284.4775,287.3452,283.8428,285.1290,941865
2021-03-02,285.2870,288.6566,285.2870,286.2835,596149
2021-03-03,286.3990,288.0732,285.2556,287.7054,851595
2021-03-04,287.0490,289.4708,283.1899,283.1899,976945
2021-03-05,283.6930,285.5402,283.6930,284.9236,770963
2021-03-08,284.7261,286.0427,284.0575,284.0575,487819
2021-03-09,283.1847,285.5231,279.4964,279.4964,1828038
2021-03-10,279.3843,279.3843,277.9349,279.0715,511107
2021-03-11,280.5631,284.1927,280.5631,284.1927,1121422
2021-03-12,283.9848,285.0856,281.2105,281.2105,1082063
2021-03-15,280.7592,281.7350,278.6574,278.6574,1022842
2021-03-16,278.3362,279.5691,277.6137,277.6137,1156852
2021-03-17,277.8800,284.2805,277.8800,278.4283,798038
2021-03-18,281.2972,287.1618,281.2972,287.1618,1379588
2021-03-19,288.3544,296.4423,285.4257,296.4423,1769275
2021-03-22,298.1855,304.9358,296.9857,304.9358,877011
2021-03-23,303.9192,303.9192,299.6853,301.6030,1284897
2021-03-24,301.7260,303.6062,301.4599,302.4694,978687
2021-03-25,303.4655,305.8028,301.3791,305.8028,1208018
2021-03-26,305.8389,306.4440,304.9414,306.4440,778549
2021-03-29,306.7201,307.7048,303.0704,307.7048,889891
2021-03-30,307.8184,312.6379,307.8184,308.5309,1048485
2021-03-31,308.8894,311.0259,305.9577,309.6673,583602
2021-04-01,310.5987,314.6879,309.5915,314.6879,1321262
2021-04-02,314.6182,315.4296,312.3676,313.5449,1152219
2021-04-05,314.2032,316.8734,312.6796,316.8734,858301
2021-04-06,316.6657,318.1435,315.3153,315.3153,746704
2021-04-07,315.2997,316.2478,314.4184,315.2668,677320
2021-04-08,315.8649,320.6663,315.8649,320.0612,1033132
2021-04-09,319.9826,320.9824,318.4254,319.6408,572555
2021-04-12,319.2871,319.9667,317.7798,318.5681,744061
2021-04-13,318.1395,318.6838,315.2241,315.2241,1345599
2021-04-14,314.4861,316.4113,311.7609,313.0896,1001554
2021-04-15,312.9772,313.7609,310.6975,311.9489,1222548
2021-04-16,311.0029,311.0730,308.5378,308.5378,916628
2021-04-19,308.0668,308.6771,306.3584,307.0542,850831
2021-04-20,308.3232,314.0118,308.3232,311.8257,1151323
2021-04-21,310.9891,311.4616,307.1349,308.9722,980246
2021-04-22,310.1945,314.0307,309.9748,314.0307,842000
2021-04-23,313.4015,314.7349,309.5923,311.2429,1332016
2021-04-26,310.7167,310.7167,303.8624,303.8624,1032961
2021-04-27,304.0332,305.7762,302.3043,305.7762,1003082
2021-04-28,304.4568,305.4125,301.9187,301.9187,1126130
2021-04-29,302.3320,306.7644,302.3320,305.0567,1029681
2021-04-30,303.1607,303.1607,299.0312,299.5056,1896646
2021-05-03,298.3837,298.7183,295.3805,295.3805,1193108
2021-05-04,294.8235,294.8235,292.6064,293.0050,1301667
2021-05-05,292.4319,292.4319,289.0705,290.5742,582285
2021-05-06,290.3530,292.9600,289.1959,289.1959,653673
2021-05-07,289.2491,292.4094,287.3055,289.4935,1162771
2021-05-10,289.6480,290.1553,286.5077,290.1553,808307
2021-05-11,289.7379,289.9286,286.2215,288.3445,1749183
2021-05-12,289.1532,293.3158,289.1532,291.8713,1329382
2021-05-13,290.8481,290.8481,286.9154,288.9457,1323100
2021-05-14,287.6340,290.4472,283.5399,284.4960,1467180
2021-05-17,285.0618,291.5134,285.0618,286.6724,801360
2021-05-18,286.6146,289.3439,286.3247,286.4296,532474
2021-05-19,286.2011,289.7246,284.3411,284.3411,1167483
2021-05-20,283.8787,283.8787,280.8857,281.0366,959461
2021-05-21,280.6705,281.2317,277.7716,279.0165,468311
2021-05-24,278.0858,278.0858,274.0123,276.1492,1173368
2021-05-25,275.8913,275.9300,271.7464,274.2591,661702
2021-05-26,274.7538,276.1807,274.5632,276.0832,925125
2021-05-27,275.8695,277.7557,273.4414,274.8294,783085
2021-05-28,274.8673,278.1072,274.5248,275.0497,577297
2021-05-31,275.2141,278.3138,275.2141,276.6807,1665125
2021-06-01,276.1518,278.4471,274.3476,274.3476,883846
2021-06-02,275.1402,276.7363,274.3180,276.7363,1473112
2021-06-03,276.0842,278.2564,273.9532,273.9532,1047735
2021-06-04,274.9773,277.5020,270.7238,277.5020,921623
2021-06-07,277.0690,277.0690,274.7188,276.0822,1039532
2021-06-08,274.7753,275.0019,270.5936,272.0629,1058794
2021-06-09,272.0739,272.8477,270.4192,272.1474,499268
2021-06-10,272.9760,275.0760,272.5974,275.0760,1230934
2021-06-11,274.5998,275.1400,272.9700,272.9700,726101
2021-06-14,272.7357,273.1885,270.8913,270.8913,1115979
2021-06-15,271.4553,273.8928,269.4052,273.6694,888772
2021-06-16,273.9908,275.8677,272.3408,275.8677,940757
2021-06-17,275.2515,275.7343,271.6513,273.1922,1178416
2021-06-18,274.3937,276.8751,271.9225,276.8751,973279
2021-06-21,276.8866,279.2461,276.3712,277.0697,713701
2021-06-22,275.8300,275.8300,270.8480,272.2335,1546640
2021-06-23,272.2534,273.5050,271.2265,272.3003,927692
2021-06-24,272.7576,278.2120,272.4917,278.1137,1292300
2021-06-25,277.9982,279.6700,275.3680,276.4835,1188655
2021-06-28,276.3700,278.0504,274.6327,275.3537,469187
2021-06-29,275.7349,277.3852,273.1994,276.5292,806221
2021-06-30,277.0165,280.9258,276.2429,279.7615,837948
2021-07-01,279.9625,281.9670,278.8480,280.7468,824261
2021-07-02,280.5755,281.2055,279.2252,279.4665,794946
2021-07-05,279.6927,285.7207,279.6927,282.8514,767415
2021-07-06,282.4459,282.4459,279.3204,281.0647,849507
2021-07-07,281.4536,282.6960,281.1468,282.6960,1095396
2021-07-08,282.1792,282.6840,277.1367,278.6648,1494086
2021-07-09,278.3646,280.1277,273.2872,274.5222,1307636
2021-07-12,274.9577,279.2736,274.9577,277.2378,868366
2021-07-13,276.8686,276.8686,272.2307,275.5431,471760
2021-07-14,276.3779,279.0424,275.4978,278.7622,997770
2021-07-15,278.2346,279.4464,276.2123,276.3365,1189174
2021-07-16,276.5271,280.2676,276.5271,277.6391,1113460
2021-07-19,277.9496,283.5211,277.9496,281.8174,945380
2021-07-20,281.6368,283.1506,280.4463,281.1977,440663
2021-07-21,282.7422,286.8767,282.5527,286.8767,1091216
2021-07-22,286.8324,289.5364,285.8769,286.2736,883648
2021-07-23,286.3921,287.9144,285.6218,286.6155,856808
2021-07-26,286.0761,287.3656,283.9089,283.9089,1053014
2021-07-27,284.7553,287.2113,283.8828,286.6629,1554720
2021-07-28,286.0237,286.0237,280.8516,283.4833,921589
2021-07-29,283.9420,285.1267,283.3551,285.1267,1152874
2021-07-30,286.0415,288.9317,286.0415,287.8554,901414
2021-08-02,289.1179,293.4434,289.1179,293.4434,1341275
2021-08-03,293.6312,295.2897,293.0227,295.2897,808183
2021-08-04,293.9803,293.9803,289.9893,291.0517,1353018
2021-08-05,291.0464,292.3870,289.6175,291.0180,698030
2021-08-06,290.8656,291.4946,289.4142,290.5265,710999
2021-08-09,290.4795,290.4795,287.8629,290.1352,1181018
2021-08-10,290.4876,296.1254,290.4876,295.8138,2190790
2021-08-11,295.6442,296.6320,293.7901,294.6930,905531
2021-08-12,294.5561,295.3058,293.0572,293.7756,493157
2021-08-13,293.3926,293.8283,290.7676,291.7046,990583
2021-08-16,291.9330,292.9108,290.1761,292.7153,815092
2021-08-17,292.5164,292.9927,290.4891,291.7870,538583
2021-08-18,291.1460,291.1460,285.1293,285.1293,1164875
2021-08-19,283.6368,284.8942,280.6848,280.6848,1527169
2021-08-20,280.5949,281.0551,279.3794,280.3517,963747
2021-08-23,279.9054,280.9967,278.8004,278.8004,625116
2021-08-24,279.5241,281.7849,279.5241,281.7849,1662252
2021-08-25,282.7862,288.7493,282.7862,285.8534,1669231
2021-08-26,286.0779,290.2488,286.0779,287.8923,1297644
2021-08-27,288.1605,289.8489,288.1605,288.7604,815258
2021-08-30,288.6379,289.9773,287.8333,288.3464,642472
2021-08-31,289.4376,293.4214,289.4376,293.2850,1466396
2021-09-01,294.1526,297.6860,293.8276,296.9815,1435789
2021-09-02,298.9839,304.0532,298.9050,304.0532,2183947
2021-09-03,304.0645,306.6757,302.5570,304.1505,1151917
2021-09-06,304.0640,304.8105,301.9320,302.8591,883050
2021-09-07,303.1060,304.3973,302.2781,303.6986,646561
2021-09-08,303.2954,304.1972,300.8681,300.8681,1280914
2021-09-09,300.5824,301.2030,297.9682,299.6391,702417
2021-09-10,299.5767,301.0508,298.2018,299.3447,837386
2021-09-13,299.0767,299.0767,295.7480,295.7987,1302532
2021-09-14,295.6958,296.2383,294.2812,294.7478,534441
2021-09-15,293.9242,293.9242,290.1565,290.7208,1168104
2021-09-16,291.3397,295.8609,291.3397,294.4341,990197
2021-09-17,294.5874,296.7796,293.1834,296.7796,960981
2021-09-20,297.1671,299.0615,296.1222,297.9190,353496
2021-09-21,297.2962,298.8526,294.6544,295.8471,905736
2021-09-22,295.7029,295.7029,290.4186,294.8733,922121
2021-09-23,295.1469,299.2435,294.8815,299.2435,1574546
2021-09-24,298.6786,300.5130,292.4389,292.4389,1856013
2021-09-27,292.2259,294.3531,290.3721,291.6194,920232
2021-09-28,291.5339,291.7892,289.5591,290.7212,895315
2021-09-29,291.1245,293.2977,290.1088,292.8099,982151
2021-09-30,292.7321,294.9208,292.3254,292.5583,641725
2021-10-01,292.3418,293.1358,289.5273,289.5273,756182
2021-10-04,289.9563,291.4051,288.1821,291.4051,1192701
2021-10-05,291.6079,293.9835,289.9519,293.6055,687395
2021-10-06,293.3975,293.3975,290.1418,291.4235,865028
2021-10-07,291.1136,291.6959,288.9424,289.7094,1056566
2021-10-08,289.3653,289.5360,286.8222,286.8222,876625
2021-10-11,287.1399,289.4390,286.6939,289.4390,1055930
2021-10-12,289.6053,291.9236,289.6053,290.3278,1011697
2021-10-13,288.8477,288.8477,284.3907,285.0383,941641
2021-10-14,285.3137,288.2241,285.3137,287.4919,778917
2021-10-15,287.6901,289.5940,286.9562,288.1220,797691
2021-10-18,287.8478,289.7204,285.7666,285.7666,1278157
2021-10-19,285.7665,286.9434,284.5603,285.7662,550525
2021-10-20,285.2971,288.7540,283.8529,283.8529,948552
2021-10-21,284.2452,291.2852,284.2452,288.5024,1372222
2021-10-22,288.3194,290.1471,281.9951,285.4228,890969
2021-10-25,285.2394,288.8729,284.2437,284.4477,796004
2021-10-26,284.5577,287.9005,280.9915,286.2966,445516
2021-10-27,287.8282,296.2290,287.8282,293.4006,1603891
2021-10-28,297.0873,308.3560,297.0873,308.3560,1982530
2021-10-29,306.2781,309.2772,298.7338,298.7338,1740884
2021-11-01,300.2412,308.1205,298.3938,305.2643,987612
2021-11-02,304.0126,304.8713,293.7136,293.7136,1254480
2021-11-03,292.5913,297.2551,289.1972,289.1972,743530
2021-11-04,288.8030,294.1170,286.4188,288.0273,726054
2021-11-05,287.3881,288.4896,282.9797,283.8709,1082193
2021-11-08,281.9942,282.2781,273.1775,273.1775,1634925
2021-11-09,274.8603,278.2308,273.0096,278.2308,997485
2021-11-10,279.8384,294.5339,279.8384,285.9791,1651905
2021-11-11,286.1995,288.6212,285.6440,286.8812,490278
2021-11-12,286.6317,286.6317,278.5881,284.2445,808230
2021-11-15,282.3596,282.3596,273.7290,278.3188,754559
2021-11-16,277.4791,283.0096,272.6879,272.6879,1710126
2021-11-17,271.3727,275.3632,265.9352,268.4352,965959
2021-11-18,268.6882,273.3071,268.6882,269.8482,1171806
2021-11-19,269.3875,273.2751,264.4381,264.4381,662770
2021-11-22,265.0185,278.2128,265.0185,275.7859,2799685
2021-11-23,275.3859,275.3859,270.3937,273.7803,926701
2021-11-24,273.4517,273.4517,268.8219,270.9043,898693
2021-11-25,270.9631,274.5469,270.9631,271.7952,667623
2021-11-26,271.6104,273.5558,267.4821,269.6382,693235
2021-11-29,270.1718,275.7946,267.2447,275.7946,1135731
2021-11-30,277.7859,289.3866,277.2202,289.3866,1930263
2021-12-01,291.1368,299.3934,291.1368,294.5031,972687
2021-12-02,294.7465,296.4415,289.8079,296.4415,851229
2021-12-03,297.0108,303.2106,297.0108,303.2106,963308
2021-12-06,306.3855,316.3991,306.3855,313.1147,1601580
2021-12-07,313.6805,321.0228,313.6805,315.1929,956569
2021-12-08,309.8505,309.8505,299.8225,299.8225,1823469
2021-12-09,300.3747,310.3463,300.0812,310.3463,1037359
2021-12-10,309.6685,310.5509,305.7407,306.7003,824864
2021-12-13,303.6256,304.6604,294.2508,294.2508,1668526
2021-12-14,294.8733,304.7253,294.8733,296.0842,761595
2021-12-15,296.5287,297.6035,293.2892,297.6035,905658
2021-12-16,296.1853,296.8826,292.0032,292.1305,1033135
2021-12-17,294.2980,302.0080,294.2980,298.8725,949195
2021-12-20,299.1470,300.5971,297.7682,300.5971,819839
2021-12-21,301.0038,302.4035,299.7098,302.0702,1107965
2021-12-22,304.2203,308.8283,304.2203,308.7906,1507451
2021-12-23,308.6415,309.8695,307.9656,308.1033,783328
2021-12-24,307.6782,308.6003,305.6485,306.7090,866210
2021-12-27,306.9728,310.8805,305.0524,309.9028,1386282
2021-12-28,311.4638,316.0410,310.1035,315.5320,1154643
2021-12-29,315.5263,317.0689,313.6205,315.4942,550554
2021-12-30,315.8363,318.1237,314.1984,318.1237,1348280
2021-12-31,317.6865,318.8073,313.3056,315.6192,1094853
2022-01-03,315.6240,319.7529,315.6240,315.6519,618828
2022-01-04,315.9791,320.6430,315.9791,319.3726,1365726
2022-01-05,319.4978,319.8348,317.5382,319.8348,803144
2022-01-06,320.8364,323.2291,318.2759,323.2291,914997
2022-01-07,322.8335,322.8335,316.0406,316.4576,2243134
2022-01-10,316.7775,320.2850,316.7775,318.2738,1076765
2022-01-11,317.5377,317.5377,314.6637,316.0351,1117391
2022-01-12,316.0258,316.4311,313.4111,315.9700,749597
2022-01-13,316.5242,319.2886,314.6951,319.2886,1228377
2022-01-14,315.4797,315.4797,308.2820,308.2820,1487067
2022-01-17,308.2899,308.3849,305.8555,308.3381,547618
2022-01-18,309.3884,312.3335,308.6107,312.2777,1511519
2022-01-19,312.5126,313.0784,310.4879,313.0654,560502
2022-01-20,311.1325,312.9536,307.5709,307.5709,1923234
2022-01-21,307.9503,312.5444,307.9503,310.2085,1026795
2022-01-24,309.6476,310.3112,305.9361,306.6515,871623
2022-01-25,306.1924,306.1924,300.9724,300.9724,1295514
2022-01-26,299.8571,301.9743,297.6938,297.6938,1592554
2022-01-27,297.4112,297.6784,293.6243,294.2241,968063
2022-01-28,293.8405,294.3022,292.0193,292.0193,893202
2022-01-31,292.8647,296.0594,292.8647,294.5581,1423267
2022-02-01,294.8962,296.5760,294.8962,296.1256,838245
2022-02-02,295.6190,296.8599,293.3556,293.3556,876006
2022-02-03,293.3456,294.8998,292.5883,293.2981,725345
2022-02-04,293.1886,293.9406,291.1864,292.4859,910987
2022-02-07,292.6841,294.5991,292.6741,294.5991,1580987
2022-02-08,294.2441,295.3222,289.4061,289.4061,1726270
2022-02-09,289.1815,289.5075,287.8078,287.8078,1055436
2022-02-10,288.0358,291.2658,287.2685,290.0195,1314589
2022-02-11,290.1753,293.0407,289.9500,293.0407,997437
2022-02-14,291.7475,291.7475,283.8058,285.0401,2186142
2022-02-15,284.8955,288.2177,283.7644,283.7644,1152329
2022-02-16,283.5343,283.8180,282.8545,282.9101,1005823
2022-02-17,283.4168,287.2451,283.4168,285.3264,830043
2022-02-18,285.1686,285.8634,282.5906,283.9374,1233512
2022-02-21,283.4794,283.4794,279.1343,279.9761,1498465
2022-02-22,280.7801,283.1168,279.4334,282.8896,1381548
2022-02-23,282.8811,285.5030,281.0836,282.7969,514760
2022-02-24,282.6527,282.6527,279.4357,280.1344,972030
2022-02-25,280.9724,285.1459,280.9724,284.7422,1678628
2022-02-28,284.3675,284.4338,282.4325,283.3344,1193191
2022-03-01,285.0263,289.5436,285.0263,288.6076,1710894
2022-03-02,289.9790,293.5616,289.9790,293.5616,1753866
2022-03-03,293.1092,293.4221,288.0249,288.8224,1390685
2022-03-04,288.4420,289.2643,287.4046,287.7035,1012267
2022-03-07,288.2123,291.5478,288.2123,290.3493,1083597
2022-03-08,290.2231,293.7764,289.3086,289.7339,935467
2022-03-09,289.9305,291.5245,287.7147,290.8405,795037
2022-03-10,290.2702,290.3347,287.2755,287.2755,2146764
2022-03-11,286.9953,288.2000,284.1639,284.4923,1263932
2022-03-14,284.4725,287.5398,284.0566,284.3057,699109
2022-03-15,284.4677,285.5642,281.2857,285.5642,982865
2022-03-16,285.2997,285.2997,279.3940,280.6457,1476974
2022-03-17,281.7036,283.9736,280.3890,283.9736,891643
2022-03-18,284.1457,286.4411,283.9557,284.9265,1310404
2022-03-21,284.9225,286.3835,284.1271,284.9082,823050
2022-03-22,284.8571,284.8571,279.9768,284.7391,556554
2022-03-23,285.1713,289.1097,285.0614,289.1097,1357399
2022-03-24,289.2992,290.8263,288.1306,289.8974,810510
2022-03-25,289.9831,290.4353,289.3047,290.4086,825650
2022-03-28,290.5677,294.8121,290.5677,292.9158,1558612
2022-03-29,291.1088,291.6462,286.4982,286.4982,2711128
2022-03-30,287.1180,290.2222,286.3456,288.6600,744742
2022-03-31,288.6782,289.1871,287.3930,288.7415,472632
2022-04-01,289.7684,292.5928,289.7684,292.5928,1655972
2022-04-04,292.2501,292.2501,287.0663,287.1417,1485296
2022-04-05,286.2089,287.2706,283.7117,284.3964,838475
2022-04-06,284.4693,287.3818,284.4693,284.6944,989676
2022-04-07,284.9471,287.1856,283.9356,287.1856,1361631
2022-04-08,287.5708,291.1492,287.4945,290.2605,1943499
2022-04-11,289.5521,289.5521,285.4363,285.7892,1232840
2022-04-12,285.5858,285.5858,282.8846,284.7378,641267
2022-04-13,285.5518,287.3366,285.2403,287.3366,867030
2022-04-14,286.5436,287.3481,284.6953,284.6953,1624547
2022-04-15,285.0361,289.3226,285.0361,285.7022,870392
2022-04-18,285.5852,286.3730,284.4371,284.5487,590391
2022-04-19,286.1422,289.2717,284.7432,289.2717,1161052
2022-04-20,289.2084,290.7151,288.0717,288.0717,882354
2022-04-21,288.5876,289.8465,288.3748,289.8465,884110
2022-04-22,290.7557,294.0908,290.1023,293.0820,837067
2022-04-25,293.3781,297.0024,293.3781,294.9702,1597329
2022-04-26,295.6040,298.5046,292.7672,297.6103,1391127
2022-04-27,296.4890,296.7974,293.3974,294.0623,1007708
2022-04-28,293.6544,293.6544,290.4982,291.5717,1227819
2022-04-29,290.8725,290.8725,288.1548,288.1548,1423539
2022-05-02,288.2582,289.4456,286.6102,288.7207,791275
2022-05-03,290.7685,294.9504,290.6048,294.9504,2044038
2022-05-04,295.2107,298.6753,295.2107,295.8208,660320
2022-05-05,295.7319,295.9809,293.3483,295.1321,742245
2022-05-06,293.3259,293.3259,289.8375,289.8375,948293
2022-05-09,290.2446,293.0223,290.2446,292.0065,1549316
2022-05-10,291.9738,291.9738,286.9180,291.6919,995359
2022-05-11,291.2264,291.2264,287.2321,288.6833,755825
2022-05-12,289.0168,289.7437,286.6792,289.7437,758472
2022-05-13,289.6800,290.3552,288.0599,288.8972,1034795
2022-05-16,289.0017,289.8457,287.0947,289.2979,761393
2022-05-17,287.6968,288.4244,284.2260,284.2260,1925269
2022-05-18,285.4778,288.4623,284.7999,288.4623,1122385
2022-05-19,288.2191,288.6241,285.1999,285.8647,1310260
2022-05-20,286.8092,290.5977,285.7739,289.8745,1766753
2022-05-23,288.6786,288.6786,282.6557,283.3174,969305
2022-05-24,283.0872,283.0872,279.3435,279.3435,1352742
2022-05-25,279.9276,283.2836,279.3210,283.2753,2277035
2022-05-26,282.5048,283.5198,281.0757,281.0757,1230961
2022-05-27,280.9852,281.5112,279.5426,279.5426,732685
2022-05-30,279.5450,282.2214,279.5450,279.5574,855122
2022-05-31,278.9726,279.4297,277.5614,277.5614,973757
2022-06-01,276.9525,277.6355,273.0254,273.0254,1298199
2022-06-02,273.0951,274.8099,272.6500,274.2938,820809
2022-06-03,274.1547,274.1547,268.1640,271.7820,1320853
2022-06-06,271.7503,271.7503,269.0238,271.3866,950652
2022-06-07,272.3718,276.8035,272.3718,276.8035,1720813
2022-06-08,276.5556,276.5556,275.0606,275.4216,946528
2022-06-09,274.7622,274.7622,270.4455,270.9079,1095285
2022-06-10,271.5041,275.3403,271.5041,274.4696,1533472
2022-06-13,274.6464,275.9550,274.6130,275.3476,1300660
2022-06-14,274.8002,277.6326,272.3966,272.3966,1550995
2022-06-15,272.9455,275.0305,272.7335,274.5690,1395732
2022-06-16,274.2102,274.2102,271.1622,271.2591,641809
2022-06-17,271.8189,276.0891,269.9836,274.0125,1075324
2022-06-20,273.3578,275.6200,270.0167,270.0167,1911730
2022-06-21,270.0239,272.5488,270.0239,270.1243,751260
2022-06-22,269.6177,269.7153,267.6210,268.1426,1642289
2022-06-23,269.6350,273.0489,269.6350,273.0489,1863353
2022-06-24,274.0771,277.8464,274.0771,277.1357,1103908
2022-06-27,276.2986,276.9026,274.4730,274.6460,970952
2022-06-28,276.2516,279.7675,276.0570,279.5189,2393739
2022-06-29,278.7514,278.7514,274.7489,276.5250,1347084
2022-06-30,276.8630,278.5051,275.6128,278.5051,960646
2022-07-01,278.6076,282.5149,278.6076,278.8257,904047
2022-07-04,279.3447,288.6008,279.0916,288.6008,1681286
2022-07-05,288.5208,288.7338,286.2573,288.0262,1057948
2022-07-06,288.6952,290.4896,286.0114,290.4896,1019784
2022-07-07,290.8260,294.0929,290.4948,292.4447,955688
2022-07-08,292.1535,293.5653,288.2185,290.2777,1162970
2022-07-11,290.2450,290.2450,288.6488,290.1229,1121367
2022-07-12,289.6820,290.5066,288.2414,288.2414,1052926
2022-07-13,287.2502,289.7983,283.8077,283.8077,1929821
2022-07-14,283.6731,284.7860,282.4572,282.4572,1020769
2022-07-15,280.4929,280.8522,272.6686,272.6686,2623328
2022-07-18,271.9079,271.9079,268.6932,270.0037,1381688
2022-07-19,269.6236,269.6236,265.3155,267.1715,872242
2022-07-20,267.4596,272.9838,266.8067,272.9838,1513029
2022-07-21,271.9153,271.9153,266.6407,267.0799,1525704
2022-07-22,266.6820,267.7495,265.1190,265.1353,880028
2022-07-25,264.4041,264.5575,260.9467,261.4534,1697633
2022-07-26,261.4588,263.5055,260.6339,261.4714,989963
2022-07-27,262.0032,263.6432,260.8049,263.5245,716669
2022-07-28,261.8845,261.9365,257.5087,257.5087,2038775
2022-07-29,257.1454,257.1454,253.4945,254.6142,1545339
2022-08-01,255.0633,256.6776,255.0633,256.1306,1006747
2022-08-02,256.4749,258.5126,255.8175,257.6358,818403
2022-08-03,258.4711,260.2578,256.6019,260.2578,1261894
2022-08-04,260.4266,262.7818,260.4266,261.1018,1173436
2022-08-05,263.9019,270.6326,263.9019,269.9199,3099887
2022-08-08,270.4068,274.9884,270.4068,271.7302,500909
2022-08-09,272.0408,273.7068,270.1519,272.9498,625371
2022-08-10,272.5677,272.5677,268.8919,269.8081,784533
2022-08-11,267.5610,267.5698,263.2762,263.2762,1845635
2022-08-12,264.4813,267.0059,263.7197,267.0059,1795347
2022-08-15,267.2845,269.9700,266.3021,269.9700,1851106
2022-08-16,270.4353,271.7702,269.9069,271.3710,833730
2022-08-17,271.6370,273.3316,271.6370,272.3803,969945
2022-08-18,272.9219,275.7463,271.7132,274.2313,1176520
2022-08-19,274.0953,274.8889,272.6803,272.6803,920109
2022-08-22,272.5014,273.5105,268.2396,269.8349,1709464
2022-08-23,270.6850,274.7725,270.6850,272.9093,860045
2022-08-24,273.7473,276.0682,270.8852,276.0682,1107341
2022-08-25,275.7561,275.7561,270.3067,271.5316,1461624
2022-08-26,271.6287,273.3585,271.6287,272.1916,815727
2022-08-29,272.1974,272.4876,268.0866,272.2169,614836
2022-08-30,272.4773,273.7783,270.4774,273.7783,957102
2022-08-31,273.2596,273.2596,267.9632,268.3761,1609306
2022-09-01,270.2561,274.5520,269.5127,274.5520,1622375
2022-09-02,274.7390,277.9608,274.7390,275.6097,1262892
2022-09-05,274.9262,274.9262,269.1820,270.7376,1683016
2022-09-06,270.9354,272.5214,270.9354,271.7697,945388
2022-09-07,270.2514,270.2514,267.3294,267.3294,1916737
2022-09-08,267.9360,273.3847,267.9360,271.5906,1445896
2022-09-09,271.8875,274.7944,269.0523,274.4483,1377642
2022-09-12,273.3021,274.6216,270.5001,270.5001,1937127
2022-09-13,270.5921,271.5647,268.4839,271.3364,707141
2022-09-14,271.4610,275.1586,268.4186,271.7343,712991
2022-09-15,272.4148,279.1418,272.4148,276.8714,1321573
2022-09-16,275.8681,278.4786,271.5540,273.9669,677815
2022-09-19,280.3032,296.6602,280.3032,296.6602,2694024
2022-09-20,297.4008,301.7118,294.2209,301.7118,659583
2022-09-21,300.6650,310.0365,296.0342,296.0342,1060324
2022-09-22,296.1197,304.0394,295.6562,297.5439,618955
2022-09-23,298.9437,314.7816,298.9437,306.9424,1361652
2022-09-26,306.9782,307.1379,301.9992,307.1379,854159
2022-09-27,308.6055,316.5003,308.6055,316.5003,1503261
2022-09-28,316.8354,317.9856,312.6987,317.8007,878462
2022-09-29,318.8261,323.1430,317.2763,321.2506,1196313
2022-09-30,321.6832,328.0637,321.6832,328.0637,1132244
2022-10-03,325.8847,325.8847,314.1888,315.8984,1678326
2022-10-04,314.6907,319.9372,306.6986,306.6986,2370816
2022-10-05,306.4294,310.0426,297.4017,305.5734,1063776
2022-10-06,306.3358,309.1996,306.3358,308.3694,1119608
2022-10-07,305.7289,305.7289,297.7863,297.7863,1673869
2022-10-10,299.2323,305.2437,297.6649,305.2437,861496
2022-10-11,305.0810,309.9272,302.9740,302.9740,1154868
2022-10-12,301.2972,301.2972,292.6364,296.9605,1072705
2022-10-13,295.7638,297.8754,289.1847,289.1847,1109189
2022-10-14,291.6409,299.0120,291.6409,299.0120,1903405
2022-10-17,301.4278,306.2087,299.2933,306.2087,1048076
2022-10-18,304.0033,310.6719,295.6019,295.6019,1978154
2022-10-19,296.4308,302.0938,292.4805,302.0938,1300288
2022-10-20,301.3151,305.2227,295.8095,295.8095,1214743
2022-10-21,296.4008,303.5321,294.2448,298.1429,850239
2022-10-24,299.3849,306.3844,297.3693,306.3844,1064547
2022-10-25,305.5655,306.8959,299.2030,299.2030,915373
2022-10-26,297.4422,297.4422,288.4447,292.5702,1221356
2022-10-27,290.5293,290.5293,283.6169,283.6678,857302
2022-10-28,282.7348,284.5656,278.4014,279.0907,1754320
2022-10-31,285.4487,297.6639,285.4487,297.6639,2032095
2022-11-01,296.7782,299.9442,293.2890,294.9391,732656
2022-11-02,297.3452,305.3358,296.2133,305.3358,1761821
2022-11-03,305.4156,306.7693,300.8453,306.5791,914175
2022-11-04,304.9114,304.9114,298.2019,298.9339,1761354
2022-11-07,296.9301,300.9789,292.9709,292.9709,1714324
2022-11-08,295.4092,304.3343,295.4092,304.3343,1800891
2022-11-09,301.5252,301.5252,293.6968,294.3186,1560101
2022-11-10,292.4952,294.0360,287.9845,288.5890,1061682
2022-11-11,289.6476,294.0315,288.3249,294.0315,1399180
2022-11-14,293.0687,294.2161,289.8460,291.0238,991362
2022-11-15,290.8023,295.2781,290.0260,290.0260,769648
2022-11-16,286.5649,286.5649,276.5217,279.5245,1206718
2022-11-17,280.2829,292.4408,280.2829,292.4408,1236985
2022-11-18,293.3821,296.7090,289.3838,296.7014,1234142
2022-11-21,294.5336,298.3728,280.9602,285.3382,2038104
2022-11-22,284.8588,287.1277,282.5187,283.4495,656815
2022-11-23,283.7679,285.6249,280.9948,284.6626,576498
2022-11-24,284.8108,288.6478,283.3381,286.3926,677993
2022-11-25,290.8960,301.0751,290.8960,299.4787,1478616
2022-11-28,297.9316,298.8828,286.0433,288.4956,1831254
2022-11-29,287.1602,289.3907,284.5377,284.5377,1398540
2022-11-30,283.2428,283.2428,276.7019,277.6261,2388367
2022-12-01,279.1815,285.2339,279.0676,283.1990,1772984
2022-12-02,282.9747,283.1019,278.4257,281.2518,698450
2022-12-05,281.1510,283.3151,276.3175,279.6638,832546
2022-12-06,278.2813,278.2813,272.0087,275.5582,1214041
2022-12-07,273.5111,273.5111,265.2786,268.7169,1890714
2022-12-08,269.2943,272.3079,268.4425,272.3079,878483
2022-12-09,271.8626,274.5655,268.5542,269.7267,1287787
2022-12-12,269.9953,275.2353,269.9953,275.0931,1253504
2022-12-13,273.8208,281.5863,270.6722,270.7500,1077932
2022-12-14,270.3998,271.2203,264.2897,268.7344,1362266
2022-12-15,267.7891,270.3004,265.2164,265.8932,796727
2022-12-16,265.4565,268.5805,262.0654,263.9211,550180
2022-12-19,266.1530,281.6367,266.1530,281.6367,2549858
2022-12-20,281.6962,286.6654,280.0462,282.3438,729462
2022-12-21,282.8971,293.6953,282.8650,287.9831,1399770
2022-12-22,286.2321,286.7489,278.1797,278.1797,1406377
2022-12-23,277.8424,282.8973,275.7729,277.0150,869469
2022-12-26,277.5850,283.6206,276.6110,279.2528,1257454
2022-12-27,279.4978,285.2277,278.2375,281.3946,743065
2022-12-28,280.6684,281.3141,275.7440,278.4888,840281
2022-12-29,276.6789,277.6235,268.3489,268.3489,619408
2022-12-30,267.5161,268.6876,256.0058,256.7755,1890518
2023-01-02,256.8443,260.9169,254.6578,257.3219,799089
2023-01-03,257.9070,259.9707,256.5617,259.9131,990980
2023-01-04,259.6304,259.6304,255.1065,257.4032,1208018
2023-01-05,257.6427,261.0634,257.6427,258.6828,1020145
2023-01-06,258.6762,266.5057,258.6294,258.6294,745690
2023-01-09,258.8779,264.7883,258.5921,261.7642,691134
2023-01-10,263.5029,272.7949,262.9464,269.1562,885034
2023-01-11,269.0835,275.0869,268.5427,268.9069,783247
2023-01-12,269.5350,272.1498,268.5062,271.1841,701112
2023-01-13,269.1580,269.9197,264.6189,264.6189,933228
2023-01-16,263.2443,264.2073,259.9609,260.5067,2187420
2023-01-17,261.0910,265.4852,259.4807,262.5387,889809
2023-01-18,260.5809,260.5809,251.3667,252.3822,1431506
2023-01-19,254.1452,259.5690,250.1707,257.9433,1270641
2023-01-20,259.9643,265.8740,259.2963,265.8740,1288553
2023-01-23,264.0737,264.0737,259.8647,259.8647,1354585
2023-01-24,260.9093,269.3962,258.0291,269.3962,1530031
2023-01-25,270.0997,272.9897,268.3846,272.9897,759190
2023-01-26,272.9156,274.2254,271.1826,272.5291,631433
2023-01-27,274.7960,285.8911,273.5466,285.8911,1080194
2023-01-30,284.5460,285.7200,277.8059,277.8059,1874957
2023-01-31,277.9480,280.9382,275.1685,278.5580,519597
2023-02-01,277.5195,277.8704,268.8232,268.8232,1088452
2023-02-02,268.8977,275.1435,266.6698,269.4756,587569
2023-02-03,269.7265,271.1641,267.9015,270.8218,1152026
2023-02-06,273.6994,280.3578,273.2217,280.3578,1999009
2023-02-07,279.9369,279.9369,276.6636,277.1611,676773
2023-02-08,280.0487,288.6215,280.0487,288.6215,1150553
2023-02-09,289.3370,293.7387,285.2566,290.6954,804895
2023-02-10,292.0710,301.7744,291.6396,300.6132,885239
2023-02-13,303.5457,311.9497,303.5457,309.9807,1540201
2023-02-14,311.3407,314.1270,307.7633,313.9201,1382492
2023-02-15,312.4393,316.5738,306.3323,308.0616,1288749
2023-02-16,308.4680,313.2396,306.3644,309.7983,1545493
2023-02-17,307.3713,307.3713,298.0507,300.7686,1460126
2023-02-20,300.7145,305.4877,299.3534,300.5879,1284646
2023-02-21,299.8820,300.0521,294.8801,295.1991,950576
2023-02-22,297.0019,307.8108,297.0019,300.9802,845876
2023-02-23,300.9135,301.2909,296.7659,300.2974,876260
2023-02-24,300.7747,310.5564,300.7747,307.9291,1391399
2023-02-27,309.6248,315.3735,309.6248,314.9702,1509519
2023-02-28,315.9972,321.3021,312.5551,319.0768,860734
2023-03-01,316.2594,320.5458,308.4169,308.4169,1476137
2023-03-02,311.3965,321.4717,311.3965,321.4717,1832565
2023-03-03,318.9522,323.3141,311.5770,311.5770,1145876
2023-03-06,314.9498,328.1273,314.9498,326.3303,2774027
2023-03-07,326.5804,328.0595,320.4757,327.3962,725442
2023-03-08,325.6521,329.3623,322.2863,322.2863,563998
2023-03-09,322.1559,327.0771,320.8792,321.8311,733407
2023-03-10,321.2511,321.2511,314.9432,314.9432,1337007
2023-03-13,315.2419,318.4528,312.2712,317.4936,855369
2023-03-14,318.2738,326.2406,318.2738,324.8957,1279856
2023-03-15,324.5148,326.3887,322.3733,322.3733,545908
2023-03-16,321.2904,321.2904,311.6355,313.2738,749170
2023-03-17,313.5521,318.6589,311.0441,315.9159,1049109
2023-03-20,313.4669,314.4780,308.3409,308.3409,1339887
2023-03-21,306.8594,308.8388,303.8482,303.8482,668599
2023-03-22,304.2881,308.7173,303.4079,305.4541,717174
2023-03-23,303.8201,303.8201,294.8187,296.6516,1138530
2023-03-24,296.4299,299.6332,293.0436,293.2157,1689660
2023-03-27,294.0044,299.1362,290.8772,295.9448,1069665
2023-03-28,295.4579,295.4579,289.7297,294.3701,598384
2023-03-29,292.6038,292.6038,283.0710,285.2265,1266791
2023-03-30,282.3280,285.8165,271.6914,271.6914,2764418
2023-03-31,272.8302,275.9554,268.8781,275.3179,666983
2023-04-03,273.7154,275.7189,268.6966,269.5006,953301
2023-04-04,266.4112,266.4112,258.1339,259.0690,1589116
2023-04-05,258.5560,258.5560,248.4278,254.8137,1252470
2023-04-06,253.1560,253.1560,247.1265,249.6605,1075220
2023-04-07,250.7617,253.7636,247.4547,253.7636,1118852
2023-04-10,254.0703,260.5115,254.0703,256.9011,773541
2023-04-11,256.4306,256.7774,252.3395,252.3395,1431048
2023-04-12,252.5061,253.9002,251.3937,253.9002,672296
2023-04-13,254.0968,257.7529,254.0968,256.4526,1383672
2023-04-14,257.0492,260.5481,256.8624,260.5481,1640014
2023-04-17,260.5842,261.6076,259.0374,261.0201,523630
2023-04-18,260.7503,260.7503,257.4891,260.0812,620867
2023-04-19,259.8397,261.1889,257.9271,259.0163,1098237
2023-04-20,257.8267,257.8267,254.6175,254.6175,1680802
2023-04-21,255.4215,258.3300,254.4940,258.3300,1518316
2023-04-24,259.0851,263.0603,258.9086,263.0603,1316179
2023-04-25,262.4493,262.9830,260.1301,260.1301,1016812
2023-04-26,259.7082,261.2160,257.6833,257.6833,1258828
2023-04-27,256.9985,256.9985,252.4847,253.4357,2283194
2023-04-28,253.0335,254.6768,251.8818,251.8818,680490
2023-05-01,251.5773,253.0559,249.3909,249.3909,1095027
2023-05-02,249.5838,252.5637,249.5838,251.4767,1279068
2023-05-03,251.6964,252.5168,249.1980,252.5168,729459
2023-05-04,252.3767,253.5717,250.5138,251.8434,965069
2023-05-05,251.8393,252.5878,249.6089,251.8301,488831
2023-05-08,251.9543,253.9072,251.4855,252.8519,1257740
2023-05-09,253.0341,254.8728,251.8023,253.3837,613991
2023-05-10,251.4203,251.4203,245.3089,245.4938,3154708
2023-05-11,245.5112,245.7453,244.0915,245.5513,739929
2023-05-12,245.5051,247.6623,245.1210,245.1210,672295
2023-05-15,245.2728,246.5837,244.9124,246.5837,873928
2023-05-16,246.3715,247.4471,245.4123,245.9359,1152473
2023-05-17,246.1477,249.9208,245.4036,249.9208,928207
2023-05-18,249.9119,251.6084,249.3515,249.8573,853746
2023-05-19,249.7781,251.2725,248.5190,249.5659,636537
2023-05-22,249.0637,249.4023,247.2561,247.6908,1269547
2023-05-23,246.6400,247.3654,243.0471,244.5273,956535
2023-05-24,244.6749,246.6190,242.5425,245.9778,888282
2023-05-25,245.1985,245.1985,242.2587,242.2587,1443404
2023-05-26,242.4674,243.4457,241.0543,243.4457,918541
2023-05-29,243.5422,243.8128,241.8473,243.8128,594166
2023-05-30,243.5312,244.4046,239.2980,241.3718,732001
2023-05-31,240.2697,242.2494,236.4047,236.4047,1508848
2023-06-01,235.7033,235.7033,232.3476,233.3978,1323578
2023-06-02,233.4275,233.6502,231.5261,233.6502,704421
2023-06-05,233.1546,233.2492,230.3421,232.0729,1097575
2023-06-06,232.2002,233.4154,230.8547,232.7036,797906
2023-06-07,231.4516,231.4516,227.1290,227.2626,2098398
2023-06-08,226.9795,226.9795,223.0719,223.0719,1347070
2023-06-09,222.9383,224.9824,221.6541,221.8724,828707
2023-06-12,221.0261,221.2206,218.5369,218.9729,2066655
2023-06-13,218.5570,220.2925,217.3172,217.4595,1329022
2023-06-14,217.8921,222.5124,217.8921,220.6303,1457952
2023-06-15,220.3468,220.3468,219.2559,219.5986,869720
2023-06-16,219.1833,219.1833,216.9339,216.9339,911520
2023-06-19,217.5513,220.6593,216.6999,220.4973,1599050
2023-06-20,219.4580,219.9762,217.0419,217.4236,538601
2023-06-21,217.1838,218.9204,216.6357,216.6357,1012111
2023-06-22,215.9889,216.1308,213.7806,214.7446,805943
2023-06-23,214.7034,215.5122,213.8608,214.2093,585748
2023-06-26,214.1488,214.5819,213.0201,213.0201,1024574
2023-06-27,212.9673,212.9673,211.5890,212.7972,818827
2023-06-28,213.2914,216.1780,213.2914,214.8144,1041232
2023-06-29,214.7384,215.1453,212.6342,214.0854,750180
2023-06-30,215.5485,219.6230,215.4278,219.6230,2907950
2023-07-03,219.9690,224.5123,219.0457,224.4246,1644639
2023-07-04,224.7104,226.7917,223.8986,225.6357,1374746
2023-07-05,226.6187,229.4013,225.3286,228.9954,744756
2023-07-06,228.6349,228.6349,225.8014,226.8888,1223739
2023-07-07,227.1655,229.3596,227.1655,228.0065,961519
2023-07-10,227.8088,227.8088,225.1045,225.1045,2064304
2023-07-11,225.1270,226.9287,225.0128,225.2916,645388
2023-07-12,225.3338,226.0475,223.7924,226.0475,834700
2023-07-13,224.9098,224.9098,220.8798,220.8798,1879086
2023-07-14,220.9829,221.7187,219.9207,221.4364,646002
2023-07-17,221.3299,221.3299,220.0763,220.7681,944062
2023-07-18,222.1895,226.0279,221.3855,225.0433,1937781
2023-07-19,225.2814,225.8478,224.5793,225.8478,812443
2023-07-20,225.8877,226.4710,224.9342,225.9676,780946
2023-07-21,226.1120,228.2200,225.6485,228.2200,1326511
2023-07-24,228.1315,229.8506,226.7343,226.7343,1531670
2023-07-25,226.8281,227.4949,225.3634,227.4949,639241
2023-07-26,227.4542,228.6133,224.9549,227.2876,1078795
2023-07-27,226.8727,227.6779,225.5742,225.5742,872224
2023-07-28,224.8026,225.5884,222.6381,223.2303,1277598
2023-07-31,222.7614,222.7614,220.1300,220.7725,1561868
2023-08-01,221.1205,225.5913,221.1205,224.9921,2509152
2023-08-02,225.1952,226.6810,223.2708,226.6810,1043811
2023-08-03,226.2906,226.2906,223.0248,224.0659,1525176
2023-08-04,224.2501,226.3198,224.2176,225.4800,1490604
2023-08-07,225.1373,227.0831,224.2417,224.3546,915470
2023-08-08,223.9219,223.9219,221.6789,221.6789,1065818
2023-08-09,221.6955,221.7671,219.9810,221.7671,874582
2023-08-10,221.0296,221.0296,218.4114,218.9314,978119
2023-08-11,218.9308,220.1745,218.8403,218.9252,436937
2023-08-14,219.8163,224.1339,219.8163,224.1339,2086355
2023-08-15,224.0595,224.0595,222.8488,223.9185,586564
2023-08-16,224.1328,227.1217,223.9657,226.3971,1195406
2023-08-17,226.6016,227.7838,226.6016,227.7838,883351
2023-08-18,228.0013,230.0646,227.9270,229.2381,1132072
2023-08-21,229.5409,231.5660,229.3685,231.5660,1234932
2023-08-22,232.3577,238.9508,232.3577,238.9508,2765045
2023-08-23,238.4977,238.6137,236.6679,236.6679,770548
2023-08-24,236.6634,237.7307,235.4274,236.6342,431172
2023-08-25,236.3675,236.3816,234.8787,235.7779,934409
2023-08-28,235.7368,236.5861,234.8723,235.6488,920362
2023-08-29,236.0074,238.1905,235.9411,237.2823,708424
2023-08-30,237.1125,238.3702,235.4540,236.4082,725761
2023-08-31,236.2284,236.2284,232.9469,235.7009,892899
2023-09-01,236.2117,239.1228,236.2117,237.4449,1038651
2023-09-04,237.3620,238.0605,236.0335,236.0335,889335
2023-09-05,235.5363,235.5363,233.1937,234.1406,1402406
2023-09-06,233.5967,234.2325,230.7535,230.7535,1492610
2023-09-07,230.8675,234.0149,230.8675,231.8078,955026
2023-09-08,231.7511,232.5137,231.4444,231.6452,742498
2023-09-11,231.6289,233.2251,231.4032,231.4207,986832
2023-09-12,231.1486,231.1486,228.8202,230.2953,607581
2023-09-13,229.9254,229.9254,227.3848,227.3848,1155202
2023-09-14,227.3226,227.3226,225.3981,226.8435,801391
2023-09-15,226.3835,227.2515,224.5049,224.5049,1177365
2023-09-18,225.1895,228.0817,225.0658,228.0817,1234635
2023-09-19,228.0969,228.2007,223.9733,228.2007,554940
2023-09-20,228.7897,232.0196,228.3217,232.0196,1566786
2023-09-21,231.9563,233.6697,231.1432,231.5952,978825
2023-09-22,230.7739,230.7869,228.7161,229.0844,1106501
2023-09-25,229.1731,231.1978,229.1731,229.4244,704954
2023-09-26,228.0377,228.6320,223.7776,223.9466,2062567
2023-09-27,226.0084,229.8956,225.7579,229.8956,1741684
2023-09-28,229.0295,229.9448,226.8980,226.8980,810156
2023-09-29,226.7796,227.7855,226.4244,226.4244,757018
2023-10-02,226.7975,229.3982,226.7975,228.7505,1124131
2023-10-03,228.0039,228.0039,225.4042,226.1119,1819505
2023-10-04,226.9301,228.7690,226.4710,228.7690,1430933
2023-10-05,228.8529,229.9274,228.8529,229.3353,779415
2023-10-06,229.0970,229.5093,227.7196,228.5370,916997
2023-10-09,227.9521,228.8625,225.6630,225.6630,992452
2023-10-10,225.6597,226.3258,224.8515,225.6382,666461
2023-10-11,225.9478,227.9474,225.6395,227.1702,1102311
2023-10-12,227.2260,229.6446,227.2260,227.8517,714153
2023-10-13,227.8942,228.0718,225.4983,228.0718,846807
2023-10-16,228.2913,231.2521,228.2245,228.7682,1019584
2023-10-17,229.5952,234.4443,229.5952,232.9894,1565637
2023-10-18,232.8613,232.8613,231.3472,231.6947,1083196
2023-10-19,231.7776,234.0464,231.7776,233.3352,1294046
2023-10-20,232.7443,232.7443,229.1290,229.1290,1515891
2023-10-23,228.8703,228.8703,224.7496,225.8582,2098769
2023-10-24,226.1061,228.0862,225.5172,226.8913,1032544
2023-10-25,224.9743,225.1022,220.7426,220.7426,3191523
2023-10-26,221.1331,222.6982,220.2395,222.6982,1287243
2023-10-27,223.1921,224.3554,221.9871,224.3554,1684880
2023-10-30,223.7481,224.4894,221.9168,221.9168,1828195
2023-10-31,221.2681,221.2681,218.1877,219.5149,1035275
2023-11-01,219.6026,220.2942,219.4074,220.2942,899206
2023-11-02,220.8086,223.5638,219.3693,222.5115,1555084
2023-11-03,221.9822,222.5852,220.2532,220.2532,1274071
2023-11-06,220.2171,220.9180,219.4028,220.1437,884115
2023-11-07,219.9609,220.1343,216.4739,218.3599,924005
2023-11-08,218.3699,220.1769,217.9570,218.5401,856498
2023-11-09,217.7575,217.7575,214.8347,215.3600,1154951
2023-11-10,215.4742,216.4546,213.7103,216.4546,1040957
2023-11-13,215.9471,215.9471,213.3848,214.4734,1151862
2023-11-14,211.4385,211.4385,205.0476,205.0476,2070248
2023-11-15,205.4168,207.4290,205.4168,206.7350,1281695
2023-11-16,206.6939,208.0933,205.7755,206.6007,806692
2023-11-17,206.3290,207.0483,204.6733,205.7856,741441
2023-11-20,206.0144,208.3115,204.9031,207.0570,853771
2023-11-21,207.1406,208.6607,206.2057,207.5834,864864
2023-11-22,207.4293,208.9257,206.3679,207.1301,1319694
2023-11-23,206.6202,206.6202,204.7523,204.7523,920862
2023-11-24,204.5949,206.6873,204.2966,204.2966,1494317
2023-11-27,205.0055,206.9007,205.0055,206.5924,1069850
2023-11-28,207.0163,209.2130,207.0163,208.2035,657394
2023-11-29,208.4887,210.9753,208.4887,210.2923,700251
2023-11-30,210.5106,212.4867,210.4209,211.6402,1607838
2023-12-01,211.6188,211.6188,209.4646,211.3823,930932
2023-12-04,210.7021,210.7021,204.9411,206.9911,2117506
2023-12-05,207.4147,209.8455,206.8086,208.4771,1057240
2023-12-06,208.4659,209.6609,208.3688,208.3910,858327
2023-12-07,209.1364,210.5837,209.1364,210.5837,1183443
2023-12-08,210.6717,211.4285,209.0905,211.1970,995969
2023-12-11,211.3243,212.8059,211.3243,212.3111,1183937
2023-12-12,211.9764,212.1742,208.9811,209.8412,2724081
2023-12-13,209.4160,209.4160,206.5137,208.1755,1070737
2023-12-14,208.1921,209.2551,208.1921,208.3808,951381
2023-12-15,208.7525,209.8319,206.3445,209.8319,985657
2023-12-18,209.7640,210.6900,208.2967,209.1027,687456
2023-12-19,208.9288,210.0199,207.6310,208.5580,989592
2023-12-20,208.1869,208.1869,205.5299,205.6606,1731672
2023-12-21,205.2269,206.0463,203.8523,203.8523,866175
2023-12-22,204.7413,208.7590,204.7413,208.7590,1703973
2023-12-25,208.4214,208.4214,205.8240,206.2060,2138495
2023-12-26,206.1884,208.0750,205.7349,205.8801,991749
2023-12-27,206.4167,208.0608,205.8600,207.6650,1442884
2023-12-28,207.9348,208.8762,207.9140,208.7797,1216633
2023-12-29,207.9851,207.9851,204.4967,204.5709,1698665
2024-01-01,204.6645,205.2142,202.3883,205.2142,779741
2024-01-02,206.8376,210.0908,206.6761,210.0908,2074359
2024-01-03,209.8721,210.6626,205.9644,205.9644,1597492
2024-01-04,205.9824,206.6404,205.9546,206.1937,763650
2024-01-05,206.4911,209.3499,206.4911,208.3064,1376727
2024-01-08,208.3805,211.0052,208.3805,209.3424,1315136
2024-01-09,209.4137,209.8194,207.0186,209.8194,551759
2024-01-10,209.9588,211.1732,208.2812,211.1732,957005
2024-01-11,211.3896,216.0347,211.3278,213.9260,1610955
2024-01-12,213.5708,214.6148,211.0570,211.0570,1162950
2024-01-15,211.2204,212.6904,210.7997,211.5383,1304165
2024-01-16,211.1657,211.9616,210.1463,210.1463,1130360
2024-01-17,209.9000,210.3347,207.6117,208.6534,1176776
2024-01-18,209.8135,213.5566,209.1464,213.5566,1625770
2024-01-19,213.6146,214.4880,212.7123,214.4880,1031055
2024-01-22,214.7088,216.3936,214.3777,216.1001,1490445
2024-01-23,216.1601,218.1045,215.5530,216.3697,879145
2024-01-24,216.9286,221.5297,216.3554,221.2553,973879
2024-01-25,221.7978,225.8034,221.7978,223.3303,1159267
2024-01-26,224.2582,227.3495,224.2582,226.8706,1062309
2024-01-29,226.7913,227.2915,224.5981,225.5839,944489
2024-01-30,224.9783,225.8040,223.0686,223.0686,1131213
2024-01-31,223.9962,226.9482,223.8111,226.9482,1427281
2024-02-01,226.8829,227.1760,225.0860,226.7386,610643
2024-02-02,226.8325,228.2489,225.6945,228.2489,1073468
2024-02-05,228.1600,231.4183,227.8462,227.8462,644776
2024-02-06,227.2581,227.3306,224.4828,224.6047,1171775
2024-02-07,224.7899,226.8947,222.8366,226.0763,1368840
2024-02-08,225.9579,228.4906,225.6257,225.6257,843700
2024-02-09,225.8886,229.9993,225.7240,229.1368,1893823
2024-02-12,229.6822,233.3570,229.6822,233.3570,1551796
2024-02-13,232.7495,233.6599,231.3624,231.3624,1950075
2024-02-14,231.3740,231.4979,229.4224,231.4979,809577
2024-02-15,231.7356,234.1965,230.5013,233.3372,1212447
2024-02-16,234.3250,236.6277,232.8455,236.6277,1037270
2024-02-19,237.7576,241.8483,237.7576,241.8483,2638910
2024-02-20,242.3206,244.5544,242.0218,243.9020,1820575
2024-02-21,244.1118,245.4250,243.4062,245.4250,840298
2024-02-22,246.1313,247.8892,245.3700,247.8481,858526
2024-02-23,248.1356,251.7552,248.1356,251.7552,1706675
2024-02-26,251.5112,252.7217,250.2210,251.0241,623115
2024-02-27,250.8100,251.5220,248.6100,249.8655,662574
2024-02-28,251.1547,255.6178,251.0228,254.5029,1181814
2024-02-29,254.3396,254.3396,251.1492,253.7641,828073
2024-03-01,253.9325,254.9209,252.8831,254.4908,690329
2024-03-04,253.9936,253.9936,248.6870,248.6870,1217340
2024-03-05,249.2108,250.9802,247.2668,250.5845,810862
2024-03-06,250.6062,251.1572,248.8749,250.6501,402301
2024-03-07,249.7662,250.2949,247.7581,247.7581,1406274
2024-03-08,248.5574,250.8255,248.2911,250.6011,1865202
2024-03-11,250.4759,250.8243,249.5456,250.1717,960512
2024-03-12,249.8872,250.6949,248.5873,249.0975,987823
2024-03-13,249.5034,252.4497,248.9378,251.1241,870023
2024-03-14,250.1760,250.1760,247.4351,247.7365,1009471
2024-03-15,247.6513,247.6513,244.3848,246.1777,830406
2024-03-18,246.0106,246.0106,243.4908,244.2342,1202684
2024-03-19,243.6845,244.7448,241.8418,241.8418,1000521
2024-03-20,241.4523,242.9932,240.4962,240.4962,889450
2024-03-21,240.9293,244.0114,240.2677,244.0114,1017503
2024-03-22,242.5575,242.5575,236.8548,237.8776,1928328
2024-03-25,238.5172,241.3224,238.0353,240.3599,1193068
2024-03-26,241.1292,245.2950,241.1292,244.5842,1621416
2024-03-27,244.1557,246.2370,243.0331,243.0331,1137858
2024-03-28,244.4637,248.2385,244.4637,247.2064,1847781
2024-03-29,247.5947,248.7331,246.9126,248.3196,1012220
2024-04-01,249.2770,251.3826,246.8661,251.3826,1492157
2024-04-02,250.8113,253.0653,248.9972,248.9972,922462
2024-04-03,250.5545,256.4880,250.5545,256.4880,2185947
2024-04-04,255.6739,255.6739,251.9092,253.5719,1167750
2024-04-05,254.0610,256.9263,254.0610,255.3313,892322
2024-04-08,255.8658,257.4243,253.7903,257.1989,994362
2024-04-09,257.2750,258.6478,256.7813,258.5322,820787
2024-04-10,258.0189,258.0189,254.6943,255.9890,1088905
2024-04-11,256.1911,259.5162,256.1911,259.0689,1561853
2024-04-12,258.9619,259.3359,257.6542,258.6183,1165450
2024-04-15,258.6868,259.5027,257.5710,259.0307,595126
2024-04-16,258.8065,258.8065,255.7574,255.7574,1131205
2024-04-17,255.2689,255.2689,253.7613,253.7613,1088898
2024-04-18,254.1592,259.1220,253.4154,258.6098,1882159
2024-04-19,259.5017,262.7870,259.5017,261.3535,1382601
2024-04-22,261.5380,264.1888,261.5380,262.7004,941091
2024-04-23,262.9360,265.6849,261.8056,263.3751,893518
2024-04-24,263.2469,265.3131,261.8775,262.9807,749916
2024-04-25,262.6274,262.6274,260.5757,261.5634,1005924
2024-04-26,263.7550,269.3729,263.3803,269.3729,2550445
2024-04-29,269.9097,273.3969,269.9097,272.8225,1629598
2024-04-30,272.3943,272.8410,271.3218,271.3218,1046299
2024-05-01,271.2257,272.7241,267.3252,270.3515,796614
2024-05-02,270.2419,272.3798,268.5276,268.5276,1080962
2024-05-03,267.2195,267.2195,259.6425,259.6425,2453066
2024-05-06,259.6508,260.5736,258.6783,259.6740,767281
2024-05-07,259.3394,259.3394,254.1523,255.7635,1672822
2024-05-08,256.0880,259.2867,255.3838,256.9323,671783
2024-05-09,257.0739,258.4474,255.8031,258.4474,1145273
2024-05-10,259.2168,261.7053,258.9338,260.8837,936821
2024-05-13,260.2734,260.6845,250.8153,250.8153,891043
2024-05-14,251.7556,259.7072,251.7556,257.6016,1011173
2024-05-15,257.2317,257.8590,250.9019,250.9019,1442273
2024-05-16,249.1736,250.7937,242.2004,242.2004,2180193
2024-05-17,241.5036,245.9894,237.5259,237.5259,1555644
2024-05-20,237.2086,240.0452,234.7784,234.7784,1105804
2024-05-21,234.1275,236.4006,228.3510,232.7444,1115819
2024-05-22,232.8829,234.1355,232.2072,233.9969,934030
2024-05-23,233.7636,234.4956,230.5758,231.5045,735020
2024-05-24,234.0176,242.3164,234.0176,239.4203,1109001
2024-05-27,238.8637,240.9106,234.3138,235.8110,973112
2024-05-28,235.1667,235.1667,230.1913,233.5760,1154386
2024-05-29,231.7232,231.7232,221.5496,221.5496,1433404
2024-05-30,221.4144,223.5797,220.5901,220.7373,809696
2024-05-31,218.8028,218.8028,211.0093,213.4731,1268475
2024-06-03,214.9351,220.7116,214.6379,218.8427,1056565
2024-06-04,217.7147,219.2338,213.5186,213.5186,1115227
2024-06-05,213.6453,216.9491,213.5092,214.3777,995892
2024-06-06,214.6585,215.9615,210.4820,215.9615,1052531
2024-06-07,216.4097,221.0323,211.6799,221.0323,842116
2024-06-10,221.7205,224.2812,220.3461,224.2812,1240734
2024-06-11,224.6729,227.9596,223.4216,225.5126,1038719
2024-06-12,224.9906,232.5394,223.5872,223.5872,1066923
2024-06-13,223.9364,227.0525,222.6268,224.6634,1052056
2024-06-14,226.6278,233.4225,226.6278,232.5208,1065204
2024-06-17,231.6909,231.6909,225.7402,225.7402,2224117
2024-06-18,225.6108,228.0647,225.1171,225.1171,798417
2024-06-19,225.0624,226.4952,224.5527,224.5913,1040691
2024-06-20,225.4094,228.9570,224.5203,228.9570,1770313
2024-06-21,227.2584,227.2584,223.0820,223.0820,3111714
2024-06-24,222.2119,222.7945,220.0870,220.0870,1730964
2024-06-25,220.0691,220.4753,217.9161,219.9195,889082
2024-06-26,220.3433,223.0258,219.5370,223.0258,1226919
2024-06-27,223.5586,225.4175,222.5995,224.9878,1343979
2024-06-28,224.8982,226.2521,224.4980,224.7057,439438
2024-07-01,225.0962,227.5150,225.0962,226.1500,889845
2024-07-02,226.9827,229.4482,225.4919,228.9791,1721660
2024-07-03,229.2274,233.3136,228.1329,233.3136,1445396
2024-07-04,234.3205,237.7137,234.3205,236.8849,1385592
2024-07-05,236.0358,236.8850,232.9077,233.9563,1747712
2024-07-08,233.6499,234.3966,232.9121,232.9121,1314373
2024-07-09,232.3387,232.3387,230.0282,230.1307,1407109
2024-07-10,230.1151,230.6972,228.5236,229.8404,779148
2024-07-11,231.0040,233.4252,230.4002,233.4252,1598288
2024-07-12,234.7663,238.5332,234.3378,237.3448,1102457
2024-07-15,237.0208,238.7260,235.9350,235.9350,1070835
2024-07-16,235.8592,235.8659,234.4122,235.4886,1084578
2024-07-17,236.3809,240.2241,236.0095,240.2241,2771607
2024-07-18,240.3335,242.2963,240.3335,241.8151,1237489
2024-07-19,239.8202,239.8202,233.5524,233.9616,2140519
2024-07-22,233.8748,234.2937,231.1999,233.5552,1228759
2024-07-23,233.8423,236.0011,233.8423,235.5642,970146
2024-07-24,236.5508,239.9686,236.5508,239.1924,1375103
2024-07-25,239.7024,242.1985,239.7024,241.7798,1031614
2024-07-26,241.4245,241.4245,237.2548,237.2548,1386308
2024-07-29,235.8842,236.9471,231.9838,231.9838,1408272
2024-07-30,231.9065,234.0265,230.7475,231.5686,1044210
2024-07-31,231.8781,234.6285,231.0228,234.6285,1415076
2024-08-01,235.4407,237.6250,235.4407,237.0694,1696554
2024-08-02,237.1133,238.8876,236.7336,237.8223,647109
2024-08-05,238.1761,241.3450,237.0788,241.3450,1156787
2024-08-06,241.5117,243.1678,241.5117,242.5155,1092713
2024-08-07,241.7361,241.7361,238.7536,239.0806,927672
2024-08-08,239.8550,241.6599,237.1196,241.6599,730110
2024-08-09,242.0835,243.5232,241.9032,243.5232,1300020
2024-08-12,244.4357,246.9045,244.2922,246.9045,1127562
2024-08-13,246.8910,248.0492,245.9871,246.6776,950937
2024-08-14,246.2989,246.2989,242.6862,244.7823,1009080
2024-08-15,244.2603,244.2603,241.5081,241.5081,2910173
2024-08-16,241.3006,241.5560,239.5893,240.8641,824962
2024-08-19,242.0611,245.1410,241.9028,244.6771,2291734
2024-08-20,244.5473,244.5473,242.3561,243.0690,1304258
2024-08-21,242.8191,243.8177,240.2395,240.2395,1882003
2024-08-22,241.4590,244.0529,241.4590,244.0529,1671313
2024-08-23,245.0360,247.3724,245.0360,247.3066,1833560
2024-08-26,246.2741,246.2741,243.8279,243.8279,1151187
2024-08-27,244.7798,247.3368,244.1623,247.3368,1687447
2024-08-28,247.6003,249.8998,247.3332,248.4051,967481
2024-08-29,247.6319,247.6319,243.5602,243.9495,2221697
2024-08-30,243.6677,245.1750,242.1841,242.1841,845265
2024-09-02,242.0598,244.6659,240.3302,240.3302,960590
2024-09-03,240.4639,243.7328,240.4639,242.6583,1528170
2024-09-04,242.4081,243.2528,240.1748,240.1748,1298224
2024-09-05,240.3396,243.0481,240.3396,242.0142,912645
2024-09-06,241.5231,241.5231,238.5543,239.2048,986060
2024-09-09,239.2199,240.7686,239.2199,239.2483,494589
2024-09-10,239.3946,240.0149,238.5052,240.0149,1163203
2024-09-11,240.2082,241.1755,237.7331,241.1755,1050192
2024-09-12,240.0048,240.5652,236.4489,236.8151,1088033
2024-09-13,236.4612,238.3401,235.0662,235.5730,724671
2024-09-16,236.4545,239.3981,235.8476,238.6437,1281146
2024-09-17,238.8570,240.6197,238.1707,240.6197,1246117
2024-09-18,241.4928,247.1498,241.4928,246.1064,1669699
2024-09-19,245.4025,245.8517,242.7549,243.8727,1275312
2024-09-20,243.8864,244.0648,242.0161,243.9218,820366
2024-09-23,243.8079,244.1620,241.9460,243.5623,868542
2024-09-24,243.1598,243.3279,239.4652,239.4652,2015860
2024-09-25,240.0377,245.6207,240.0377,244.1446,1452964
2024-09-26,244.0875,245.8812,241.7384,243.4079,625544
2024-09-27,243.7014,244.6216,241.4499,244.5478,848604
2024-09-30,244.6706,246.2622,244.6706,245.9005,737537
2024-10-01,244.7757,244.7757,242.3429,242.3429,1520493
2024-10-02,242.4160,243.3734,240.9547,243.3734,799485
2024-10-03,243.5524,244.7450,241.9920,244.7450,1334270
2024-10-04,244.5014,244.8036,243.0208,243.6679,609233
2024-10-07,243.7470,244.1254,242.4039,243.8957,1085980
2024-10-08,243.2151,243.2616,240.5265,241.5594,1201183
2024-10-09,241.4605,242.4016,239.7592,241.0335,900327
2024-10-10,241.1176,243.3377,240.1843,241.6523,782184
2024-10-11,241.3627,243.0702,240.0700,240.7886,879246
2024-10-14,240.6350,241.0514,238.3420,240.1184,650350
2024-10-15,240.1235,240.1545,238.9378,240.1545,1105293
2024-10-16,240.1781,242.5199,239.8425,240.2981,1093944
2024-10-17,240.6231,246.2635,240.6231,246.2635,1969237
2024-10-18,246.4289,246.8440,244.7473,246.8440,838638
2024-10-21,247.0787,248.7159,246.5807,248.3735,1095341
2024-10-22,248.3739,250.1606,248.3739,248.3749,662577
2024-10-23,249.7548,253.7080,249.7548,252.9143,929772
2024-10-24,253.5494,258.2133,251.7299,258.2133,1888139
2024-10-25,258.4649,262.9449,256.5125,262.9449,2397142
2024-10-28,263.2086,265.4895,263.2086,264.8460,1447956
2024-10-29,265.2715,266.0652,264.6293,266.0652,1136149
2024-10-30,266.0329,266.6967,264.5341,265.8006,595177
2024-10-31,265.9461,268.3339,265.9461,267.2560,954777
2024-11-01,267.5776,271.6370,267.5776,268.9056,940438
2024-11-04,268.6055,271.0791,267.3014,267.3014,1089776
2024-11-05,267.0927,267.5557,265.0904,265.3290,1290471
2024-11-06,264.4472,264.4472,261.4708,261.9673,1146902
2024-11-07,261.8612,263.2941,259.8789,261.0634,1176321
2024-11-08,261.7442,266.5708,261.7442,266.5708,2176754
2024-11-11,266.4651,267.1557,264.9521,265.2100,1265052
2024-11-12,264.9644,266.8857,264.1881,264.1881,955779
2024-11-13,263.5147,265.4667,261.9943,261.9943,1456179
2024-11-14,262.0852,264.8189,262.0852,262.7701,1009988
2024-11-15,262.5500,264.7948,261.4401,261.4401,786117
2024-11-18,261.7132,263.7761,261.7132,263.2253,1235094
2024-11-19,266.2366,277.6472,265.1959,275.7342,2167530
2024-11-20,274.8594,274.8594,267.4583,267.4583,1658891
2024-11-21,265.0123,265.0123,251.2865,251.2865,2412911
2024-11-22,251.2311,254.3558,250.4357,250.6525,847205
2024-11-25,251.3078,252.7467,247.2747,252.6290,1257903
2024-11-26,250.6549,251.8113,242.0016,243.9367,1457643
2024-11-27,243.9055,246.2996,240.2024,243.7793,1088570
2024-11-28,239.4115,239.4115,229.4990,229.4990,1580963
2024-11-29,231.6123,239.2359,231.6123,239.2359,1068486
2024-12-02,237.7483,237.7483,227.7358,231.1755,1343928
2024-12-03,230.3253,230.3253,223.7280,223.7280,1334357
2024-12-04,223.9225,227.3169,219.2429,227.3169,928332
2024-12-05,226.2216,226.2216,218.2687,218.2687,1112532
2024-12-06,217.4368,218.5610,211.6625,211.6625,1289000
2024-12-09,210.2390,211.0323,207.4805,207.4805,1317274
2024-12-10,207.5957,211.3639,207.4700,208.6661,758034
2024-12-11,207.9512,207.9512,203.2270,205.9370,907921
2024-12-12,206.5640,208.5337,205.9728,208.5337,2655543
2024-12-13,208.6756,210.5895,208.0483,210.4184,1435899
2024-12-16,210.9114,212.3444,210.8071,212.2885,2624940
2024-12-17,212.1461,212.1461,208.7514,210.9323,967938
2024-12-18,210.4011,210.4011,208.2087,208.7971,1602300
2024-12-19,209.7153,211.8934,207.3900,211.8934,1489649
2024-12-20,211.5582,211.5582,208.4035,210.6721,1126218
2024-12-23,210.0961,210.0961,207.8997,208.9128,1003691
2024-12-24,208.7105,208.7281,206.5879,207.3652,898507
2024-12-25,207.7662,210.7122,207.6779,210.7122,1931171
2024-12-26,210.1497,212.1459,209.0143,209.0143,1272409
2024-12-27,208.9329,209.6429,207.6438,208.7144,746106
2024-12-30,208.3659,209.4430,207.3694,207.3694,715169
2024-12-31,207.3480,209.1607,207.2046,207.2046,1097195
2025-01-01,207.3706,209.6006,206.9265,208.6304,926601
2025-01-02,208.8950,211.3951,208.8950,210.5353,1116407
2025-01-03,210.4869,210.6130,209.2766,210.0384,905965
2025-01-06,210.2064,211.4566,210.2064,210.8955,856326
2025-01-07,211.3186,212.6399,210.8800,212.2990,707924
2025-01-08,212.3292,213.0222,211.6420,212.5554,1397324
2025-01-09,211.8971,212.3745,208.7971,210.2639,945171
2025-01-10,209.7922,209.7922,206.9446,208.5811,1411801
2025-01-13,208.7113,210.2910,207.8276,210.2910,1152573
2025-01-14,210.1787,211.4077,208.4865,209.8347,851600
2025-01-15,209.0916,209.0916,204.4163,204.4588,2976664
2025-01-16,204.3860,205.4277,203.5985,204.2157,1086524
2025-01-17,204.6087,205.3915,202.3100,205.3915,1061016
2025-01-20,205.2905,207.2086,204.8819,204.8819,872156
2025-01-21,204.9834,207.7354,204.6781,206.1736,1043377
2025-01-22,206.0034,206.0772,204.8949,204.9592,1022215
2025-01-23,206.1597,210.4140,206.1597,210.4140,3256488
2025-01-24,211.1462,212.9337,211.1462,212.5812,1044252
2025-01-27,211.9979,213.5569,210.6175,210.6175,1061402
2025-01-28,211.1452,212.2678,208.9580,212.2678,977219
2025-01-29,212.3539,212.8000,211.8945,212.8000,1033018
2025-01-30,212.5924,212.5924,211.0926,211.7044,1907207
2025-01-31,211.4525,211.4525,207.4163,210.6223,1225165
2025-02-03,209.8616,209.8616,207.2217,207.5873,1887740
2025-02-04,207.4705,209.8191,207.2504,207.2504,813726
2025-02-05,207.4256,208.7557,206.7570,208.7557,800304
2025-02-06,209.0789,210.6531,209.0789,209.9610,1166021
2025-02-07,210.2518,212.5815,209.5730,212.5815,1307083
2025-02-10,212.3189,212.3970,209.5836,210.8448,1796212
2025-02-11,210.7036,210.9662,208.3026,209.7171,865448
2025-02-12,209.8453,210.7392,208.9576,210.7312,1189271
2025-02-13,210.9506,212.4869,210.5017,211.7212,741795
2025-02-14,212.3704,214.6464,212.3704,213.6897,835653
2025-02-17,213.3034,214.1144,210.6443,210.6443,1582988
2025-02-18,209.2928,209.2928,203.8556,205.7402,1532145
2025-02-19,205.7314,205.9552,205.0918,205.7075,825273
2025-02-20,205.3765,205.9838,201.4859,201.9593,2240654
2025-02-21,202.2383,205.5768,202.2383,204.8108,1392756
2025-02-24,204.8438,207.4152,204.8438,204.9715,750987
2025-02-25,205.0890,205.9426,204.4297,205.3218,708389
2025-02-26,205.0960,205.4040,203.6580,204.6513,1096372
2025-02-27,204.7769,206.6347,204.7769,205.6326,1000648
2025-02-28,206.2321,209.4102,206.1412,209.4102,1948566
2025-03-03,209.3201,209.8357,207.5226,208.2817,1611444
2025-03-04,208.1060,208.1060,206.5025,207.1859,1250969
2025-03-05,207.0389,208.8716,205.6296,206.1535,787575
2025-03-06,206.4879,208.7920,206.4879,208.7920,1631806
2025-03-07,208.7481,210.3880,208.0159,208.3629,1066454
2025-03-10,208.6493,210.6250,208.1825,209.8185,978703
2025-03-11,209.7577,209.7577,206.1912,208.8606,958443
2025-03-12,209.2412,213.8886,209.2412,213.5453,1556336
2025-03-13,213.7779,215.8241,213.7779,214.2434,1180798
2025-03-14,214.2949,214.7479,212.3028,214.7479,1185016
2025-03-17,214.4876,215.0563,211.9728,211.9728,1027819
2025-03-18,212.1405,215.2227,211.7722,215.2227,1112892
2025-03-19,216.0129,218.7540,216.0129,218.0595,1344737
2025-03-20,218.1597,218.9891,217.6273,218.3785,897509
2025-03-21,218.5356,218.9744,217.6946,218.9027,857640
2025-03-24,219.8271,223.2953,219.8271,222.4275,1949442
2025-03-25,221.9727,222.5008,220.4576,220.7643,1484241
2025-03-26,220.5788,222.9182,219.9947,219.9947,1040523
2025-03-27,219.9987,221.7999,219.2693,220.0302,653162
2025-03-28,219.9796,223.5134,219.8790,219.8790,808107
2025-03-31,219.1517,219.5219,216.9233,216.9233,1467008
2025-04-01,217.0254,219.3149,217.0254,217.2665,984745
2025-04-02,217.3292,217.7583,215.9040,217.5812,551217
2025-04-03,217.7296,220.1974,217.7296,218.3776,870603
2025-04-04,217.7919,219.5495,212.0696,212.0696,1827768
2025-04-07,211.8623,217.9133,211.4615,211.4615,869367
2025-04-08,209.7328,212.8276,206.5317,206.5317,1848921
2025-04-09,206.4984,209.4155,203.5533,206.3708,531065
2025-04-10,205.9247,207.3015,200.7524,203.8750,1268009
2025-04-11,203.6206,208.8528,202.4409,202.4409,694300
2025-04-14,202.4882,207.1701,202.4882,203.1383,534128
2025-04-15,203.5082,207.4611,203.5082,206.2872,1295566
2025-04-16,206.3355,207.2588,204.5470,207.1478,750247
2025-04-17,206.9418,208.3988,206.5293,206.5293,948531
2025-04-18,206.5889,207.5253,205.3001,206.7141,940918
2025-04-21,206.9639,207.4908,205.5860,207.4908,1268014
2025-04-22,207.4621,208.6649,206.9350,206.9350,879913
2025-04-23,206.9866,208.6525,205.3885,207.8117,595434
2025-04-24,207.9809,209.1414,206.7577,209.1414,1292891
2025-04-25,208.1801,208.1801,204.9939,205.3513,2525307
2025-04-28,206.4400,209.9826,205.7398,209.9826,1285639
2025-04-29,209.3127,209.7570,207.0736,207.0736,1668310
2025-04-30,207.1562,208.3766,206.9187,207.8976,1493159
2025-05-01,207.3302,208.0574,206.1203,206.1662,874769
2025-05-02,205.9944,206.3633,204.7956,204.7956,1261281
2025-05-05,205.0843,205.7091,204.1828,205.7091,697250
2025-05-06,205.6009,205.8584,204.7009,205.2815,707585
2025-05-07,205.2878,206.2690,204.0859,205.3046,833636
2025-05-08,205.9989,208.3278,205.3160,208.3278,1105114
2025-05-09,209.0441,214.0066,209.0441,211.2772,2680622
2025-05-12,212.3303,216.5675,212.3303,215.8074,1758302
2025-05-13,216.8527,219.4012,216.5879,219.2852,1865861
2025-05-14,218.8684,218.8684,213.1446,213.7479,2083550
2025-05-15,213.9671,216.1881,213.9671,214.9603,1072277
2025-05-16,214.3592,215.5398,211.4037,211.4037,2130848
2025-05-19,211.1056,211.2732,210.0465,210.5013,787930
2025-05-20,210.4793,210.8354,209.3729,210.2907,1320169
2025-05-21,211.0769,214.2859,211.0769,213.0557,1498842
2025-05-22,213.4325,215.5167,213.4325,214.2665,702052
2025-05-23,214.6260,217.8764,214.6260,216.0845,945492
2025-05-26,216.1841,217.8015,215.3682,217.0504,1006834
2025-05-27,216.6386,216.6386,214.4249,215.2974,1285078
2025-05-28,214.1546,214.1546,209.1390,209.8192,2305411
2025-05-29,210.3702,212.8703,210.2221,211.8071,1378244
2025-05-30,211.7685,212.9927,211.5049,211.5049,865188
2025-06-02,211.2087,211.7012,208.8346,208.8346,1308925
2025-06-03,208.4203,208.4203,207.0087,207.5291,790399
2025-06-04,206.8897,208.1474,205.5197,205.5197,1958253
2025-06-05,205.9305,207.2329,205.6434,207.2329,1274414
2025-06-06,207.1279,208.3602,206.6995,206.6995,721773
2025-06-09,207.0412,209.0361,206.8746,208.0377,867925
2025-06-10,207.9928,208.5886,206.9922,207.7953,738922
2025-06-11,207.3545,207.3545,204.7958,205.8409,1573983
2025-06-12,205.7986,206.2569,205.0953,205.5840,601716
2025-06-13,205.5710,206.8748,205.5079,205.5079,798159
2025-06-16,205.5123,207.4033,205.5123,205.5314,515488
2025-06-17,204.4808,204.4808,201.9285,202.4193,1850422
2025-06-18,202.6306,204.3025,201.6747,203.6189,747019
2025-06-19,204.3675,206.6929,204.3675,205.9539,1458850
2025-06-20,205.6647,205.7736,204.3964,205.1094,935833
2025-06-23,204.9088,204.9088,203.5936,204.4376,722962
2025-06-24,204.5833,205.3690,202.8988,205.3690,1185027
2025-06-25,206.3314,210.4971,206.3314,210.4971,1695998
2025-06-26,210.1068,210.1068,206.8572,208.6089,1327885
2025-06-27,207.6666,207.6666,204.7820,205.5578,1684708
2025-06-30,205.2695,206.4072,203.3931,203.3931,1300946
2025-07-01,203.0892,205.7874,201.0849,201.0849,1849850
2025-07-02,200.4183,200.4183,197.6400,197.6400,1242480
2025-07-03,197.9563,199.2470,196.9377,199.1990,991614
2025-07-04,199.2193,199.6008,198.1575,199.5589,743373
2025-07-07,199.7710,201.8249,198.4914,201.0455,1108155
2025-07-08,200.4871,200.4871,196.7218,196.7218,2137015
2025-07-09,196.9330,198.2025,196.6924,197.5099,625963
2025-07-10,198.0092,199.6520,198.0092,199.1008,1021882
2025-07-11,198.8903,198.8903,197.4857,198.4580,968908
2025-07-14,198.2824,200.1133,197.9389,197.9389,1129136
2025-07-15,198.0301,198.9562,197.7454,198.6762,986578
2025-07-16,198.5427,199.1750,195.8673,196.2337,967929
2025-07-17,196.5224,198.8508,196.5139,197.0905,1035221
2025-07-18,197.2215,198.2235,195.4102,198.2235,1083949
2025-07-21,198.0916,199.2069,197.3908,197.3908,1249951
2025-07-22,197.4742,198.0175,195.5558,198.0175,1389800
2025-07-23,197.3850,198.0299,195.5651,195.6291,956461
2025-07-24,194.9234,194.9234,193.4915,193.4915,1647610
2025-07-25,194.3684,197.2088,194.3684,197.2088,1171143
2025-07-28,196.9839,196.9839,193.1688,193.3118,1678745
2025-07-29,192.2555,192.2555,190.1246,190.2920,1291829
2025-07-30,190.1631,190.4925,189.2594,189.2594,989049
2025-07-31,188.4788,189.2977,186.8914,186.8914,907841
2025-08-01,186.4570,186.8388,184.2686,184.2686,1853085
2025-08-04,184.1652,185.0410,181.8606,183.0472,1578414
2025-08-05,183.2720,183.7099,182.2865,183.6994,1165107
2025-08-06,183.6941,183.7751,181.9808,183.6491,725811
2025-08-07,183.7091,184.3357,182.2029,184.2795,1114124
2025-08-08,184.1256,184.4799,182.7029,182.7029,1537154
2025-08-11,183.0487,187.0982,183.0487,186.2673,1436964
2025-08-12,187.4375,191.1757,187.4375,191.1757,2176864
2025-08-13,191.0475,193.0305,190.1377,190.1377,934514
2025-08-14,190.7613,192.0799,190.7613,192.0799,1070727
2025-08-15,192.0398,192.7087,191.3351,191.3351,1050234
2025-08-18,191.6316,194.0087,190.4845,192.4251,1301875
2025-08-19,192.4161,193.4824,191.8469,192.3322,904671
2025-08-20,191.6344,191.6344,188.8130,190.3238,855394
2025-08-21,190.4657,192.8438,188.5634,192.8438,1540564
2025-08-22,192.8364,193.6959,192.8148,192.8148,565868
2025-08-25,193.5072,195.7854,192.4438,195.7854,1632929
2025-08-26,195.6017,195.7675,194.0616,195.1880,842782
2025-08-27,194.9314,195.5805,193.0770,193.6685,963600
2025-08-28,193.6559,194.5456,191.9067,193.6121,743033
2025-08-29,191.9356,191.9356,186.6850,186.6850,1739717
2025-09-01,186.3131,186.3131,181.1050,185.2447,847348
2025-09-02,186.7343,192.1808,186.7343,190.7154,1042213
2025-09-03,191.4696,194.3610,189.0560,194.3610,1088956
2025-09-04,195.4775,200.7082,195.4775,199.1539,1074812
2025-09-05,199.9658,201.6596,198.2108,201.6596,1101181
2025-09-08,202.5896,205.2081,200.7782,205.2081,935656
2025-09-09,205.0631,205.1067,200.5981,202.5228,840096
2025-09-10,203.8781,214.2472,203.8781,214.2472,1819710
2025-09-11,212.8846,212.8846,195.6853,197.0427,2591069
2025-09-12,197.2013,199.9497,196.7614,199.9497,983676
2025-09-15,197.4524,198.1900,189.6040,189.6040,2179371
2025-09-16,188.1620,188.1620,182.7758,185.2119,1581149
2025-09-17,186.3435,192.5085,184.3563,192.5085,1375451
2025-09-18,192.4217,194.1440,191.2489,191.2489,924139
2025-09-19,191.7990,197.8555,191.7990,196.8676,1395866
2025-09-22,195.5733,195.5733,192.2346,192.8233,2813892
2025-09-23,193.0223,196.2946,192.2201,193.6871,1149107
2025-09-24,193.6413,195.2140,193.1310,193.4907,874530
2025-09-25,193.6456,196.7615,193.6456,195.2583,1287382
2025-09-26,195.7104,197.1701,195.2937,197.1353,1023131
2025-09-29,197.1158,198.5035,196.7553,197.0127,766757
2025-09-30,195.8913,195.8913,193.4565,193.4565,2743671
2025-10-01,193.8164,196.7106,192.8968,194.9330,1387163
2025-10-02,195.4405,197.2750,194.1118,197.0912,1124566
2025-10-03,197.1817,197.7092,195.1699,197.7092,861134
2025-10-06,197.8322,199.3046,197.7051,198.0658,780126
2025-10-07,198.9217,201.5159,198.9217,200.6101,993954
2025-10-08,200.3284,202.0826,196.9796,196.9796,1669211
2025-10-09,197.4295,199.9355,197.4295,198.4027,1087373
2025-10-10,198.7938,200.3053,196.7532,200.3053,1484264
2025-10-13,201.1367,203.9055,200.8873,202.8851,1204326
2025-10-14,202.7813,202.9890,201.8603,201.9555,1006553
2025-10-15,202.1096,203.2271,201.6956,202.4024,1069213
2025-10-16,203.8780,206.8300,203.8780,206.8300,2288535
2025-10-17,205.8801,205.8801,202.8810,202.8810,1928399
2025-10-20,202.7762,202.7762,200.8990,201.7272,1133346
2025-10-21,201.7265,203.6331,201.7184,201.7184,499994
2025-10-22,201.7905,203.8968,201.3013,202.2123,884084
2025-10-23,202.0832,202.4351,201.7001,201.7647,1296045
2025-10-24,201.8587,202.1462,200.5366,202.1462,661550
2025-10-27,201.5672,201.7688,199.2025,200.3761,1551265
2025-10-28,200.1826,200.3473,199.0473,199.0473,1571840
2025-10-29,199.2704,200.1803,198.4904,199.6891,702527
2025-10-30,200.3019,201.6531,200.3019,201.5650,2213733
2025-10-31,201.6131,203.1961,201.5576,201.9731,724154
2025-11-03,201.6123,203.0873,199.8876,199.8876,1541844
2025-11-04,200.1740,204.4791,198.5252,204.4791,1710663
2025-11-05,204.9128,207.2686,204.9128,206.1037,1002506
2025-11-06,206.1358,206.8506,204.6073,206.3905,749795
2025-11-07,206.2819,206.5800,205.4907,205.9806,1468263
2025-11-10,206.5454,208.2215,206.5454,208.2215,1229661
2025-11-11,208.0115,208.5367,205.8669,206.9375,951508
2025-11-12,207.1051,209.4095,206.8648,207.4716,1441082
2025-11-13,207.3761,207.5624,205.6517,205.8288,1108855
2025-11-14,206.0704,207.9520,206.0704,206.7696,822940
2025-11-17,206.1970,207.1880,204.3386,204.3386,1564809
2025-11-18,204.3521,205.2888,201.8256,204.4093,785213
2025-11-19,204.7720,207.0456,204.7720,206.2811,1343388
2025-11-20,206.0815,207.2721,205.4110,205.4110,506052
2025-11-21,206.3716,208.6575,204.9352,208.6575,1394705
2025-11-24,208.1350,208.1350,204.9391,206.8273,1622767
2025-11-25,206.7792,207.3867,205.5494,206.4559,899190
2025-11-26,207.0899,209.1819,207.0899,208.7102,1219511
2025-11-27,208.6605,209.2327,206.9972,208.4969,973133
2025-11-28,208.7979,209.4547,207.3485,209.4547,731198
2025-12-01,209.3799,210.0164,209.0086,209.1329,765025
2025-12-02,208.7890,208.7890,206.2251,206.2251,879814
2025-12-03,206.4247,207.0508,205.2208,207.0508,1036108
2025-12-04,207.6810,209.7400,207.4798,209.7400,1369852
2025-12-05,209.8977,211.2405,209.2426,210.6102,1252300
2025-12-08,210.8691,211.6213,208.7657,211.4516,1102243
2025-12-09,211.9800,214.0262,211.4661,214.0262,1431959
2025-12-10,213.8118,213.8118,209.9823,209.9823,1744441
2025-12-11,209.8221,210.9105,208.8738,209.0332,1436923
2025-12-12,209.3678,212.2421,208.8633,210.1537,967356
2025-12-15,209.8478,210.9653,208.1105,208.1105,1432104
2025-12-16,208.3967,211.0310,207.8368,211.0310,1503373
2025-12-17,209.6649,209.6649,205.7528,206.5091,1573479
2025-12-18,206.1832,207.0938,203.3298,204.9164,1003845
2025-12-19,205.6297,207.7786,205.2029,207.5667,1245024
2025-12-22,207.6673,208.7320,207.1114,208.0865,885159
2025-12-23,207.8926,209.9018,207.0281,207.1413,1405719
2025-12-24,207.0027,207.7275,205.8324,205.9236,1171196
2025-12-25,206.4922,208.5339,206.3246,208.5339,954288
2025-12-26,209.6773,213.2653,209.6725,213.2653,1754459
2025-12-29,212.9358,214.7599,211.7646,212.1552,1215558
2025-12-30,211.9280,211.9280,209.7070,210.9372,1125185
2025-12-31,211.0679,211.9863,209.4284,211.6706,1084853
