ts,open,high,low,close,volume
2010-01-04,100.0698,100.5878,99.8124,100.2746,1813413
2010-01-05,100.2139,100.2139,99.6319,99.6319,1352436
2010-01-06,99.6536,100.4049,99.3848,99.7454,990248
2010-01-07,99.5336,100.1497,99.0424,99.0424,1296131
2010-01-08,99.4617,100.9482,99.4617,100.3773,1612603
2010-01-11,100.4167,100.7820,100.4105,100.5250,1088328
2010-01-12,100.5631,100.6607,99.7175,100.6607,1249431
2010-01-13,100.6868,101.2989,100.6868,100.8472,1112576
2010-01-14,100.4778,100.6331,99.5235,99.5235,1384964
2010-01-15,99.8022,100.5966,99.5117,100.3675,2799935
2010-01-18,100.2552,100.2552,98.7426,98.7426,2878970
2010-01-19,98.7339,98.9990,98.4580,98.6954,1158931
2010-01-20,98.6645,99.3115,98.4366,98.5573,1387302
2010-01-21,98.4896,98.7591,97.5585,98.2441,1012207
2010-01-22,98.2249,98.2249,97.4913,98.1887,1055188
2010-01-25,98.0622,98.1026,97.6881,97.7797,1525358
2010-01-26,97.6661,98.3136,97.3657,97.3657,1190624
2010-01-27,97.3761,97.5082,96.4613,97.5082,977934
2010-01-28,97.4455,97.5128,97.1134,97.1134,2449794
2010-01-29,97.3209,97.8023,97.2792,97.7325,1953529
2010-02-01,97.8665,98.5751,97.6710,98.5694,2630984
2010-02-02,99.0599,100.4988,98.9978,100.4988,4131883
2010-02-03,100.2956,100.5421,99.8437,99.8437,1273325
2010-02-04,99.7099,99.7099,98.3411,98.3411,2213567
2010-02-05,98.2980,98.4513,97.7758,98.1277,1365095
2010-02-08,98.2590,98.5423,97.9661,98.5423,1660884
2010-02-09,98.5479,98.6714,98.2313,98.6145,867586
2010-02-10,98.8607,99.9625,98.5535,99.8282,3642502
2010-02-11,99.6956,100.0251,99.3837,99.3837,1155862
2010-02-12,99.4390,100.0650,99.0075,100.0650,2209485
2010-02-15,100.1062,100.5850,99.7679,100.5125,867499
2010-02-16,100.5503,101.0291,99.8900,100.6790,972469
2010-02-17,100.5171,100.5171,99.1367,100.2038,1696437
2010-02-18,99.9850,99.9850,97.8773,98.2003,2236042
2010-02-19,98.1693,98.9501,98.1006,98.1006,953936
2010-02-22,97.8362,97.8362,97.0345,97.1092,2162835
2010-02-23,97.0722,97.9479,96.9371,96.9371,1014393
2010-02-24,96.6230,96.6230,95.5480,95.5480,3170989
2010-02-25,95.6888,96.9407,95.6781,96.3841,1629724
2010-02-26,96.6488,98.1654,96.1836,97.9391,2425610
2010-03-01,97.9285,98.6485,97.4799,97.8886,720029
2010-03-02,97.6817,97.8306,96.8518,96.8518,1331289
2010-03-03,96.8024,96.9151,96.4821,96.5146,1196705
2010-03-04,96.8951,97.7523,96.8951,97.7523,2218732
2010-03-05,97.8088,98.9556,97.8088,98.2836,1212644
2010-03-08,98.1701,98.1701,97.4075,97.8144,1245457
2010-03-09,97.4836,97.7848,95.9715,96.3658,1735594
2010-03-10,96.2551,96.2551,95.4666,95.6538,1775438
2010-03-11,95.7033,96.5003,95.4367,96.5003,2020971
2010-03-12,96.5041,96.7087,96.3656,96.5136,1196218
2010-03-15,96.4082,96.4082,95.8906,95.9621,1636939
2010-03-16,95.5973,95.8429,94.8523,94.8523,1487407
2010-03-17,95.1648,96.0322,94.2898,96.0322,1698997
2010-03-18,96.0952,97.1220,96.0952,97.1220,2752285
2010-03-19,97.0136,97.1267,96.1910,96.6756,1211044
2010-03-22,96.6181,96.6181,95.2582,95.7979,2172386
2010-03-23,95.5810,95.8650,94.9667,94.9863,1572561
2010-03-24,94.9069,95.3831,94.2927,94.6613,1393548
2010-03-25,94.7120,94.9608,93.7856,94.9608,841584
2010-03-26,95.0305,95.7895,94.7554,95.5715,1401883
2010-03-29,95.6621,96.8897,95.6025,96.8308,2466388
2010-03-30,97.4756,99.2274,97.4047,99.2274,3261107
2010-03-31,99.0891,99.1738,98.6528,98.7160,1545810
2010-04-01,98.5520,98.5520,96.8493,96.8493,3128007
2010-04-02,96.5869,96.9094,95.7106,95.7106,2171201
2010-04-05,95.7930,96.2596,95.6233,96.2596,1168414
2010-04-06,96.5192,97.7393,96.5192,97.7393,3009381
2010-04-07,97.8890,98.3582,97.5984,98.3582,1996730
2010-04-08,98.3124,98.3278,97.5569,98.0631,1231625
2010-04-09,98.9303,100.6484,98.9303,100.6484,1597266
2010-04-12,100.6299,100.9325,100.4110,100.4110,1450681
2010-04-13,100.2256,100.4780,99.6054,99.8372,1492742
2010-04-14,99.8997,100.0993,99.4877,100.0341,2157635
2010-04-15,100.2235,100.8134,100.0436,100.7465,2212263
2010-04-16,100.8333,101.3149,100.4551,101.2011,1403577
2010-04-19,101.3182,102.0982,100.5274,102.0982,1412190
2010-04-20,101.7514,101.7514,100.5301,100.5682,2165764
2010-04-21,100.2127,100.5015,99.4300,99.4300,1979726
2010-04-22,99.4869,100.2800,99.4869,99.8688,1080870
2010-04-23,99.9123,100.0047,98.8668,100.0047,1041512
2010-04-26,99.9474,100.2239,99.7445,99.7445,1627534
2010-04-27,99.7816,100.5049,99.5149,99.8670,1077176
2010-04-28,100.0634,101.2115,100.0634,101.2115,2847040
2010-04-29,101.1439,101.6547,100.9694,100.9694,1403369
2010-04-30,100.7033,100.7033,99.7911,100.1444,1588556
2010-05-03,100.2613,100.7984,100.2452,100.7984,1282784
2010-05-04,100.7332,100.8470,100.0899,100.2035,1392864
2010-05-05,100.2015,100.8150,99.5965,100.1861,1786132
2010-05-06,99.9998,99.9998,98.5228,98.5228,2528036
2010-05-07,98.6614,99.4830,98.6614,99.4475,1665296
2010-05-10,99.3734,99.4971,98.8145,98.8145,1116720
2010-05-11,98.5124,98.5124,96.9799,96.9799,2642356
2010-05-12,96.6737,96.6737,95.8424,95.8424,1824895
2010-05-13,96.3852,97.4332,96.1958,97.4332,3449059
2010-05-14,97.7041,98.8522,97.7041,98.6458,1270440
2010-05-17,98.6280,99.0139,98.1113,98.5936,816017
2010-05-18,98.6489,99.1855,98.6489,98.7544,1201118
2010-05-19,98.7658,99.3939,98.5254,98.7973,812497
2010-05-20,98.6759,98.7610,97.9675,98.0235,1247684
2010-05-21,98.1541,99.8453,98.1541,99.7536,1890187
2010-05-24,99.8795,100.8527,99.6033,100.8527,2262312
2010-05-25,100.9471,101.7583,100.8392,101.2354,724039
2010-05-26,101.1914,101.8019,100.7028,100.7028,1178567
2010-05-27,100.7175,101.0953,100.4737,100.7840,1265504
2010-05-28,100.6058,100.7146,99.3464,99.3464,2973508
2010-05-31,99.3352,99.4965,98.9232,99.1391,1449785
2010-06-01,99.0309,99.0309,97.4825,97.4825,2833143
2010-06-02,97.4697,97.4697,96.8654,97.4435,1099718
2010-06-03,97.0922,97.2166,95.8389,96.3299,2771907
2010-06-04,96.3852,97.6302,96.3000,96.9625,1478339
2010-06-07,96.4017,96.4017,94.6505,94.7477,2971956
2010-06-08,94.8995,96.0398,94.6800,96.0398,2459505
2010-06-09,96.1243,96.4666,95.5731,96.4666,1500017
2010-06-10,96.2245,96.2245,94.2783,94.3864,2942661
2010-06-11,94.3430,94.3430,93.8698,93.9727,915228
2010-06-14,93.9864,94.1006,93.5015,94.0217,1036353
2010-06-15,94.0541,94.5257,94.0134,94.2255,1410126
2010-06-16,94.1197,94.1197,92.6398,92.7378,1911801
2010-06-17,92.8506,93.4217,92.7014,93.2521,1093965
2010-06-18,93.2568,93.2864,92.5979,93.2864,1267967
2010-06-21,93.2259,93.2259,91.6754,92.6239,2040418
2010-06-22,92.7653,94.1435,92.7653,93.4874,1580451
2010-06-23,93.4419,93.9189,93.2096,93.2096,1455906
2010-06-24,93.1178,93.6921,92.6786,92.7026,1311838
2010-06-25,92.4853,92.4853,90.7712,90.7712,2637933
2010-06-28,90.9122,91.5507,90.9122,91.2851,988893
2010-06-29,91.4010,92.5883,91.3162,92.5883,2321436
2010-06-30,92.5432,92.9036,92.1689,92.2286,1586456
2010-07-01,92.2209,92.4723,92.0272,92.1869,769251
2010-07-02,92.4638,93.2595,92.4638,93.1741,1568745
2010-07-05,93.2555,93.6874,93.1580,93.4270,1478534
2010-07-06,93.5432,94.7146,92.6755,94.7146,1578321
2010-07-07,94.8711,96.5589,94.8711,96.1125,2383399
2010-07-08,96.2603,97.3276,96.2603,96.8320,1549387
2010-07-09,96.8364,97.4581,96.8279,96.8554,902192
2010-07-12,96.8436,97.6586,96.5267,96.8100,1030816
2010-07-13,96.7035,96.7035,95.8820,96.0646,1089847
2010-07-14,95.9365,96.2189,95.2763,95.6585,1654697
2010-07-15,95.3115,95.3115,93.9891,94.6556,1667179
2010-07-16,94.6676,94.8343,94.0386,94.8343,1128285
2010-07-19,94.9426,95.6653,94.9426,95.1519,1129475
2010-07-20,95.0122,95.8155,94.1646,94.1646,1378508
2010-07-21,94.2347,94.9134,94.1537,94.6836,1221361
2010-07-22,94.6831,94.7014,94.1266,94.6807,999029
2010-07-23,94.6510,95.1798,94.3544,94.5672,1433185
2010-07-26,94.4750,94.6811,93.8072,94.2173,1911159
2010-07-27,94.0426,94.2740,93.1196,93.1196,1625628
2010-07-28,93.1380,93.4881,92.9151,93.3045,1149309
2010-07-29,93.0616,93.0616,91.4924,91.9974,2199114
2010-07-30,91.8494,91.9193,91.1098,91.3763,1614902
2010-08-02,91.2325,91.3372,90.5289,90.9621,1102538
2010-08-03,91.0585,91.6206,90.9315,91.4487,1462420
2010-08-04,91.5046,92.6850,91.5046,92.2436,1696054
2010-08-05,92.2164,92.2164,91.7159,92.1631,1089937
2010-08-06,92.3118,92.6405,91.8471,92.5937,1136831
2010-08-09,92.3149,92.3149,91.2960,91.7150,1681485
2010-08-10,91.9182,92.6238,91.3475,92.6238,1051105
2010-08-11,92.7993,93.1577,92.0247,93.1577,1065256
2010-08-12,93.1127,93.5293,92.5036,92.5036,2330130
2010-08-13,92.4472,92.5856,91.8355,92.2511,1308877
2010-08-16,92.1619,92.3021,91.7288,91.9450,1760852
2010-08-17,92.1956,93.5396,92.1956,93.1205,2840123
2010-08-18,93.0099,93.0701,91.8917,91.8917,1681740
2010-08-19,92.0009,93.3144,92.0009,92.6378,1779342
2010-08-20,93.0260,93.8334,92.2725,93.8334,2564825
2010-08-23,93.8351,93.9091,93.1958,93.8563,674166
2010-08-24,93.8520,94.1610,93.7271,93.7901,1122442
2010-08-25,93.6321,93.6321,92.5220,92.5528,3064407
2010-08-26,92.6843,93.3739,92.3105,92.9959,809812
2010-08-27,92.8022,93.0862,91.9007,92.1461,1478257
2010-08-30,91.8558,92.0929,90.7592,91.2515,2125997
2010-08-31,90.9727,91.1166,90.1125,90.4528,2116773
2010-09-01,90.4350,90.4350,89.8725,90.3523,1123927
2010-09-02,90.5687,91.0138,90.5687,90.9789,1486246
2010-09-03,90.9260,90.9260,90.2295,90.7113,1675294
2010-09-06,90.7616,91.2141,90.7286,90.9796,830228
2010-09-07,91.0371,92.0005,90.2632,92.0005,2437918
2010-09-08,92.0782,93.0859,91.9120,92.9090,1507915
2010-09-09,92.6896,92.7940,91.6979,92.1389,2527756
2010-09-10,92.3058,93.4256,91.9222,92.7344,1118933
2010-09-13,93.3217,94.6390,93.3217,94.4791,2579859
2010-09-14,94.5451,95.6957,94.2449,95.6957,2325363
2010-09-15,95.7842,97.1589,95.7842,97.1589,2207375
2010-09-16,97.2506,98.2730,97.2506,97.6190,1561943
2010-09-17,97.5216,97.6852,97.0369,97.0505,1123325
2010-09-20,96.9571,97.3631,95.7102,96.0592,2279393
2010-09-21,96.2684,96.8513,96.0178,96.8513,2296666
2010-09-22,96.4546,96.4546,95.4076,95.6364,2102761
2010-09-23,95.8392,96.5105,95.8392,96.5105,2048918
2010-09-24,96.4688,96.4688,94.8185,95.8892,1657485
2010-09-27,96.0432,97.1826,96.0432,96.8131,2358787
2010-09-28,96.9766,98.2543,96.9766,98.1736,1899846
2010-09-29,98.3090,98.6664,97.6206,98.6664,798154
2010-09-30,98.7066,99.3692,98.6449,99.0979,1622137
2010-10-01,99.2025,99.5896,98.4991,99.5896,1223066
2010-10-04,99.7170,100.1210,98.7966,100.1210,1369760
2010-10-05,100.6210,101.5820,100.3956,101.5820,2238924
2010-10-06,101.6011,102.1295,101.4097,101.9231,1052609
2010-10-07,101.9923,102.2207,101.1753,102.2207,1221899
2010-10-08,102.3280,103.0917,102.3280,102.7391,1346770
2010-10-11,102.8857,103.2610,102.4875,103.2474,959592
2010-10-12,103.3216,104.4091,103.3216,103.8033,1467837
2010-10-13,103.7020,103.7020,102.9263,103.2674,817708
2010-10-14,103.3922,104.4910,103.3176,104.4200,2815537
2010-10-15,104.2573,104.2573,103.6376,103.6376,1860924
2010-10-18,103.7994,104.8764,103.7994,104.7848,1851387
2010-10-19,104.9867,106.4760,104.5849,106.2628,2340747
2010-10-20,106.0971,106.2793,105.0147,105.0147,1710571
2010-10-21,105.1690,106.5547,104.9963,106.5184,1823687
2010-10-22,106.8510,108.6765,106.6844,108.4830,3105237
2010-10-25,108.0010,108.7694,106.7971,106.7971,1466330
2010-10-26,107.0802,108.4967,107.0802,108.4620,1680378
2010-10-27,108.4916,109.2494,108.2476,108.5974,1088219
2010-10-28,108.5523,108.7877,108.1536,108.4028,965426
2010-10-29,108.6130,110.2919,108.6130,109.8064,1813229
2010-11-01,109.6312,109.6312,108.2275,108.5351,2602948
2010-11-02,108.1575,108.1575,106.5284,106.9457,2936086
2010-11-03,107.1127,107.5876,106.9800,107.5262,1495452
2010-11-04,107.5905,107.9795,106.9431,107.9795,1390223
2010-11-05,107.9406,108.4371,107.1950,107.5495,1404231
2010-11-08,107.8472,108.7148,107.8472,108.6911,2218365
2010-11-09,108.9514,109.7817,108.9514,109.7817,1820718
2010-11-10,109.6705,109.7126,108.5176,108.8502,1505551
2010-11-11,108.8063,108.8063,107.9769,108.2534,1622140
2010-11-12,108.0830,108.2691,106.8707,106.8707,2644964
2010-11-15,107.3782,108.5786,107.3782,108.3370,1752311
2010-11-16,108.9590,111.2685,108.8638,110.8464,3590696
2010-11-17,111.1390,112.3280,110.5116,112.0690,1315719
2010-11-18,112.1150,113.3783,112.0683,112.5031,2233633
2010-11-19,112.4382,112.4382,111.9144,112.1804,692466
2010-11-22,112.1673,112.3417,111.6265,111.9406,1221781
2010-11-23,112.1623,113.7011,112.1623,113.7011,2475361
2010-11-24,113.3313,113.3313,112.2259,112.3215,1619080
2010-11-25,112.4416,113.4510,112.4416,113.4032,1867391
2010-11-26,113.9590,115.2726,113.9170,115.2726,1661798
2010-11-29,115.3307,116.6474,115.3307,116.2825,1558255
2010-11-30,116.0393,116.0393,115.0402,115.2376,2324466
2010-12-01,115.4013,116.6000,115.4013,115.7446,2277927
2010-12-02,115.7576,116.7499,115.7576,115.8084,1496346
2010-12-03,115.6513,115.6513,114.6355,115.3511,1734850
2010-12-06,115.0047,115.0047,114.2989,114.3017,1765973
2010-12-07,114.3811,114.9946,113.2442,114.9038,1496504
2010-12-08,114.6231,114.9904,113.9773,113.9773,1938972
2010-12-09,113.6818,113.6818,113.0575,113.0575,1793405
2010-12-10,113.1477,113.8860,112.7130,113.6216,1428210
2010-12-13,113.5958,114.1234,113.2653,113.2653,1422019
2010-12-14,113.1883,113.1883,112.3420,112.9040,1262379
2010-12-15,112.8680,113.7900,112.6848,112.7551,1361143
2010-12-16,112.8430,113.7977,112.8430,113.6972,2165550
2010-12-17,113.2005,113.3106,110.6694,110.6694,3402667
2010-12-20,111.0741,111.8490,111.0365,111.8490,2026834
2010-12-21,111.7771,112.5081,111.0239,111.4703,1502566
2010-12-22,111.3519,111.9883,110.7871,110.7871,1108809
2010-12-23,110.5106,110.5106,109.1191,109.1191,2175530
2010-12-24,108.9945,108.9945,107.8028,108.3498,1238001
2010-12-27,108.4180,108.7998,108.0381,108.7998,1041249
2010-12-28,108.8234,109.6803,108.8234,109.2105,1050176
2010-12-29,109.4299,110.6098,109.4299,110.4447,1993702
2010-12-30,110.1817,110.3347,109.4456,109.4456,1481255
2010-12-31,109.4704,109.7010,108.8374,109.5636,1167202
2011-01-03,109.5854,109.7807,109.0763,109.7086,1125579
2011-01-04,109.6841,110.8110,109.6020,109.6020,1044567
2011-01-05,109.2153,109.6042,108.2118,108.2118,3363313
2011-01-06,108.1182,109.2517,107.4419,107.4419,1733818
2011-01-07,107.4922,108.1653,107.4922,107.7125,1028811
2011-01-10,107.9532,109.4820,107.9532,109.4820,3135915
2011-01-11,109.4650,109.6646,109.0340,109.2923,1898467
2011-01-12,109.2386,109.7858,108.8550,109.0675,1005255
2011-01-13,108.9593,109.1724,108.4900,108.5734,1151883
2011-01-14,109.2581,111.0691,109.2581,111.0691,4421517
2011-01-17,111.3642,112.2526,111.3642,112.1764,1625859
2011-01-18,112.4313,113.9009,112.3977,113.9009,2176553
2011-01-19,114.0937,115.3735,114.0937,115.3735,1444309
2011-01-20,115.2815,115.2815,114.0952,114.6451,1436469
2011-01-21,114.0413,114.2739,112.8329,112.8329,2682424
2011-01-24,112.8015,113.3169,112.7343,112.7343,1225869
2011-01-25,112.7185,112.7330,112.3041,112.5307,697188
2011-01-26,112.3746,112.3746,111.4783,112.0220,1209445
2011-01-27,111.8911,112.4137,111.4647,111.6352,1717828
2011-01-28,112.1401,113.6475,112.0501,113.6475,3070036
2011-01-31,113.7112,114.2690,113.6303,114.0180,1451839
2011-02-01,113.7764,114.5420,113.1553,113.1553,2582061
2011-02-02,113.5384,114.7142,113.5384,114.7142,2669566
2011-02-03,114.6886,115.2388,114.4743,114.5781,1304587
2011-02-04,114.6825,115.9726,114.6825,115.6654,2250569
2011-02-07,115.6256,115.9918,114.9355,114.9355,797500
2011-02-08,115.0279,115.8527,114.6724,115.8527,2416205
2011-02-09,115.9682,116.3895,115.7284,116.3895,1489672
2011-02-10,116.2496,116.2496,114.3392,114.6303,3800019
2011-02-11,114.7466,115.4447,114.7466,115.3117,1723931
2011-02-14,115.3580,115.8662,115.0882,115.7806,1923078
2011-02-15,116.0807,117.3191,115.3435,117.3191,2331998
2011-02-16,117.9700,119.3081,117.4962,119.3081,2464036
2011-02-17,119.6159,120.8263,118.2571,120.8263,1565630
2011-02-18,120.5716,120.9874,118.2705,119.2661,2546425
2011-02-21,119.3028,120.8137,118.8482,119.4567,916209
2011-02-22,120.6539,123.2644,120.6539,123.2644,1896880
2011-02-23,123.3374,124.8061,122.8148,123.8010,1970991
2011-02-24,123.4476,123.4476,121.6805,122.4945,1610342
2011-02-25,122.1148,123.2254,121.3626,121.3626,1844884
2011-02-28,121.1954,121.8603,120.4285,120.5024,2547443
2011-03-01,121.2931,123.0794,121.2931,123.0794,3911388
2011-03-02,122.9476,123.3803,122.4486,122.4486,2097583
2011-03-03,122.5534,123.5112,121.9756,123.5112,1559055
2011-03-04,123.5907,125.0680,122.8905,124.6782,2052155
2011-03-07,125.5181,127.4477,125.5181,127.4477,2042476
2011-03-08,127.5029,127.7131,127.1039,127.7131,1054578
2011-03-09,127.2226,127.9921,125.9887,125.9887,3115678
2011-03-10,125.7601,125.8418,124.6908,124.8131,2420706
2011-03-11,125.0348,126.0700,124.8397,126.0700,1662408
2011-03-14,125.9390,125.9390,125.4487,125.6119,1926450
2011-03-15,125.4420,125.9938,124.4205,124.4865,1704971
2011-03-16,124.5344,125.0598,123.8500,125.0598,1662852
2011-03-17,125.2458,125.7762,124.5965,125.7762,1658005
2011-03-18,125.8276,126.2843,125.4002,125.9400,1330117
2011-03-21,125.2557,125.6366,122.8384,123.6007,3458822
2011-03-22,123.5774,123.6351,122.6135,123.1919,1302942
2011-03-23,123.3527,124.2021,123.1410,124.2021,2375252
2011-03-24,124.0248,124.0248,122.3154,122.3154,2349061
2011-03-25,122.2362,122.2362,121.1865,121.7656,2000215
2011-03-28,121.9582,122.8419,121.6736,122.8419,1972465
2011-03-29,122.6111,122.7580,121.4359,121.4359,1801745
2011-03-30,121.4262,121.4262,120.3584,121.3863,934029
2011-03-31,121.5559,122.3899,121.3319,122.2146,1783952
2011-04-01,122.2323,122.3346,121.6647,122.3346,945096
2011-04-04,122.6610,125.0140,122.6610,125.0140,2432778
2011-04-05,125.0807,126.0150,125.0807,126.0150,2774262
2011-04-06,126.8083,128.8614,126.8083,128.4785,2262155
2011-04-07,128.6155,129.3938,128.1065,129.3938,2102703
2011-04-08,129.7979,130.6492,129.3773,130.6492,1500100
2011-04-11,130.6703,131.8405,130.5649,130.8352,1014059
2011-04-12,130.7218,131.7224,130.2344,130.2344,1600620
2011-04-13,130.6577,131.5897,130.6577,131.5897,3900555
2011-04-14,131.5064,131.5822,131.0229,131.2227,1270649
2011-04-15,130.9789,131.9095,130.0647,130.0647,2304650
2011-04-18,129.6617,129.6617,127.6278,127.6278,2655438
2011-04-19,127.7634,128.7820,127.7634,128.5131,2378356
2011-04-20,128.7451,130.4248,128.7451,129.6027,2761533
2011-04-21,129.6982,129.9554,129.2129,129.8803,1086593
2011-04-22,129.6893,130.0162,128.6444,128.6444,1785347
2011-04-25,128.6331,129.0246,128.1392,128.5381,1293297
2011-04-26,128.6079,129.4823,128.4843,128.9069,1461298
2011-04-27,128.7977,128.7977,127.6366,128.5484,1182080
2011-04-28,128.8236,129.9238,128.4697,129.9238,2147016
2011-04-29,129.9725,130.4981,129.2807,130.4981,1411920
2011-05-02,130.3611,130.4731,129.5152,129.5152,1863421
2011-05-03,129.0269,129.0269,127.6055,127.6055,2585506
2011-05-04,127.5088,128.3657,126.7426,126.7426,1695733
2011-05-05,126.6571,127.0949,126.2157,126.2958,1517733
2011-05-06,126.3542,127.2605,126.1545,127.2605,1769097
2011-05-09,127.1566,127.7152,126.0426,126.2179,2376817
2011-05-10,126.2320,126.8703,126.2187,126.3051,1609780
2011-05-11,126.2519,127.0477,126.0058,126.0058,1231992
2011-05-12,125.5673,125.6009,124.3686,124.3686,2708722
2011-05-13,124.2529,125.7100,123.9891,123.9891,961153
2011-05-16,124.0342,124.1650,122.8664,124.1650,1205227
2011-05-17,123.8132,124.6394,122.6036,122.6036,2142853
2011-05-18,122.6478,123.6882,122.6478,123.0385,1647320
2011-05-19,123.1124,123.8824,122.9728,123.2660,1573830
2011-05-20,123.4754,124.9753,123.4512,124.1417,1969662
2011-05-23,124.9443,126.5929,124.8929,126.5929,4610459
2011-05-24,126.8317,127.6223,126.0928,127.6223,1654000
2011-05-25,127.7144,128.7552,127.7144,128.1342,1288278
2011-05-26,127.9430,127.9430,127.4941,127.4941,1780163
2011-05-27,127.5450,128.1989,126.8443,127.9005,1394662
2011-05-30,127.9773,129.2461,127.9395,128.6287,1395983
2011-05-31,128.4699,129.0898,127.4460,127.5654,2086112
2011-06-01,128.0909,129.6729,128.0909,129.3064,1929323
2011-06-02,129.5650,131.0690,129.1426,130.3302,1592597
2011-06-03,130.3073,131.1568,130.1892,130.1892,1249946
2011-06-06,130.3862,132.5489,130.3862,132.3596,2194009
2011-06-07,132.6439,135.1906,132.6439,135.1520,3007752
2011-06-08,135.1005,135.1005,134.3531,134.5874,1208221
2011-06-09,134.5824,135.4320,134.2307,134.5555,1657945
2011-06-10,134.5333,135.1575,133.9127,134.3663,1848851
2011-06-13,134.0268,134.2014,132.5749,132.5749,1948667
2011-06-14,132.6261,134.1013,132.6261,133.5628,1699227
2011-06-15,133.2828,133.9448,132.3344,132.3344,1074106
2011-06-16,132.2228,134.5254,130.8499,130.8499,1611186
2011-06-17,130.0393,130.3056,124.9390,124.9390,1890271
2011-06-20,123.7770,124.8567,121.2350,121.2350,2470670
2011-06-21,122.1975,126.0674,122.1975,124.4714,1766316
2011-06-22,123.7486,123.7486,120.7019,121.7804,2997919
2011-06-23,121.3731,122.3779,116.8774,116.8774,3029329
2011-06-24,116.5808,117.3370,114.1298,115.5972,1667512
2011-06-27,115.6790,118.6252,114.5745,116.4313,2137720
2011-06-28,116.1657,116.5348,111.8314,112.2528,3153782
2011-06-29,112.4555,113.9438,112.2000,113.0339,1839985
2011-06-30,112.7186,112.7186,109.3728,109.3728,1966054
2011-07-01,109.1669,110.4441,108.0447,108.0447,1396862
2011-07-04,107.5279,108.8450,106.2350,106.2350,2328606
2011-07-05,106.4163,108.4126,105.4484,107.1192,2344200
2011-07-06,107.2251,109.0668,106.2477,107.8065,795871
2011-07-07,108.1166,108.9118,106.1983,108.9118,1703636
2011-07-08,109.9050,112.3585,109.3936,112.3585,2638717
2011-07-11,112.2629,112.7120,108.8492,111.8260,1097007
2011-07-12,111.7879,113.5984,111.6595,111.6595,1362732
2011-07-13,111.2466,111.2466,104.8809,107.2855,2527580
2011-07-14,107.4075,109.3240,106.9568,108.2950,2197553
2011-07-15,108.3275,109.1065,108.3275,108.5746,1136195
2011-07-18,108.8622,110.2514,108.8622,109.4065,1733562
2011-07-19,109.4605,109.9656,109.1301,109.9656,1512973
2011-07-20,109.9653,110.2944,109.8829,109.9645,722179
2011-07-21,110.0535,111.5339,110.0535,110.6462,1757255
2011-07-22,110.8398,111.6722,110.3112,111.3964,1527496
2011-07-25,111.7543,113.4036,111.3273,113.4036,2005018
2011-07-26,113.2455,113.4588,112.8259,112.8259,1526183
2011-07-27,112.5569,112.5569,111.2584,111.8676,1656917
2011-07-28,111.5591,111.7702,110.3917,110.7496,1553231
2011-07-29,110.7268,111.0940,110.5673,110.5673,1532871
2011-08-01,110.5117,110.6166,109.6565,109.6565,2053297
2011-08-02,109.5062,109.5062,108.4575,108.7423,1794254
2011-08-03,108.6636,109.3652,107.9106,108.1546,2765238
2011-08-04,108.1070,108.2147,107.3102,107.9879,1163118
2011-08-05,107.8470,107.8470,106.5065,106.5065,1799475
2011-08-08,106.2607,106.2607,105.3113,105.5094,2603974
2011-08-09,105.6851,107.7196,105.6851,106.8178,1952911
2011-08-10,106.3867,106.7781,105.4505,105.4962,3675110
2011-08-11,105.0435,105.0435,103.2851,103.2851,2613319
2011-08-12,103.2729,103.6251,102.6383,103.0809,1537404
2011-08-15,103.0077,103.1795,102.3882,102.7829,1419261
2011-08-16,102.6080,102.6080,100.6769,100.6769,2211443
2011-08-17,100.5337,101.0381,100.1638,100.2119,1770129
2011-08-18,100.2892,101.2816,100.2892,100.7762,1504944
2011-08-19,100.8629,101.6150,100.5314,101.1903,1610307
2011-08-22,101.1712,101.2379,100.7014,101.0504,896124
2011-08-23,101.1080,101.6783,100.6425,101.6783,2260662
2011-08-24,101.6514,101.6900,101.1902,101.4749,937638
2011-08-25,101.4444,101.5056,101.1668,101.2777,1396800
2011-08-26,101.3093,102.1611,100.8562,101.4023,1308497
2011-08-29,101.5647,101.9246,101.2626,101.9246,1654086
2011-08-30,101.8662,102.0095,101.1490,101.3739,1637875
2011-08-31,101.3306,101.8746,100.4013,101.2400,1068463
2011-09-01,101.3108,101.9226,101.0809,101.9226,1463996
2011-09-02,101.9583,102.3000,101.8136,102.0770,1444692
2011-09-05,102.6517,104.1156,102.6468,104.0855,1930296
2011-09-06,104.2050,105.1440,103.2401,104.8141,1548349
2011-09-07,104.8738,105.9755,104.8738,105.0263,1720655
2011-09-08,105.1261,105.3754,104.4282,105.3754,878514
2011-09-09,105.1410,105.4026,104.6637,104.6637,1720282
2011-09-12,104.5854,104.5854,103.6879,104.0169,1501424
2011-09-13,103.9491,103.9491,102.4485,103.6055,1215307
2011-09-14,103.8717,105.6313,103.8717,105.6313,1929348
2011-09-15,105.5431,106.0957,104.9969,105.2680,1079161
2011-09-16,105.2363,105.8047,105.0071,105.0796,1311111
2011-09-19,104.8883,104.8883,104.0336,104.4319,1557957
2011-09-20,104.6935,106.5879,104.6935,105.4704,1235390
2011-09-21,105.3461,105.3461,104.0790,105.0134,1511049
2011-09-22,105.0402,105.4366,104.1192,105.3608,1435566
2011-09-23,104.8194,104.8194,103.2217,103.8040,2156551
2011-09-26,103.8343,104.1569,103.8343,104.0890,1330989
2011-09-27,104.1079,104.1785,103.3465,104.1785,1925703
2011-09-28,104.2509,105.2733,104.0529,105.0619,2244647
2011-09-29,105.2288,105.6458,104.9198,105.6458,1570540
2011-09-30,105.5672,105.5672,104.6472,105.3403,1448022
2011-10-03,105.2090,105.4521,104.6643,104.6984,1197060
2011-10-04,105.2884,106.5080,105.1168,106.5080,3619812
2011-10-05,106.0350,106.0350,104.4676,104.4676,3603189
2011-10-06,104.4524,104.9704,104.1343,104.2635,1170294
2011-10-07,104.3242,104.9216,104.3066,104.7562,1084082
2011-10-10,105.0768,106.4168,105.0768,106.4168,4376208
2011-10-11,106.3514,106.5478,106.0196,106.0558,1290374
2011-10-12,106.1420,107.1154,106.0867,106.6513,1176955
2011-10-13,106.5930,106.5930,105.8587,106.4193,1154893
2011-10-14,106.7426,107.5853,106.6779,107.4437,1410583
2011-10-17,107.1615,107.1615,106.5271,106.5271,1334531
2011-10-18,106.6054,107.2087,106.1535,106.8244,1319983
2011-10-19,106.8030,107.5066,106.7471,106.7471,1349451
2011-10-20,106.8306,107.4570,106.3200,107.4333,1437736
2011-10-21,107.3630,107.3630,106.2401,107.1832,1014379
2011-10-24,106.9848,106.9848,106.3340,106.3340,1776485
2011-10-25,106.3734,106.7994,106.3256,106.7994,999583
2011-10-26,107.2089,108.7465,107.2089,108.3320,2607432
2011-10-27,108.7687,110.5298,108.7687,109.8480,1805850
2011-10-28,110.0339,110.8323,110.0339,110.5888,1076262
2011-10-31,110.7788,111.4026,110.2159,111.1993,2334738
2011-11-01,111.0981,111.6589,110.0303,110.0960,2114857
2011-11-02,110.2189,110.6357,109.5056,110.6357,1541669
2011-11-03,110.5309,110.5631,109.8826,110.1087,1044943
2011-11-04,109.8357,109.8357,108.9262,109.0086,1525188
2011-11-07,109.0183,109.4047,108.6489,109.0756,1906758
2011-11-08,109.0578,109.3503,108.8661,108.8661,914606
2011-11-09,108.7097,109.0651,108.3864,108.3864,1650195
2011-11-10,108.4674,109.2245,107.9590,109.2245,2011275
2011-11-11,109.1948,109.7621,109.0111,109.0111,718575
2011-11-14,108.9605,108.9605,107.9652,108.0147,2446149
2011-11-15,108.0159,108.2864,107.9617,108.0355,1184145
2011-11-16,108.3093,109.5620,107.9100,109.3766,2198756
2011-11-17,109.5578,110.5419,109.4858,110.5419,1457675
2011-11-18,110.5896,111.2080,110.4647,110.8375,1121648
2011-11-21,110.7084,110.7084,109.5323,109.8269,2256516
2011-11-22,109.5835,109.5835,107.7103,108.5782,2134239
2011-11-23,108.2039,108.2039,106.6876,106.7307,2108216
2011-11-24,106.8882,107.2038,106.4868,107.2038,1916597
2011-11-25,107.2661,108.2100,107.1262,108.2100,1641835
2011-11-28,108.4324,110.4077,108.4324,110.4077,2520500
2011-11-29,111.2250,113.0528,111.2250,113.0528,3442882
2011-11-30,113.0769,114.1012,113.0769,113.4444,1037275
2011-12-01,113.5951,114.7865,113.3469,114.7865,2327912
2011-12-02,114.8485,115.7951,114.7245,115.7951,1746587
2011-12-05,116.0482,117.2496,116.0327,116.7021,1969436
2011-12-06,117.0860,117.8870,117.0860,117.8870,1942175
2011-12-07,117.8573,117.8573,117.0913,117.5846,1917067
2011-12-08,117.6280,118.0704,116.7738,118.0704,1041281
2011-12-09,118.0706,118.0710,117.5651,118.0710,940624
2011-12-12,118.2865,119.5532,118.2488,119.5532,2183129
2011-12-13,119.3750,119.7945,118.8985,119.0425,1183727
2011-12-14,119.1528,120.2637,119.1459,119.5948,1118072
2011-12-15,119.8143,121.4199,119.2295,121.0662,1660907
2011-12-16,121.0822,121.3515,120.4019,121.2158,889216
2011-12-19,121.3528,121.9930,121.1296,121.6480,865169
2011-12-20,121.5070,121.5607,119.9854,120.2745,1725224
2011-12-21,120.0027,120.0027,118.7683,119.1748,2666362
2011-12-22,119.2793,120.4827,118.7071,119.6721,1215601
2011-12-23,119.6755,120.0296,118.9880,119.6838,1010594
2011-12-26,119.8018,120.8095,118.9791,120.8095,1937101
2011-12-27,120.0611,120.2480,118.5742,118.5742,3254569
2011-12-28,118.4199,118.9157,117.7239,117.8411,1278458
2011-12-29,118.2492,119.3924,118.0928,119.3924,1735219
2011-12-30,119.6913,121.0004,119.6913,120.5749,1195186
2012-01-02,120.2889,120.2889,118.7186,118.7186,1881723
2012-01-03,118.7033,119.0378,118.1845,118.6268,998966
2012-01-04,118.6699,119.3615,118.0539,119.1228,1427923
2012-01-05,119.1386,120.1786,119.1386,119.2002,942528
2012-01-06,119.6000,121.1530,119.6000,120.6234,1991566
2012-01-09,120.8197,122.2412,120.8197,121.5586,1561656
2012-01-10,121.1830,121.1830,119.7070,120.2371,2154948
2012-01-11,119.7593,119.7593,118.2703,118.7089,1909330
2012-01-12,118.7347,119.0990,118.2026,118.8015,1300461
2012-01-13,119.1942,120.0785,118.5903,120.0000,2325981
2012-01-16,119.7719,119.7719,118.2927,118.8720,3395187
2012-01-17,118.8105,119.2163,118.2265,118.2265,1045038
2012-01-18,118.2078,118.2545,117.7401,118.1097,811691
2012-01-19,118.3687,120.5690,118.1900,120.5690,2009129
2012-01-20,120.4300,120.5790,119.6692,119.6692,1676414
2012-01-23,119.1776,119.1776,117.3781,117.5839,2249608
2012-01-24,117.5155,117.5155,116.4723,116.9001,1836996
2012-01-25,116.9810,117.3399,116.2785,117.3399,929699
2012-01-26,117.2448,118.4681,117.0252,117.0252,2677386
2012-01-27,117.2175,118.1716,116.9468,117.9536,1532855
2012-01-30,117.9453,118.1149,116.7599,117.9076,1039855
2012-01-31,118.6580,120.6194,118.6580,120.4542,3620774
2012-02-01,120.6820,121.4079,120.6820,121.4079,1863331
2012-02-02,121.3799,122.3394,121.2036,121.2036,1200370
2012-02-03,121.1441,121.1825,120.4349,120.8874,1381167
2012-02-06,120.4858,120.8215,119.6374,119.6374,1757136
2012-02-07,119.9027,120.8871,119.9027,120.8524,1395190
2012-02-08,120.9174,121.6180,120.3220,121.4983,1538040
2012-02-09,121.5801,121.9517,120.9445,121.9517,1069001
2012-02-10,121.8018,122.2651,121.4334,121.4968,1191050
2012-02-13,121.4636,121.5985,121.0782,121.1288,1857705
2012-02-14,120.8399,120.8399,119.9305,120.1562,1872959
2012-02-15,120.3140,122.1817,120.3140,121.6051,3549996
2012-02-16,121.6525,122.7282,121.6357,121.8211,1421933
2012-02-17,122.0023,123.0504,122.0023,122.6989,1604167
2012-02-20,122.6255,123.5489,122.3056,122.4261,1411540
2012-02-21,122.7195,124.5939,122.7195,123.5419,1888968
2012-02-22,123.5969,124.0748,122.7569,124.0748,1823867
2012-02-23,123.9247,123.9247,121.9272,121.9272,2365259
2012-02-24,121.9869,123.3662,121.9869,122.1898,915923
2012-02-27,121.4905,121.7429,119.7928,119.8847,2330488
2012-02-28,119.4648,119.5286,117.4298,117.4298,3465145
2012-02-29,117.7856,118.8517,117.0288,118.8517,3102979
2012-03-01,118.8953,120.0275,118.8953,119.7275,2314549
2012-03-02,119.6985,119.8726,119.2432,119.4527,829809
2012-03-05,119.3813,119.7980,119.1509,119.2261,1750288
2012-03-06,119.2042,119.5577,118.8791,119.1545,1010901
2012-03-07,119.1446,119.3624,118.8125,119.1199,613517
2012-03-08,119.0952,119.6952,118.9784,118.9917,1265398
2012-03-09,119.6776,121.1126,118.9779,121.1126,2831879
2012-03-12,121.1066,121.4620,120.6165,121.0645,1111613
2012-03-13,121.5902,123.0767,121.4313,123.0432,2334688
2012-03-14,123.2513,124.0037,123.2513,123.9757,1347737
2012-03-15,124.2895,126.0617,124.2895,125.7361,2489566
2012-03-16,125.9009,127.4184,125.9009,127.4184,1323581
2012-03-19,127.3214,128.2142,126.4146,127.1238,1249094
2012-03-20,127.0993,127.5577,126.8448,126.8448,2026404
2012-03-21,127.1134,128.6443,127.1134,128.1790,1531545
2012-03-22,128.5344,129.9316,128.5344,129.8271,1720976
2012-03-23,129.9364,130.1414,129.6371,130.1414,1243586
2012-03-26,130.0062,131.5854,129.5330,129.5330,1255604
2012-03-27,129.7291,130.8788,128.9349,130.8511,1351593
2012-03-28,131.0134,132.3666,130.1963,131.4508,1147257
2012-03-29,131.2395,132.1284,128.9860,130.3920,1330781
2012-03-30,129.8452,129.8452,126.1775,127.5743,2409553
2012-04-02,127.5518,128.1693,125.8777,127.4327,1644209
2012-04-03,127.2382,127.2382,124.8690,125.3693,871717
2012-04-04,125.6966,127.4049,124.6379,127.4049,1215970
2012-04-05,127.1167,127.2118,125.1559,126.5263,1412582
2012-04-06,126.7599,128.4883,126.4178,128.1102,1090165
2012-04-09,128.6414,131.3294,127.4844,131.2014,1783828
2012-04-10,131.5942,132.8523,130.7872,132.8523,1788731
2012-04-11,132.0006,132.2252,128.7262,129.2718,1994679
2012-04-12,126.8025,126.8025,121.2791,121.2791,4331108
2012-04-13,121.2305,121.8832,119.0628,120.8411,1046613
2012-04-16,120.5831,120.5831,115.1596,116.0548,3258486
2012-04-17,116.1172,116.8656,114.9751,116.3427,1158489
2012-04-18,116.1580,116.1580,112.8296,113.2721,1826280
2012-04-19,113.7300,116.5022,113.7037,116.5022,2240151
2012-04-20,115.9431,115.9431,113.2084,113.4068,2841617
2012-04-23,113.5345,113.9434,111.1558,113.9434,1776702
2012-04-24,113.8729,115.0985,112.6902,113.1431,1513297
2012-04-25,112.7080,112.7080,110.6217,110.6619,2334472
2012-04-26,110.6476,110.6476,107.5128,110.5178,659565
2012-04-27,110.0512,110.0512,108.5126,108.5126,1801357
2012-04-30,108.5937,109.6123,107.7428,109.5976,1556601
2012-05-01,109.5337,111.1695,109.2503,109.2503,1682855
2012-05-02,109.2848,110.4818,108.1754,109.4863,1135341
2012-05-03,109.5788,110.3736,108.3884,109.8885,1128981
2012-05-04,109.3508,109.4490,107.7680,108.1008,1850717
2012-05-07,108.4245,109.7066,108.4245,109.2919,1668281
2012-05-08,109.3598,110.0319,108.8838,109.4982,998969
2012-05-09,109.5012,109.6009,108.9915,109.5082,1763146
2012-05-10,108.7585,108.7585,107.0587,107.0587,2436936
2012-05-11,107.1536,108.2105,106.9760,107.3329,1268706
2012-05-14,107.3975,108.9005,107.0944,107.8400,1638598
2012-05-15,107.9558,109.1257,107.8828,109.1257,1875812
2012-05-16,109.2270,110.1094,108.4165,109.9920,1290393
2012-05-17,109.7727,110.0899,109.3374,109.3374,1554548
2012-05-18,109.1961,109.3997,108.7386,108.9324,1367493
2012-05-21,108.8917,109.0167,108.6703,108.7068,1576014
2012-05-22,109.1737,110.8581,109.1737,110.8581,2967781
2012-05-23,111.2617,112.7458,111.1451,112.5788,2664543
2012-05-24,112.7534,113.1233,112.2714,113.1233,1636270
2012-05-25,113.0536,113.0536,111.9411,112.1000,1570509
2012-05-28,112.0906,112.5341,111.8174,111.9623,1816164
2012-05-29,111.6537,111.6537,110.9039,111.0632,1169836
2012-05-30,111.1821,111.6218,110.1339,111.4673,1404659
2012-05-31,111.1659,111.4334,109.5289,109.5466,3070674
2012-06-01,109.5372,110.0426,109.4011,109.4973,1825738
2012-06-04,109.3521,109.3521,108.3980,108.6402,2197911
2012-06-05,108.8425,109.3606,108.6842,109.2916,1536522
2012-06-06,109.1681,109.4277,108.7334,108.8827,1967707
2012-06-07,109.2360,110.2916,109.2360,110.2916,2338041
2012-06-08,110.1964,110.1964,108.8885,109.7932,1262175
2012-06-11,109.2516,109.8269,108.0012,108.0889,2210036
2012-06-12,108.2143,109.0145,107.2996,109.0145,2614554
2012-06-13,109.0562,109.4045,108.7541,109.2768,1164583
2012-06-14,109.1173,109.1173,108.2650,108.3755,1532224
2012-06-15,108.4845,110.3169,108.4845,109.6499,1711797
2012-06-18,109.6605,110.6450,109.2175,109.7805,850593
2012-06-19,109.4954,110.3383,108.4232,108.4232,3196283
2012-06-20,108.5346,109.2543,108.4246,109.2424,1398660
2012-06-21,109.0576,109.1582,107.4291,107.8882,1697766
2012-06-22,107.8563,108.8758,107.7674,107.7674,1000914
2012-06-25,107.6980,108.1384,107.2863,107.4403,1147540
2012-06-26,107.3912,108.1317,107.1194,107.1566,1101292
2012-06-27,107.1125,107.1125,106.1023,106.4780,2046363
2012-06-28,106.2720,106.4846,105.0270,105.3870,1904075
2012-06-29,105.2744,105.5493,104.4416,104.6934,1655909
2012-07-02,104.8155,105.3358,104.4168,105.1238,1379023
2012-07-03,105.0224,105.0224,103.1100,104.0432,1840115
2012-07-04,104.2327,104.7182,104.0612,104.6099,1361405
2012-07-05,104.7362,105.1504,104.3222,105.1102,1788049
2012-07-06,105.3107,108.0051,105.3107,106.5768,1931310
2012-07-09,106.6245,106.8741,105.6075,106.8741,1091962
2012-07-10,106.5555,106.5555,103.6770,105.5609,1929437
2012-07-11,105.5197,106.9456,105.3437,105.3437,667396
2012-07-12,105.0266,105.0266,102.3205,102.3205,2086872
2012-07-13,102.3622,103.1463,101.8717,103.1463,1809543
2012-07-16,103.2066,103.6988,102.7815,103.4212,820899
2012-07-17,103.4556,103.8779,103.0582,103.5808,1245840
2012-07-18,103.3757,103.7711,102.8599,102.9292,1141971
2012-07-19,102.9958,103.8944,102.9958,103.6513,1923671
2012-07-20,103.5081,103.5081,102.4611,102.6084,1581140
2012-07-23,102.7487,103.6844,102.6569,103.2253,1373457
2012-07-24,103.3474,104.5341,103.0429,103.7079,1221580
2012-07-25,103.6595,103.9530,103.1864,103.1864,1700784
2012-07-26,103.1671,103.4392,102.8412,102.8545,1773063
2012-07-27,102.8682,103.0498,102.5708,103.0498,1159220
2012-07-30,103.0653,104.3794,103.0653,103.1003,1217380
2012-07-31,102.9554,103.5184,101.9239,101.9239,1809209
2012-08-01,101.6162,101.8257,100.6885,100.7416,2529119
2012-08-02,100.3783,100.3783,98.7708,98.7708,3334209
2012-08-03,98.6151,98.6151,95.8992,95.9139,4775740
2012-08-06,95.8436,95.8436,95.0878,95.1842,1591834
2012-08-07,95.0511,95.0629,94.5426,94.5628,2634444
2012-08-08,94.5934,94.9739,94.3154,94.7421,1451182
2012-08-09,95.1275,96.0928,94.3405,95.9179,2101599
2012-08-10,95.8229,95.8229,95.2114,95.3495,1835937
2012-08-13,95.3151,95.8869,94.7332,95.1541,1168908
2012-08-14,94.8530,94.8530,93.6852,93.6852,2230818
2012-08-15,94.0421,95.7348,93.8586,95.7348,1668758
2012-08-16,95.7465,96.1406,95.1895,95.8818,1614707
2012-08-17,95.5747,95.6870,93.9543,94.0599,2887375
2012-08-20,94.5143,95.5707,94.5143,95.5707,1475246
2012-08-21,96.0534,98.1959,96.0534,97.3099,2139893
2012-08-22,97.5119,99.2889,97.5119,98.8481,2214521
2012-08-23,99.0894,99.9645,98.3154,99.9355,1343870
2012-08-24,99.9522,102.3088,99.9522,100.1018,1092500
2012-08-27,99.9925,100.7413,98.2701,99.7470,1013337
2012-08-28,99.7949,100.4425,99.7429,99.9555,1252846
2012-08-29,100.1334,101.9571,100.1334,101.9571,1767559
2012-08-30,101.8515,101.8515,100.8637,101.5360,1169616
2012-08-31,101.0952,101.0952,99.9377,99.9377,3803608
2012-09-03,99.9398,100.1085,99.0638,99.9731,790810
2012-09-04,99.9337,100.7302,99.7652,99.7821,1831303
2012-09-05,99.7758,100.8829,99.2692,99.6899,891629
2012-09-06,99.7106,100.0862,99.4163,99.9205,1012951
2012-09-07,99.7381,99.7761,98.8464,98.8464,2381012
2012-09-10,99.2574,100.2172,98.7997,100.2172,1938391
2012-09-11,100.2142,100.2142,99.2715,100.1582,946862
2012-09-12,100.2392,101.0176,100.2086,100.9063,1458000
2012-09-13,100.7301,100.9354,100.1607,100.1607,1770796
2012-09-14,100.0940,100.6288,99.7935,99.7935,2203809
2012-09-17,99.6731,99.6731,99.0678,99.3817,2383549
2012-09-18,99.4161,99.8719,99.1428,99.5191,1110315
2012-09-19,99.4222,99.6887,98.7493,99.1404,1022120
2012-09-20,98.9922,99.6943,98.4581,98.4581,1127235
2012-09-21,98.4907,98.9114,98.2932,98.6883,1642217
2012-09-24,99.2890,100.8570,99.2890,100.8570,2968768
2012-09-25,100.6052,100.7132,99.4649,99.8665,1335836
2012-09-26,100.0046,101.4429,100.0046,101.2054,1564976
2012-09-27,101.5240,102.7170,101.4305,102.3046,1128132
2012-09-28,102.4266,103.4010,102.4266,103.0401,1968957
2012-10-01,102.9120,102.9120,101.9830,102.0864,1913872
2012-10-02,102.3488,102.9964,101.6782,102.9964,2446845
2012-10-03,103.1839,103.7958,103.0996,103.6401,1069695
2012-10-04,103.6767,104.8790,103.4848,103.7971,1118329
2012-10-05,103.7200,103.7200,102.7276,103.4103,2330423
2012-10-08,103.1386,103.1386,101.7861,102.4620,966557
2012-10-09,102.3146,102.3146,101.3836,101.5253,1724706
2012-10-10,101.7092,102.1700,101.7092,102.1700,1375786
2012-10-11,102.3610,103.6378,102.3610,103.0375,1543786
2012-10-12,102.7864,102.9667,100.3886,100.3886,3225308
2012-10-15,100.8981,102.2720,100.8981,102.2720,2413465
2012-10-16,102.1831,102.9014,101.8915,101.8915,1220242
2012-10-17,102.2504,103.0848,102.2226,103.0848,2458064
2012-10-18,103.6378,105.0492,103.3006,105.0492,3153970
2012-10-19,104.7857,104.9179,104.2081,104.2861,1316457
2012-10-22,104.0278,104.0692,103.1271,103.1703,1980026
2012-10-23,103.1277,104.2838,102.6685,102.6685,1616355
2012-10-24,102.8806,103.6106,102.7785,103.3710,1377528
2012-10-25,103.2050,103.2050,102.3921,102.7511,1766843
2012-10-26,102.7422,103.0756,102.5349,102.6489,935347
2012-10-29,102.7058,103.1886,102.5706,102.9652,980165
2012-10-30,102.7696,102.7696,101.8818,101.8818,2286235
2012-10-31,101.7900,102.2780,100.8697,101.5308,1393108
2012-11-01,101.4089,101.6515,100.4064,100.9056,1522765
2012-11-02,100.7301,100.9487,99.3483,99.3893,2489025
2012-11-05,99.4300,100.3463,99.4300,99.9318,2139717
2012-11-06,99.9902,100.3767,99.5711,100.3767,1155601
2012-11-07,100.5360,101.7105,100.5192,101.7105,1923565
2012-11-08,101.6235,102.3442,100.9959,101.3496,1559041
2012-11-09,101.2429,101.2429,100.4732,100.6290,1372318
2012-11-12,100.4365,100.4365,99.8180,100.0581,941240
2012-11-13,100.1972,100.9946,99.4376,100.8828,2318468
2012-11-14,100.8906,101.5438,100.8906,100.9227,1017165
2012-11-15,100.9161,101.1922,100.4287,100.8901,986948
2012-11-16,100.9481,101.5718,100.6895,101.1718,829149
2012-11-19,101.1871,101.6779,100.7752,101.2199,908841
2012-11-20,101.2764,102.2653,101.2764,101.5608,1018296
2012-11-21,101.6703,102.7571,101.6703,102.0547,1274035
2012-11-22,101.6637,101.8653,100.8124,100.8124,1280527
2012-11-23,100.7050,101.6250,100.4806,100.4806,908350
2012-11-26,100.6544,101.7621,100.6544,101.6159,2068893
2012-11-27,101.6684,102.3531,101.6684,101.7706,888179
2012-11-28,101.4502,101.4502,100.2020,100.6205,2694947
2012-11-29,100.6984,101.0534,100.0138,101.0475,916381
2012-11-30,101.1203,101.4590,100.7192,101.4590,1382984
2012-12-03,102.1097,103.4317,101.9240,103.3599,1767524
2012-12-04,103.6160,104.2186,103.3685,104.2186,2274537
2012-12-05,104.1631,104.6100,103.6826,104.0052,1114375
2012-12-06,103.7419,103.7419,102.9961,102.9961,1816019
2012-12-07,102.8285,102.8285,101.6478,101.9258,2023553
2012-12-10,102.0744,102.4552,101.4719,102.4552,1300754
2012-12-11,102.5137,102.9755,102.2658,102.7633,1052685
2012-12-12,102.8117,103.1559,102.4194,102.9231,1652533
2012-12-13,103.1034,103.5085,102.6359,103.4563,1287488
2012-12-14,103.4436,103.4436,102.5261,103.3780,1014922
2012-12-17,103.4074,104.1643,103.4074,103.5495,1067756
2012-12-18,103.8612,105.9677,103.8612,105.9677,2826884
2012-12-19,105.8576,106.5137,105.3063,105.4539,2220220
2012-12-20,105.6148,106.2724,105.3530,106.0375,1893472
2012-12-21,106.0565,106.9450,106.0544,106.2644,2858679
2012-12-24,106.1419,106.4364,104.5861,104.5861,1736916
2012-12-25,104.3154,104.5383,103.6903,103.6903,1594512
2012-12-26,103.6013,103.6013,103.0136,103.3402,1282964
2012-12-27,103.4107,104.0257,102.9251,104.0257,1616114
2012-12-28,103.8430,104.6161,103.4135,103.4135,1356826
2012-12-31,103.5869,104.7359,103.5869,104.4739,1632355
2013-01-01,104.5374,105.2604,104.5374,104.8295,1766050
2013-01-02,104.5779,104.5779,103.7520,103.9515,2557084
2013-01-03,103.9142,103.9142,103.2997,103.2997,1344517
2013-01-04,103.3170,103.9288,103.2408,103.4130,619306
2013-01-07,103.5351,103.7785,103.0201,103.7785,1654621
2013-01-08,103.7348,103.8745,102.8500,102.9623,1527062
2013-01-09,103.0765,103.6213,103.0765,103.2987,939751
2013-01-10,103.0635,103.0635,100.1372,100.1372,4049288
2013-01-11,99.8139,100.0842,98.7145,98.8788,2589715
2013-01-14,98.9717,99.1977,98.9501,99.1510,1936742
2013-01-15,98.9344,99.5503,98.3030,98.3030,1242001
2013-01-16,98.1654,98.5822,97.5149,97.6716,1612713
2013-01-17,97.4088,97.4088,96.6940,96.7474,2383402
2013-01-18,96.7898,97.2395,96.6798,97.0829,1191992
2013-01-21,96.9877,97.3299,96.3388,96.7420,897421
2013-01-22,96.4525,97.2283,95.7482,95.7482,2923292
2013-01-23,95.8061,96.4301,95.7227,96.4301,1351682
2013-01-24,96.4032,96.4032,95.3428,96.1936,1500980
2013-01-25,96.4817,97.5595,95.9514,97.1456,1703030
2013-01-28,97.1994,97.4680,96.9808,97.3039,1009800
2013-01-29,97.2526,97.9654,96.6448,96.6448,1535308
2013-01-30,96.6556,97.1042,95.8638,96.7636,1161415
2013-01-31,97.0672,97.8865,96.8950,97.7133,1532023
2013-02-01,97.4464,97.4464,96.8196,96.8248,1960961
2013-02-04,96.8892,97.3464,96.7482,97.2313,998854
2013-02-05,97.3173,97.5100,96.1156,97.5100,1610189
2013-02-06,97.6284,98.3683,97.4666,98.3683,1507007
2013-02-07,98.3298,98.5797,98.1278,98.1963,894822
2013-02-08,97.9600,97.9600,96.8393,97.2769,1711341
2013-02-11,97.3760,97.5865,97.2854,97.5865,1030560
2013-02-12,97.5731,97.9956,97.3188,97.4962,1569117
2013-02-13,98.1154,99.6788,98.1154,99.6788,1518385
2013-02-14,99.7017,100.2802,99.2824,99.7611,988609
2013-02-15,99.4695,99.7440,98.7332,98.7332,1859986
2013-02-18,98.3331,98.3642,97.2761,97.2761,2238046
2013-02-19,97.3228,98.2631,97.0041,97.4647,940568
2013-02-20,97.6449,98.3809,97.1121,98.3227,1374463
2013-02-21,98.3252,98.5745,98.0216,98.3303,752044
2013-02-22,98.4039,99.3502,98.4039,98.6786,1342307
2013-02-25,98.6671,98.9391,98.2227,98.5173,1436632
2013-02-26,98.3036,98.3036,97.2754,97.8465,1550878
2013-02-27,98.1463,99.1965,97.8656,98.8597,1687702
2013-02-28,98.9761,99.2976,98.5875,99.2316,1348577
2013-03-01,99.4267,100.4792,99.3171,99.9285,1895222
2013-03-04,99.7209,99.8607,98.8993,98.8993,1222554
2013-03-05,98.9028,99.2939,98.6842,98.9101,631934
2013-03-06,98.4637,98.9700,96.9016,96.9016,2573392
2013-03-07,96.7957,96.9111,96.2371,96.4740,1359882
2013-03-08,96.2096,96.2096,94.8127,94.8152,2282094
2013-03-11,94.7599,95.0820,93.9015,94.3062,1393401
2013-03-12,94.3395,95.3235,94.3395,94.8266,932601
2013-03-13,94.3445,94.5398,92.9172,93.0209,2697620
2013-03-14,92.9800,93.9789,92.7046,92.7046,913487
2013-03-15,92.7633,93.4090,92.0299,93.2835,1584783
2013-03-18,93.1060,93.1841,92.2732,92.2732,1643354
2013-03-19,92.2293,92.4275,91.9096,92.1268,954530
2013-03-20,92.1368,92.6246,91.7633,92.1660,1355330
2013-03-21,92.3962,93.0545,92.1027,92.9270,1747803
2013-03-22,93.1579,94.1955,93.1579,93.8308,1634715
2013-03-25,93.1829,93.2088,91.8476,91.8476,2949498
2013-03-26,91.9663,93.2968,91.7362,92.6362,1427653
2013-03-27,92.7051,93.7525,92.6651,93.6224,2148863
2013-03-28,93.7428,94.3852,93.3896,94.3852,1936452
2013-03-29,94.4147,95.6606,94.4147,94.6570,1166896
2013-04-01,94.6700,94.8865,94.0577,94.7462,811501
2013-04-02,94.7381,95.1927,94.6770,94.6770,938189
2013-04-03,94.4960,94.4960,93.2746,93.5415,2206478
2013-04-04,93.2751,93.3322,92.4092,92.7023,1607482
2013-04-05,92.7752,93.3562,92.4998,93.2602,1481492
2013-04-08,93.2758,93.3797,92.9771,93.3280,1427788
2013-04-09,93.5170,94.4992,93.5170,94.2408,1611606
2013-04-10,94.0699,94.0699,93.2409,93.2680,1692946
2013-04-11,93.0706,93.0706,92.3070,92.3070,1564282
2013-04-12,92.2065,92.2065,91.0937,91.5635,2046462
2013-04-15,91.3722,91.7438,89.0781,89.2453,2414398
2013-04-16,89.3327,91.0195,89.1251,90.5621,1656224
2013-04-17,90.3638,90.7569,89.3624,89.3624,634261
2013-04-18,89.2894,90.1296,88.9960,88.9960,764339
2013-04-19,88.2545,88.2545,84.8008,84.8008,3667628
2013-04-22,84.5197,84.5197,81.9253,81.9253,1495221
2013-04-23,82.7212,84.9023,82.7212,84.9023,2175979
2013-04-24,84.7333,85.2042,83.8602,83.8602,1776249
2013-04-25,83.6825,83.7953,81.3549,82.1643,1267649
2013-04-26,82.1223,82.8069,81.1709,81.9587,1170117
2013-04-29,81.9073,82.5719,81.6506,81.6704,1142879
2013-04-30,81.4918,81.4918,80.2295,80.5963,1519283
2013-05-01,80.3859,81.0516,79.4155,79.8113,1546582
2013-05-02,80.2532,81.3001,79.5504,81.3001,1710600
2013-05-03,82.0902,83.9341,81.3704,83.9256,2228598
2013-05-06,83.8978,84.1139,83.0763,83.7981,1150070
2013-05-07,83.6503,84.2285,82.1799,82.1799,930763
2013-05-08,82.1836,82.7826,81.8309,82.2367,1262281
2013-05-09,82.6544,84.9943,82.1356,83.6358,1133617
2013-05-10,83.4332,83.4332,82.0985,82.0985,4071645
2013-05-13,82.0226,82.1342,81.6797,81.8713,1310716
2013-05-14,81.4655,81.4655,80.5359,80.7126,2061415
2013-05-15,80.4949,80.8124,79.5714,79.8202,1674485
2013-05-16,79.7781,80.0793,79.0146,79.5887,1327197
2013-05-17,79.5420,79.7950,79.4223,79.4223,1159741
2013-05-20,79.3976,79.6045,78.8947,79.3291,1022415
2013-05-21,79.3079,79.9371,79.0282,79.2507,961713
2013-05-22,79.5290,80.2227,79.1810,80.2227,2773101
2013-05-23,80.2798,80.7591,80.1810,80.4828,1627191
2013-05-24,80.0969,80.4600,78.9730,79.1086,2600848
2013-05-27,78.9901,79.0756,78.5133,78.5133,2460499
2013-05-28,78.6985,80.2801,78.6985,79.6567,1707223
2013-05-29,79.6764,79.8048,79.2997,79.7445,1125454
2013-05-30,79.9388,80.5745,79.9388,80.3073,1884846
2013-05-31,80.2740,80.4298,79.8254,80.1008,867071
2013-06-03,80.1415,80.3218,79.2987,80.3218,1271503
2013-06-04,80.2405,80.3383,79.3526,79.9573,1491738
2013-06-05,80.1569,80.6922,80.1569,80.6922,1387214
2013-06-06,80.6837,80.7315,80.2972,80.5401,1084223
2013-06-07,80.4415,80.7568,79.8822,80.0364,1480802
2013-06-10,79.7298,79.7298,78.1523,78.1523,3493807
2013-06-11,77.8027,77.8027,76.7053,76.7053,3164115
2013-06-12,76.9691,78.0556,76.9580,78.0556,1779776
2013-06-13,77.9437,78.1304,77.4263,77.4263,1328393
2013-06-14,77.5269,77.9639,77.3758,77.8220,1132284
2013-06-17,77.8044,78.0069,77.3806,77.7233,1110502
2013-06-18,77.5647,77.5647,76.7568,76.9469,1389729
2013-06-19,76.8981,77.0184,76.3959,76.6799,1185576
2013-06-20,76.6293,76.6293,76.0020,76.4403,1311980
2013-06-21,76.4014,76.7415,76.0053,76.1830,1020796
2013-06-24,75.9877,75.9877,75.1054,75.1054,2211539
2013-06-25,75.1786,76.1255,75.1786,75.4488,1054970
2013-06-26,75.8047,76.7106,75.7230,76.6857,2527752
2013-06-27,76.6101,76.8445,76.1990,76.3142,1806805
2013-06-28,76.3119,76.6749,76.2878,76.2878,1192212
2013-07-01,76.2820,76.2820,75.2233,76.2373,1228602
2013-07-02,76.0305,76.1123,75.3620,75.5382,2062409
2013-07-03,75.4289,75.6567,75.0039,75.0039,2143502
2013-07-04,74.9194,75.0245,74.0569,74.0569,2587626
2013-07-05,74.1575,74.8173,73.9604,74.5430,1939579
2013-07-08,74.6372,74.8720,74.5497,74.8554,1423235
2013-07-09,74.7969,74.7969,73.7845,74.1434,2093341
2013-07-10,74.1796,74.4848,74.1796,74.3435,1275398
2013-07-11,74.1122,74.1122,73.3167,73.5328,1399351
2013-07-12,73.5616,74.0009,73.2448,74.0009,1545464
2013-07-15,73.9840,73.9840,73.5795,73.9513,813618
2013-07-16,74.0851,74.4747,73.8550,74.4747,1162310
2013-07-17,74.5332,75.5367,74.5332,75.5367,2054146
2013-07-18,75.5372,75.5384,75.1455,75.5384,910678
2013-07-19,75.6940,76.1602,75.6940,76.1329,1411125
2013-07-22,76.3585,76.9694,76.3107,76.9694,2309522
2013-07-23,77.0118,77.7699,76.9925,77.7699,1410955
2013-07-24,77.9183,78.3054,77.3933,78.3054,1252054
2013-07-25,78.5097,78.9905,78.2912,78.9905,1710872
2013-07-26,78.9023,78.9023,78.4157,78.6218,1697964
2013-07-29,78.4913,78.6123,77.6042,77.6042,1374015
2013-07-30,77.6562,77.7923,77.2024,77.7835,1130345
2013-07-31,77.6834,78.1392,77.3347,77.4865,1330686
2013-08-01,77.4456,77.8335,77.0319,77.3287,925960
2013-08-02,77.2358,77.2358,76.4496,76.8699,1468901
2013-08-05,76.9652,77.5736,76.9652,77.5300,1649872
2013-08-06,77.2980,77.2980,76.7305,76.7964,1577064
2013-08-07,76.7487,76.8361,76.1760,76.4347,1442553
2013-08-08,76.2082,76.4197,75.6401,75.7015,2423030
2013-08-09,75.6024,75.6024,75.1710,75.3781,1467445
2013-08-12,75.2357,75.6181,74.9153,74.9153,958658
2013-08-13,74.7239,74.7239,73.7873,74.0397,1714067
2013-08-14,73.8844,73.8844,73.0247,73.0247,2473447
2013-08-15,73.0500,73.2838,73.0500,73.1435,1641532
2013-08-16,73.0981,73.0981,72.2098,72.6772,2054832
2013-08-19,72.5142,72.5142,71.8972,71.8972,1561852
2013-08-20,71.6818,71.9098,71.1062,71.1781,2018580
2013-08-21,71.3302,71.7155,71.3302,71.6873,1812094
2013-08-22,71.6842,71.6842,70.8914,71.6694,992095
2013-08-23,71.8184,73.4535,71.8184,73.1808,2070035
2013-08-26,72.9763,72.9921,72.2974,72.2974,1817443
2013-08-27,72.3285,72.8271,72.0928,72.3983,1443138
2013-08-28,72.3398,72.5270,71.9356,71.9955,1632635
2013-08-29,72.0855,72.6044,71.9833,72.6044,1406207
2013-08-30,72.6385,72.8016,72.2351,72.7654,801215
2013-09-02,72.5980,72.5980,71.9668,71.9668,2137164
2013-09-03,71.9639,72.7024,71.9464,71.9464,1240724
2013-09-04,72.0346,72.5939,71.8585,72.3571,1119912
2013-09-05,72.6056,73.5536,72.6052,73.4613,2353380
2013-09-06,73.6212,73.9349,73.3041,73.9349,1253247
2013-09-09,73.8815,74.3709,73.6042,73.6042,1514018
2013-09-10,73.7940,74.8904,73.7940,74.7799,1479876
2013-09-11,74.8129,75.0246,74.5335,75.0246,824685
2013-09-12,75.4205,76.1774,75.1688,76.1774,1226630
2013-09-13,76.1734,76.9732,76.1645,76.1645,603077
2013-09-16,76.1741,76.8770,76.1286,76.3022,888459
2013-09-17,76.3787,76.9857,76.2395,76.9857,1630731
2013-09-18,76.7008,76.7008,75.9886,75.9886,2120284
2013-09-19,76.1275,76.7820,76.1091,76.7638,1818263
2013-09-20,76.6106,76.7136,75.7733,75.9369,2635752
2013-09-23,75.9090,75.9090,75.3513,75.5460,1553826
2013-09-24,75.4342,75.4342,74.5657,75.2198,1102344
2013-09-25,75.0506,75.3538,74.3975,74.3975,2058205
2013-09-26,74.1404,74.1404,73.1190,73.5141,2353707
2013-09-27,73.3606,73.3606,72.2965,72.2965,2407070
2013-09-30,72.3295,72.8649,72.0947,72.4732,1309650
2013-10-01,72.6409,73.3598,72.3656,72.9631,1504797
2013-10-02,72.9597,72.9778,72.2608,72.9513,1343074
2013-10-03,72.9696,73.2907,72.7527,73.2907,761192
2013-10-04,73.2114,73.3855,72.6265,72.6577,1414101
2013-10-07,72.6579,73.2642,72.6579,72.6584,948352
2013-10-08,72.7576,73.1768,72.5348,73.0350,1481051
2013-10-09,73.4397,74.3126,73.4397,74.2734,2512480
2013-10-10,74.0681,74.0681,73.2421,73.2421,2278872
2013-10-11,73.3101,73.8413,73.1780,73.8264,1844638
2013-10-14,73.7881,74.4496,73.3682,73.3682,1989021
2013-10-15,73.2996,73.3896,72.9101,72.9101,1421926
2013-10-16,72.9096,72.9096,72.2731,72.9063,970756
2013-10-17,72.9654,73.3192,72.2569,73.3192,1216046
2013-10-18,73.2734,73.2734,72.2581,72.6068,1641808
2013-10-21,72.6278,72.6884,71.9646,72.6884,1021815
2013-10-22,72.8493,73.6816,72.8493,73.2582,1623928
2013-10-23,73.3381,73.9811,73.3381,73.7418,1159613
2013-10-24,73.8169,74.6311,73.8169,74.1379,1110182
2013-10-25,74.1651,74.8088,74.1651,74.4888,1133404
2013-10-28,74.4815,74.8423,74.4409,74.4679,656634
2013-10-29,74.6544,75.0450,74.3849,75.0450,1959078
2013-10-30,74.7073,74.9116,73.5978,73.5978,2148348
2013-10-31,73.6309,74.1449,73.5834,74.1069,907665
2013-11-01,74.0762,74.3722,73.7399,73.9785,1209820
2013-11-04,73.9081,73.9081,73.4268,73.4268,1273881
2013-11-05,73.8358,74.9089,73.8358,74.9089,2599714
2013-11-06,74.9264,75.3820,74.9264,75.1509,870687
2013-11-07,75.2664,76.4527,75.0796,76.4527,2243070
2013-11-08,76.4705,76.8490,76.4247,76.5685,778332
2013-11-11,76.4601,76.4601,74.7801,74.7801,2106730
2013-11-12,74.7746,75.0318,74.3676,74.7049,598132
2013-11-13,74.9309,75.8883,74.9309,75.6298,2911066
2013-11-14,75.5796,75.7042,75.1273,75.2096,971547
2013-11-15,75.1916,75.1916,74.4682,74.9625,886968
2013-11-18,74.9290,75.1986,74.2766,74.7528,1608658
2013-11-19,74.8045,74.9833,74.5670,74.9820,917512
2013-11-20,74.8991,74.9418,74.2222,74.3827,1662299
2013-11-21,74.5612,75.5571,74.5612,75.5571,1748512
2013-11-22,75.5434,76.2477,75.4302,75.4302,1266376
2013-11-25,75.7011,76.4845,75.7011,76.4845,1987186
2013-11-26,76.6794,77.2408,76.6794,77.0921,1793799
2013-11-27,76.9233,77.1011,76.3460,76.3460,2750700
2013-11-28,76.5127,76.9331,76.3780,76.9331,1269046
2013-11-29,76.9030,76.9190,76.4364,76.6702,1439102
2013-12-02,76.5773,76.6295,75.1285,75.1285,1889245
2013-12-03,75.0651,75.5191,74.3357,74.3357,1381247
2013-12-04,74.4584,75.0598,74.4584,74.7693,1934847
2013-12-05,74.2788,74.2788,73.1721,73.1721,2465862
2013-12-06,73.1639,73.5894,72.8902,73.1253,1307601
2013-12-09,72.8986,72.8986,72.1179,72.4433,1318827
2013-12-10,72.6299,73.2042,72.4816,72.9820,1583835
2013-12-11,73.0145,73.3692,72.7997,73.1579,1127280
2013-12-12,73.5228,74.2103,73.4058,74.2103,3427004
2013-12-13,74.1023,74.1023,73.5541,73.5640,1176544
2013-12-16,73.3164,73.3164,72.7018,72.7018,1251983
2013-12-17,72.7773,73.3005,72.6612,73.2142,1652307
2013-12-18,73.0816,73.2145,72.6441,72.8357,1881292
2013-12-19,72.7137,72.7137,72.3847,72.4835,1381515
2013-12-20,72.8234,74.0069,72.8234,73.7692,2633349
2013-12-23,73.4717,73.9891,72.8558,72.8558,2606656
2013-12-24,72.7073,72.7073,72.1813,72.2300,1380382
2013-12-25,72.1625,72.1625,71.1847,71.1847,2032246
2013-12-26,70.8801,70.8801,69.7594,69.9232,2987379
2013-12-27,69.8691,69.8691,69.1109,69.6195,982178
2013-12-30,69.6508,69.9714,69.6508,69.8418,886453
2013-12-31,69.6400,69.7399,68.8106,69.0843,2123964
2014-01-01,69.0645,69.5922,68.9856,69.0075,1284458
2014-01-02,68.9414,69.0238,68.5200,68.6607,1225206
2014-01-03,68.6402,68.9515,68.2759,68.2759,1741164
2014-01-06,68.2247,68.6356,67.7036,67.9147,1558081
2014-01-07,67.7789,67.9242,67.2962,67.2962,1164434
2014-01-08,67.5378,68.8962,67.5378,68.8109,2718844
2014-01-09,68.7513,68.7513,68.2235,68.2235,1986829
2014-01-10,68.6360,69.8880,68.6360,69.6365,1753879
2014-01-13,69.5650,69.7411,69.0065,69.1850,1181231
2014-01-14,69.2017,69.5967,69.2017,69.3861,763017
2014-01-15,69.3006,69.5602,69.0095,69.0095,1588459
2014-01-16,69.0286,69.4728,68.9916,69.2845,827133
2014-01-17,69.5043,70.0630,69.4116,70.0267,2340695
2014-01-20,69.9517,70.5149,69.6722,69.6722,1749247
2014-01-21,69.7477,70.0173,69.4019,69.9502,2064066
2014-01-22,69.8331,70.3461,69.3439,69.3439,2277379
2014-01-23,69.1181,69.2678,68.3693,68.3693,1941745
2014-01-24,68.2506,68.2506,67.4707,67.9119,2049130
2014-01-27,68.2417,68.8742,68.1281,68.8742,1575169
2014-01-28,68.9176,69.4649,68.9057,69.2107,1381920
2014-01-29,69.0963,69.2331,68.8370,68.8370,1588247
2014-01-30,68.9722,69.6100,68.7601,69.4348,1113682
2014-01-31,69.4355,70.1611,69.3908,69.4455,1546832
2014-02-03,69.3819,69.3819,68.9005,69.2425,913890
2014-02-04,69.2079,69.2079,68.6853,69.0384,1478331
2014-02-05,69.0977,69.7896,69.0346,69.7896,3211508
2014-02-06,69.8593,70.3681,69.7092,70.3291,1647270
2014-02-07,70.4715,71.7206,70.4715,71.6088,2720155
2014-02-10,71.6078,71.9033,71.0358,71.6031,1318209
2014-02-11,71.3098,71.3098,70.3684,70.4512,2326756
2014-02-12,70.7222,71.3712,70.4648,71.3123,3329181
2014-02-13,71.2714,71.5495,70.8999,71.1136,1139085
2014-02-14,71.0702,71.4069,70.8667,70.9055,1286161
2014-02-17,70.9055,71.9344,70.9053,70.9053,1056204
2014-02-18,70.9000,71.4648,70.7387,70.8870,1487601
2014-02-19,70.7712,71.3495,70.4936,70.4936,1133770
2014-02-20,70.6237,71.2988,70.6237,71.2988,1785668
2014-02-21,71.2658,71.9753,71.2014,71.2014,815080
2014-02-24,71.2520,71.3461,70.8343,71.3461,1240030
2014-02-25,71.5135,72.1406,71.3360,71.9124,1306962
2014-02-26,72.1144,72.8767,72.1047,72.5520,1312468
2014-02-27,72.6399,73.3714,72.6399,73.1102,1605065
2014-02-28,73.3028,73.7655,72.8379,73.6782,1306804
2014-03-03,73.7277,74.1672,73.7277,73.8295,1295849
2014-03-04,73.6270,73.9253,73.2103,73.2103,1726881
2014-03-05,73.2902,73.8404,72.8039,73.8404,1998529
2014-03-06,73.8749,74.6751,73.5598,74.3341,1331998
2014-03-07,74.2731,74.2731,73.3423,73.6589,1532882
2014-03-10,73.5037,73.5037,72.8774,72.8774,1770187
2014-03-11,72.8490,72.9059,72.5640,72.7296,1059447
2014-03-12,72.7465,73.4424,72.7465,72.9414,1107904
2014-03-13,73.0010,73.5603,72.9672,73.2722,1011849
2014-03-14,73.4850,74.5571,73.4850,74.5571,1840788
2014-03-17,74.7751,75.8256,74.7751,75.2615,1619218
2014-03-18,75.2767,75.4964,74.5419,75.4964,1760551
2014-03-19,75.2672,75.2672,74.3238,74.3238,3261144
2014-03-20,74.4197,75.2454,74.1404,75.2454,1248874
2014-03-21,74.8586,75.0478,73.6668,73.6668,1771054
2014-03-24,73.5678,74.2323,73.1669,73.1669,1902320
2014-03-25,73.1193,73.3638,72.9732,72.9827,912939
2014-03-26,72.9145,73.0798,72.7223,72.7223,1081832
2014-03-27,72.7842,73.2926,71.9979,73.2926,1194237
2014-03-28,73.3841,73.9676,72.9702,73.9676,1238415
2014-03-31,73.8412,73.8412,72.8827,72.8827,1707388
2014-04-01,73.0237,73.6388,72.7481,73.6388,1785054
2014-04-02,73.7475,74.3925,73.7475,74.3925,1402469
2014-04-03,74.4581,74.8606,74.0410,74.8606,1474260
2014-04-04,74.9158,75.9725,74.9158,75.8395,2338060
2014-04-07,75.8673,75.9940,75.4670,75.9940,765366
2014-04-08,75.9995,76.2106,75.7116,76.0103,585985
2014-04-09,76.0521,76.7807,76.0170,76.2068,815667
2014-04-10,76.1780,76.5453,75.9799,76.0302,1457120
2014-04-11,76.0680,76.5752,76.0680,76.2701,1032020
2014-04-14,76.4322,77.2700,76.1441,77.1924,2530003
2014-04-15,77.2187,77.6620,77.1450,77.2965,812220
2014-04-16,77.4309,78.4835,77.4309,78.3521,2056101
2014-04-17,78.1760,78.1760,77.0692,77.6031,1498998
2014-04-18,77.5355,77.7860,77.1888,77.1888,1224776
2014-04-21,77.1201,77.5144,76.6253,76.6253,2101575
2014-04-22,76.6120,77.3488,76.5355,76.5355,876351
2014-04-23,76.5949,76.8630,76.3120,76.7258,830704
2014-04-24,76.9641,78.1494,76.6478,78.1494,2281528
2014-04-25,78.5633,79.7980,78.5633,79.5355,1381830
2014-04-28,79.5277,79.6790,78.9103,79.4865,997151
2014-04-29,79.4507,79.5047,78.8675,79.3531,1283900
2014-04-30,79.3666,79.4819,78.9574,79.4695,843067
2014-05-01,79.5253,79.9706,79.2168,79.7237,1218532
2014-05-02,79.6323,79.9272,79.1218,79.1218,1247219
2014-05-05,78.8469,78.9479,78.0897,78.0897,2102213
2014-05-06,77.9975,78.4359,76.9938,76.9938,1528999
2014-05-07,77.0359,77.4810,76.7574,77.1344,1062959
2014-05-08,76.8346,77.4333,76.1922,76.1922,2705334
2014-05-09,76.2526,77.6241,76.0715,77.2715,1828704
2014-05-12,77.4054,78.0296,76.8492,78.0296,2246483
2014-05-13,78.1291,78.6763,78.0675,78.6763,1126139
2014-05-14,78.8754,79.5369,78.2694,79.5369,2035891
2014-05-15,79.3866,79.8171,78.7510,78.7975,1432890
2014-05-16,78.7942,79.1612,78.5524,78.7684,970027
2014-05-19,78.7180,78.8842,78.0115,78.0115,1098337
2014-05-20,78.0265,78.2976,77.7637,78.1473,919755
2014-05-21,78.2924,78.9944,77.6080,78.9944,1679695
2014-05-22,79.0544,79.4352,78.8829,79.2522,689028
2014-05-23,79.3224,80.4317,79.2306,80.2157,1902278
2014-05-26,80.0993,80.0993,79.4639,79.5080,1013722
2014-05-27,79.5872,80.3525,79.5872,79.9907,1553878
2014-05-28,79.9064,79.9064,78.7301,79.4946,816111
2014-05-29,79.6208,79.9202,79.2552,79.9202,1372492
2014-05-30,79.9809,80.6611,79.8168,80.6611,2112415
2014-06-02,80.5913,80.5913,80.1362,80.1362,1989837
2014-06-03,80.0963,80.1762,79.5107,79.5107,1074762
2014-06-04,79.4705,79.5387,78.9677,79.1774,1699216
2014-06-05,79.1084,79.1254,78.6165,78.9747,940297
2014-06-06,78.8629,78.8629,77.6507,78.4111,1271190
2014-06-09,78.4116,78.8710,77.9285,78.4141,916233
2014-06-10,78.3754,79.0330,77.9480,77.9480,1763933
2014-06-11,77.9073,78.3118,77.1546,77.1546,1447092
2014-06-12,77.1344,77.3598,76.8427,76.8635,1442602
2014-06-13,76.9583,77.3974,76.7103,77.3572,1507838
2014-06-16,77.3721,77.4341,76.7545,77.4171,1020745
2014-06-17,77.4470,78.1955,77.4470,77.7615,978403
2014-06-18,77.7198,78.3457,77.4925,77.4925,1146575
2014-06-19,77.5027,77.6461,77.2221,77.5858,1075167
2014-06-20,77.5348,77.6525,76.9192,77.1220,1520280
2014-06-23,77.0518,77.0528,76.5815,76.6633,1423614
2014-06-24,76.7107,77.0006,76.2913,76.8001,908688
2014-06-25,76.8140,77.0178,76.5548,76.8779,569761
2014-06-26,76.6758,76.6758,75.8487,76.2027,1506725
2014-06-27,76.4330,76.9773,76.3665,76.9773,2056270
2014-06-30,76.9593,77.3214,76.7145,76.7866,954238
2014-07-01,76.8731,77.7760,76.8731,77.3031,2046685
2014-07-02,77.3460,78.1028,77.3460,77.6230,1076511
2014-07-03,77.8077,78.7599,77.6664,78.5017,1309574
2014-07-04,78.7365,79.7570,78.7365,79.6471,1940784
2014-07-07,79.6298,79.6298,78.9189,79.5776,833970
2014-07-08,79.6217,80.0465,79.3393,79.7517,1079860
2014-07-09,79.8495,80.0566,79.5080,80.0566,1051369
2014-07-10,80.0318,80.0318,79.2346,79.8870,1125192
2014-07-11,79.6243,79.8398,78.8845,78.8845,1474678
2014-07-14,78.9899,79.5033,78.8561,79.2647,994951
2014-07-15,79.4025,80.2693,79.4025,80.2693,1944495
2014-07-16,80.4352,81.2274,80.2097,80.9631,1443002
2014-07-17,81.0745,81.2892,80.1620,81.2892,1485926
2014-07-18,81.1813,81.8518,80.9016,80.9016,693614
2014-07-21,80.9289,81.8060,80.8337,81.1320,1382839
2014-07-22,81.2876,82.5578,81.2876,82.0744,2136521
2014-07-23,81.9765,82.6998,81.7006,81.7006,1283023
2014-07-24,81.7804,82.8085,81.7804,82.5947,1398146
2014-07-25,82.5954,82.9492,82.5598,82.6055,995708
2014-07-28,82.3601,82.3711,81.8272,81.8754,1449702
2014-07-29,81.8634,81.9370,81.6324,81.7311,1209869
2014-07-30,81.8040,82.0676,81.4856,81.9683,916910
2014-07-31,82.1779,82.6232,81.9329,82.6042,2150960
2014-08-01,82.6350,82.9831,82.4177,82.7664,1056081
2014-08-04,82.7398,82.8705,82.2712,82.5406,1336267
2014-08-05,82.1869,82.1869,80.9520,80.9520,3680397
2014-08-06,80.9625,81.5061,80.9625,81.0998,712833
2014-08-07,81.1653,81.4817,81.0051,81.3961,1189789
2014-08-08,81.3741,82.1196,81.2548,81.2548,999809
2014-08-11,81.1074,81.3450,80.5788,80.5788,1345061
2014-08-12,80.6589,81.5278,80.2445,81.5278,1768246
2014-08-13,81.5790,82.1807,81.1168,82.1807,1497700
2014-08-14,82.2005,83.0088,82.1861,82.3234,1196715
2014-08-15,82.0782,82.0782,80.9888,81.0326,1730440
2014-08-18,81.0005,81.3919,80.9129,80.9129,1203166
2014-08-19,81.0235,81.3489,80.3913,81.3489,1650680
2014-08-20,81.3489,81.7001,81.2775,81.3490,964339
2014-08-21,81.2815,81.5521,80.8504,81.1490,1020905
2014-08-22,81.0615,81.1058,80.5773,80.5773,1162762
2014-08-25,80.6215,81.4283,80.5239,81.4079,1702248
2014-08-26,81.0447,81.0926,80.3020,80.3020,1940970
2014-08-27,80.4910,80.9465,80.4209,80.9378,1973035
2014-08-28,81.0645,81.3542,80.9975,81.3542,1686977
2014-08-29,81.2449,81.3558,80.6690,80.6690,1589737
2014-09-01,80.7501,81.3954,80.7501,81.3954,1204135
2014-09-02,81.4682,82.3776,81.4682,82.0921,1567519
2014-09-03,81.9738,82.3729,81.6495,81.6495,1280175
2014-09-04,81.7099,82.4960,81.4820,82.4960,1578865
2014-09-05,82.7951,83.5579,82.7243,83.3705,1400556
2014-09-08,83.3105,83.3105,82.8951,83.0888,901218
2014-09-09,83.1407,83.7990,82.8407,83.7403,1280294
2014-09-10,83.6709,84.0992,83.4977,83.4977,1237299
2014-09-11,83.5046,84.0115,83.2829,83.5447,674553
2014-09-12,83.5033,83.9269,83.3099,83.3099,915031
2014-09-15,83.3295,83.9583,83.3295,83.6242,763489
2014-09-16,83.7192,84.4109,83.4838,84.4109,1849853
2014-09-17,84.4795,85.1823,84.4795,84.6085,646696
2014-09-18,84.4217,84.4217,83.6051,83.8889,1777375
2014-09-19,83.8742,84.3077,83.4872,83.8456,1518454
2014-09-22,84.0620,84.7923,84.0620,84.7923,1439511
2014-09-23,84.8395,85.4942,84.6102,85.1065,1272751
2014-09-24,85.1491,85.9225,85.1491,85.6077,1572170
2014-09-25,85.4036,85.4781,84.9603,84.9678,932020
2014-09-26,85.0772,85.6572,84.8410,85.4865,901782
2014-09-29,85.7677,86.6577,85.3949,86.6577,2526225
2014-09-30,86.5153,86.7579,85.4587,85.9492,1765467
2014-10-01,85.8995,86.3437,85.5362,85.5362,1340533
2014-10-02,85.3706,86.0954,85.0425,85.0425,1057506
2014-10-03,85.0275,85.3769,84.9584,84.9849,773656
2014-10-06,85.1054,85.8071,85.1054,85.5819,1563228
2014-10-07,85.4611,85.5906,84.7008,84.7008,1237234
2014-10-08,84.8464,85.8212,84.6765,85.1924,1547465
2014-10-09,85.1373,85.4431,84.8595,84.8595,1775081
2014-10-10,84.8736,85.5900,84.8736,85.0577,974871
2014-10-13,85.2443,86.1029,85.2380,85.7768,1320271
2014-10-14,85.7676,86.2849,85.4656,85.6727,1074934
2014-10-15,85.6852,85.7674,85.1233,85.7296,802684
2014-10-16,85.8950,86.5977,85.5389,86.5977,797122
2014-10-17,86.8546,90.4334,86.6468,89.5884,2489466
2014-10-20,88.6641,88.6641,86.8981,86.8981,1856796
2014-10-21,86.9965,88.0970,86.6082,87.8458,1278764
2014-10-22,87.4683,87.4683,85.8484,86.1671,1610943
2014-10-23,86.9903,89.1504,86.9546,88.9474,2025676
2014-10-24,89.1181,89.9645,88.5815,89.6573,1141005
2014-10-27,89.7880,91.1455,89.5694,90.3662,1050888
2014-10-28,90.0629,90.7697,89.0863,89.3171,956238
2014-10-29,89.0641,89.0641,86.7725,87.6809,853742
2014-10-30,87.2935,87.2935,85.5994,85.5994,1986323
2014-10-31,85.7264,86.8182,85.4124,86.1243,955251
2014-11-03,86.3176,88.0459,86.3176,87.1650,1472358
2014-11-04,87.4229,88.8228,87.2165,88.1699,1057480
2014-11-05,87.7781,87.7781,85.9325,85.9325,1367326
2014-11-06,86.3668,89.5846,86.3668,89.5846,2700911
2014-11-07,89.7146,92.4526,89.7146,92.1939,1837003
2014-11-10,92.2311,93.6449,92.2311,92.4247,786667
2014-11-11,92.1629,92.3200,91.4814,91.4814,963014
2014-11-12,91.4069,91.6688,90.6171,90.9442,991795
2014-11-13,90.5965,91.7003,88.6906,88.6906,1465389
2014-11-14,88.7300,89.2756,88.0564,88.9866,988759
2014-11-17,88.5075,89.3020,85.9661,86.9704,1312912
2014-11-18,86.8901,87.5585,85.7474,86.5235,894879
2014-11-19,86.4285,87.6774,85.2257,85.2257,1034539
2014-11-20,85.4018,85.9070,84.7880,85.9070,969546
2014-11-21,85.8205,85.9961,83.6150,84.2064,1333935
2014-11-24,84.5053,88.3697,84.5053,87.2288,1665463
2014-11-25,87.9316,89.6510,87.9316,89.4845,1575855
2014-11-26,91.2252,95.0213,90.5662,95.0213,2653706
2014-11-27,95.1720,96.6227,94.2127,95.5616,1485958
2014-11-28,95.1381,95.1381,92.9493,93.6961,1097982
2014-12-01,93.1390,93.1390,89.2895,89.3061,2383284
2014-12-02,89.2274,90.1533,88.8864,88.8864,1284275
2014-12-03,88.6603,88.9972,87.3950,88.1516,1699061
2014-12-04,87.4301,87.5007,85.2818,85.2818,2157495
2014-12-05,85.3834,86.7741,84.8344,86.7741,1263287
2014-12-08,87.2112,89.3436,87.2112,88.7898,977629
2014-12-09,88.1636,88.1636,85.9334,85.9334,3498195
2014-12-10,85.9131,88.1476,85.8485,85.8485,1038034
2014-12-11,85.8499,86.4756,85.8499,85.8623,801143
2014-12-12,86.0647,86.7668,85.8422,86.7668,1129094
2014-12-15,86.7919,87.3155,86.7919,86.8814,1110441
2014-12-16,87.0033,88.8952,87.0033,88.2502,2135183
2014-12-17,87.9886,88.8970,86.2991,86.2991,1055347
2014-12-18,86.3989,87.7654,86.3989,86.8912,1866576
2014-12-19,86.5223,88.8683,85.4046,85.4046,1602573
2014-12-22,85.3416,85.4699,84.4297,85.1328,1446209
2014-12-23,84.8661,84.9081,84.1917,84.1917,1258651
2014-12-24,84.2700,86.3874,83.1790,85.5372,1886482
2014-12-25,85.6629,86.7893,84.4690,86.2423,1773460
2014-12-26,86.1940,86.9148,85.6644,85.8486,1037266
2014-12-29,85.2925,85.7015,83.6261,84.1312,1174933
2014-12-30,84.0321,84.5197,82.8302,83.4200,1328111
2014-12-31,83.2013,83.2013,81.9402,82.4792,1337204
2015-01-01,82.7608,84.7505,82.6659,83.7823,1420460
2015-01-02,84.0063,86.0390,84.0063,86.0390,2301394
2015-01-05,85.6136,85.6136,84.6201,84.6201,1120036
2015-01-06,84.1475,84.1806,82.5417,82.5417,1884396
2015-01-07,83.2334,84.8593,83.2334,84.8593,1597682
2015-01-08,85.0181,85.3728,84.5143,85.3728,1295609
2015-01-09,85.2534,85.3301,84.5726,84.9081,1472475
2015-01-12,84.7938,84.7938,84.2043,84.2192,1241783
2015-01-13,84.3376,84.8263,84.0885,84.6564,901423
2015-01-14,84.6108,84.6108,83.5965,84.1656,1491770
2015-01-15,84.2141,84.4413,83.9344,84.3718,1176494
2015-01-16,84.4146,84.5131,83.9547,84.5131,620448
2015-01-19,84.5355,84.6979,83.5938,84.6979,1035524
2015-01-20,84.4658,84.4658,82.3444,82.3444,3785885
2015-01-21,82.4316,82.9683,82.3552,82.8438,1244122
2015-01-22,82.6413,82.8258,82.2566,82.2566,1791728
2015-01-23,82.2096,82.2096,81.5047,81.5047,1747209
2015-01-26,81.4853,81.7399,80.9780,81.1802,1290646
2015-01-27,81.0959,81.2693,80.6395,80.8868,1247740
2015-01-28,80.9504,81.8281,80.4780,81.8281,1794034
2015-01-29,81.6451,81.8003,81.0117,81.0160,1299363
2015-01-30,81.1468,81.8028,80.7319,81.6462,1492083
2015-02-02,81.6419,81.8891,81.2756,81.6162,715753
2015-02-03,81.5872,81.7320,81.1269,81.2847,840144
2015-02-04,81.2479,81.6339,80.9746,81.1230,2193029
2015-02-05,80.8763,80.8763,80.2253,80.3680,1587866
2015-02-06,80.2803,80.2803,79.5898,79.5898,1306289
2015-02-09,79.6262,80.0344,79.4204,79.7826,1372504
2015-02-10,79.6981,79.9805,78.9922,79.4301,1588756
2015-02-11,79.4152,79.7642,79.0497,79.2327,1077356
2015-02-12,79.2630,79.7443,79.1465,79.4616,1305260
2015-02-13,79.3578,79.5406,78.8800,78.9516,1570716
2015-02-16,78.8467,78.8467,77.7214,78.5141,910524
2015-02-17,78.4537,78.4537,77.0932,77.9083,1667728
2015-02-18,78.1466,78.9055,77.8947,78.8152,2014257
2015-02-19,78.7994,78.7994,78.1932,78.7375,1454118
2015-02-20,78.9596,80.0410,78.9596,79.7709,2383850
2015-02-23,80.0544,80.9946,80.0544,80.9946,2383556
2015-02-24,80.6982,80.6982,79.6182,79.6182,2437997
2015-02-25,79.5799,79.5799,79.2445,79.3674,1816760
2015-02-26,79.2712,79.3284,78.6446,78.8982,1064164
2015-02-27,78.9639,79.7676,78.9639,79.0958,908472
2015-03-02,78.8052,79.0851,77.8055,77.8055,2114267
2015-03-03,77.5593,77.5593,76.7671,76.7671,1975988
2015-03-04,76.6693,76.6693,75.3653,76.4723,1619363
2015-03-05,76.8605,77.7316,76.8605,77.7316,2381321
2015-03-06,77.6378,77.6378,77.1620,77.3002,2011127
2015-03-09,77.1651,77.4986,76.5929,76.5929,1382782
2015-03-10,76.7019,77.5050,76.0927,77.5050,1850434
2015-03-11,77.7896,78.3352,77.7619,78.3250,1723171
2015-03-12,78.4491,78.8187,78.0660,78.6899,1506632
2015-03-13,78.6910,79.0177,78.6910,78.6939,1052680
2015-03-16,78.5859,78.5859,77.6067,78.1032,1137775
2015-03-17,78.1338,78.9053,78.0396,78.3861,883144
2015-03-18,78.4688,78.9817,78.1567,78.9102,1237447
2015-03-19,78.9120,79.5567,78.9120,78.9431,662914
2015-03-20,79.2447,80.4324,79.0095,80.1488,2691483
2015-03-23,79.9633,79.9633,78.4257,78.4257,2973462
2015-03-24,78.4589,78.7809,77.6927,78.5229,981140
2015-03-25,78.4672,78.8042,78.2216,78.2216,1072872
2015-03-26,78.2444,78.6001,77.8811,78.4249,997974
2015-03-27,78.3320,78.5623,78.0838,78.0838,1594165
2015-03-30,78.0351,78.1383,77.4462,77.5894,1105188
2015-03-31,77.5564,78.2920,77.0494,77.1815,2174878
2015-04-01,77.2149,77.7513,77.1253,77.7513,1981536
2015-04-02,77.7135,78.1807,77.5575,77.5575,1348386
2015-04-03,77.5646,77.6852,77.0271,77.6207,829418
2015-04-06,77.5958,78.5566,77.5049,77.5049,1567646
2015-04-07,77.6272,78.4437,77.6272,78.0586,1774459
2015-04-08,77.9975,78.0782,77.1032,77.1032,2805792
2015-04-09,77.2503,77.8880,77.2503,77.5693,1262839
2015-04-10,77.3011,77.3011,76.7463,76.7463,1401882
2015-04-13,76.6540,76.6540,76.0473,76.4669,1163125
2015-04-14,76.5186,76.8198,76.0636,76.8198,1240440
2015-04-15,76.8836,77.6909,76.8836,77.6909,2633812
2015-04-16,77.7422,78.1746,77.5941,78.1746,1785368
2015-04-17,78.4033,79.2051,78.4033,79.2051,2336167
2015-04-20,79.2419,79.6709,79.0005,79.3280,1141463
2015-04-21,79.2849,79.2849,78.6311,79.1518,1152841
2015-04-22,79.1467,79.1467,78.6102,79.0621,812765
2015-04-23,79.1239,80.1028,78.9460,79.8877,1904098
2015-04-24,79.8284,79.8284,78.9482,78.9482,3201661
2015-04-27,79.0225,79.5852,78.8525,79.2573,1681310
2015-04-28,79.3829,80.8554,79.3829,80.7629,2802111
2015-04-29,80.7702,80.8478,80.5817,80.7870,837748
2015-04-30,80.8330,81.4813,80.8330,81.4645,1267054
2015-05-01,81.4461,81.8554,81.3091,81.3348,697332
2015-05-04,81.2194,81.2745,80.4066,80.7687,1602898
2015-05-05,80.5561,81.2235,79.7377,79.9131,1892034
2015-05-06,79.9642,80.0650,79.5235,80.0650,1538050
2015-05-07,80.0415,80.3479,79.8293,79.9619,1064325
2015-05-08,79.9171,79.9960,79.5228,79.6395,1056974
2015-05-11,79.3124,79.3124,78.5086,78.6814,1471202
2015-05-12,78.6243,79.0760,78.0167,78.0167,1114250
2015-05-13,78.0138,78.4805,77.7840,77.9789,1306574
2015-05-14,77.9756,78.1204,77.6063,77.9347,1204854
2015-05-15,77.6321,77.6321,77.0436,77.0436,1518264
2015-05-18,76.8670,76.8957,76.2651,76.4666,1544779
2015-05-19,76.4085,76.4085,75.9691,76.2923,1492899
2015-05-20,76.2680,76.7317,75.8149,76.1694,845027
2015-05-21,76.2638,76.8574,76.2638,76.8574,1850235
2015-05-22,76.8968,77.1307,76.8968,77.1307,1068019
2015-05-25,76.8223,76.8223,75.9055,76.1716,1713074
2015-05-26,76.2766,76.7570,76.2192,76.7174,1710708
2015-05-27,76.5601,76.5601,75.1298,75.5068,2649596
2015-05-28,75.4774,75.7131,74.9380,74.9380,1535967
2015-05-29,74.9992,75.6029,74.5715,75.6029,1762899
2015-06-01,75.6676,76.0549,75.6268,75.8782,1312404
2015-06-02,75.9212,76.1490,75.6741,76.0048,1232611
2015-06-03,76.3574,77.3553,76.3461,77.3553,2245637
2015-06-04,77.3595,78.2063,77.3595,77.4224,920590
2015-06-05,77.4446,77.7726,77.0053,77.7726,963578
2015-06-08,78.1288,79.1829,78.1288,79.1829,2173395
2015-06-09,78.9768,78.9768,78.2442,78.5333,2645965
2015-06-10,78.5707,78.7074,78.4042,78.6912,1018809
2015-06-11,78.8118,79.3583,78.8118,79.2553,1505485
2015-06-12,79.2530,79.4645,78.8666,79.2458,887834
2015-06-15,79.1826,79.1826,78.5020,79.0215,1708207
2015-06-16,78.8685,78.8685,77.3136,77.4684,2253123
2015-06-17,77.3873,77.3873,76.7003,76.7941,1614433
2015-06-18,76.6510,76.6510,75.2949,75.3035,2674873
2015-06-19,74.8276,75.2327,73.6957,73.7061,3682977
2015-06-22,73.6623,73.6623,72.8853,72.8853,2358552
2015-06-23,72.9030,73.2960,72.8646,72.9677,1298355
2015-06-24,72.5932,72.5932,71.2055,71.2055,3451503
2015-06-25,71.2844,71.8483,71.0042,71.8483,1121434
2015-06-26,72.1829,73.0715,72.1829,73.0715,2548990
2015-06-29,73.7493,75.3197,73.7493,75.3197,2921298
2015-06-30,75.0272,75.0272,74.4481,74.4481,1542958
2015-07-01,74.3262,74.3262,73.2881,74.0721,1072550
2015-07-02,74.0583,74.2830,73.5368,74.0131,901240
2015-07-03,74.0325,74.5097,73.7437,74.1963,1192009
2015-07-06,74.1863,74.3997,73.9424,74.1592,680058
2015-07-07,74.0704,74.2530,73.4212,73.4212,1303269
2015-07-08,73.4694,73.9320,72.9163,73.7835,1408994
2015-07-09,73.7438,73.7438,73.2912,73.5511,1049671
2015-07-10,73.4901,73.7010,73.2681,73.2681,1471455
2015-07-13,73.2915,73.4661,72.9674,73.4552,509330
2015-07-14,73.4442,73.4788,73.1702,73.3190,1559307
2015-07-15,73.3717,74.3027,73.3717,73.9544,2159905
2015-07-16,73.8975,73.8975,73.4948,73.7192,1010743
2015-07-17,73.6894,74.0329,73.3541,73.3541,1557751
2015-07-20,73.4185,73.6898,73.3197,73.5873,1214067
2015-07-21,73.7252,74.2168,73.7252,74.2168,1076707
2015-07-22,74.2728,75.5252,74.1882,74.7463,1868993
2015-07-23,74.6887,75.2665,74.1953,74.4102,1032759
2015-07-24,74.3648,74.6170,73.6345,73.6345,1473646
2015-07-27,73.8117,75.1907,73.8117,74.4293,2890598
2015-07-28,74.5597,74.9666,74.4267,74.9433,1627143
2015-07-29,74.8284,75.1160,74.3617,74.3917,2392074
2015-07-30,74.4358,74.6937,74.1886,74.5290,1522188
2015-07-31,74.5561,74.8426,74.5314,74.6195,823535
2015-08-03,74.6040,74.8532,74.4765,74.4765,1092818
2015-08-04,74.4725,74.7464,73.9493,74.4302,1125811
2015-08-05,74.6367,75.4874,74.5730,75.4874,1431348
2015-08-06,75.6019,76.2751,75.1691,76.2751,1217267
2015-08-07,76.4514,77.1361,76.4514,77.1135,2527629
2015-08-10,77.3626,78.5735,77.3427,78.5735,1679859
2015-08-11,78.7817,79.2933,78.6992,79.2803,1545815
2015-08-12,79.2084,79.2084,78.4061,78.4365,2027484
2015-08-13,78.3659,78.3659,77.9696,78.0494,908727
2015-08-14,78.1052,79.2058,78.1052,78.9840,2306802
2015-08-17,78.9890,79.3430,78.6985,79.0358,1276869
2015-08-18,79.1658,79.9216,79.1658,79.4664,2065319
2015-08-19,79.5238,79.8953,79.4183,79.8953,1272671
2015-08-20,79.8427,80.2636,79.7273,79.7273,1163997
2015-08-21,79.7063,79.8493,79.4646,79.6135,1440606
2015-08-24,79.7041,80.7448,79.7041,80.4591,1078576
2015-08-25,80.9703,82.0019,80.9703,81.9715,3345070
2015-08-26,81.8904,81.8904,81.2596,81.5700,2182722
2015-08-27,81.4739,81.4739,80.6585,81.1404,1422048
2015-08-28,81.0648,81.0648,80.1302,80.8017,1090470
2015-08-31,80.8274,81.2385,80.3100,81.2385,963063
2015-09-01,81.2817,81.4305,80.9263,81.4305,911917
2015-09-02,81.7971,83.0833,81.7971,82.5218,2074587
2015-09-03,82.5534,83.0521,82.2585,82.8790,1076517
2015-09-04,83.2482,84.0798,82.9732,84.0798,1538101
2015-09-07,84.0764,84.3091,83.3159,84.0481,539998
2015-09-08,83.9576,83.9576,82.3926,82.3926,3467123
2015-09-09,82.2155,82.2155,81.0692,81.2286,1426196
2015-09-10,81.0600,81.5534,80.6268,80.7312,1293186
2015-09-11,80.8244,81.0972,80.4257,81.0090,1205249
2015-09-14,81.0710,81.6822,81.0710,81.6822,2130620
2015-09-15,81.2936,81.3467,79.9299,79.9299,2375829
2015-09-16,80.0865,80.7421,79.7942,80.6882,1282847
2015-09-17,80.8624,81.9268,80.7900,81.9268,1789349
2015-09-18,82.1490,82.9482,82.1490,82.9329,1587061
2015-09-21,83.0033,83.5748,83.0033,83.1729,1210834
2015-09-22,82.9747,82.9747,81.9881,81.9881,1886860
2015-09-23,81.9939,82.2183,81.6843,82.0136,648397
2015-09-24,81.9571,82.1748,81.3199,81.7235,1470699
2015-09-25,81.6994,81.9842,81.5099,81.5846,1200958
2015-09-28,81.4628,81.9314,80.0162,80.0314,2572564
2015-09-29,80.1820,81.3066,80.0980,81.1788,3117206
2015-09-30,80.9956,80.9956,80.1107,80.4155,1485996
2015-10-01,80.6419,81.1838,80.3990,81.1838,1497574
2015-10-02,81.4110,82.0099,81.1827,81.8406,1434335
2015-10-05,81.7739,81.8032,80.5809,80.5815,3225511
2015-10-06,80.5417,80.5417,79.6602,80.0001,1324658
2015-10-07,79.8632,80.0128,78.8696,79.0576,1786296
2015-10-08,79.1857,79.6441,79.0774,79.6441,1722575
2015-10-09,79.6269,80.0296,79.4371,79.4887,894861
2015-10-12,79.5733,80.4822,79.5733,80.4776,1980751
2015-10-13,80.5399,81.4478,80.5399,80.7218,946091
2015-10-14,80.7324,80.9395,80.6279,80.7614,617103
2015-10-15,80.8124,81.4386,80.8124,81.4346,1374884
2015-10-16,81.5048,82.7596,81.5048,82.7596,1636075
2015-10-19,83.0230,83.6110,83.0230,83.5959,1622401
2015-10-20,83.5542,83.9879,83.2020,83.2807,1052332
2015-10-21,83.3497,84.1245,83.2893,83.6279,1136565
2015-10-22,83.7928,84.8008,83.5334,84.6035,2507552
2015-10-23,84.7117,85.3962,84.7117,84.9885,1489083
2015-10-26,84.5665,84.5665,83.2328,83.5901,1449817
2015-10-27,83.3747,83.4457,82.8259,82.8259,1561847
2015-10-28,82.8740,83.4659,82.8740,83.3828,1416855
2015-10-29,83.4714,84.1075,83.4714,83.8615,1863395
2015-10-30,83.8394,83.8525,82.9181,83.4786,1559083
2015-11-02,83.3974,83.3974,82.3317,83.1325,1142487
2015-11-03,82.8574,83.0850,81.7810,82.1417,1558549
2015-11-04,82.0422,82.3027,81.3390,81.7111,2270919
2015-11-05,81.8486,83.2179,81.7637,83.1088,2423765
2015-11-06,83.1811,84.0628,82.9645,83.6512,1442002
2015-11-09,83.5529,83.8194,81.8312,81.8312,2541190
2015-11-10,81.7818,82.6630,81.5365,81.5848,1355939
2015-11-11,81.5524,81.6577,81.4668,81.4668,925796
2015-11-12,81.0796,81.1737,79.9681,79.9973,1956762
2015-11-13,79.9290,80.2854,79.2199,79.2199,1311507
2015-11-16,79.2725,80.0843,78.7881,79.7710,3063662
2015-11-17,79.8166,80.2126,79.7611,79.9756,1272451
2015-11-18,80.0861,80.7538,80.0861,80.7538,1173506
2015-11-19,80.6953,80.6953,79.8987,80.0986,1752631
2015-11-20,80.0655,80.5093,79.9667,79.9667,1088580
2015-11-23,79.8636,80.0003,79.5760,79.5760,1592160
2015-11-24,79.6234,80.3695,79.3762,80.3695,1738996
2015-11-25,80.8810,82.0952,80.8810,82.0952,2471283
2015-11-26,82.0604,82.3667,81.6822,81.7386,1218144
2015-11-27,81.7968,82.3526,81.7843,82.2910,1536910
2015-11-30,82.3894,82.8076,82.3894,82.6885,1337503
2015-12-01,82.7522,82.9435,81.7840,82.9435,1082200
2015-12-02,83.3089,84.0301,82.4946,84.0301,2255903
2015-12-03,84.4148,85.3848,84.2843,85.3848,1084552
2015-12-04,85.2918,85.4773,84.8317,84.9805,1169444
2015-12-07,85.1337,85.5286,84.6591,85.5286,2281832
2015-12-08,85.5330,85.9881,85.4920,85.5551,816762
2015-12-09,85.4322,85.4501,85.0239,85.1460,1527108
2015-12-10,85.1208,85.1208,84.7408,84.7408,783326
2015-12-11,84.5665,84.6813,84.2245,84.2245,1145381
2015-12-14,83.9462,84.2462,83.0744,83.2894,2329487
2015-12-15,83.1714,83.1714,81.5746,81.9260,2996427
2015-12-16,82.0283,82.3025,81.4445,82.2253,1630687
2015-12-17,82.1402,82.5328,81.7902,81.7902,1101750
2015-12-18,81.8197,82.6766,81.8197,82.2934,2002095
2015-12-21,82.0249,82.2747,81.2610,81.3617,1567239
2015-12-22,81.6421,82.5148,81.6421,82.5148,1947345
2015-12-23,82.5924,83.0605,82.1664,83.0605,1646420
2015-12-24,83.0385,84.0016,82.9830,82.9830,1139867
2015-12-25,83.1269,84.2978,83.1269,84.2978,2205031
2015-12-28,84.2787,84.2787,83.5634,83.9959,982908
2015-12-29,83.9950,84.4722,83.9608,83.9927,753769
2015-12-30,83.9444,84.2576,83.8418,83.8418,1467041
2015-12-31,83.5905,83.5905,82.9248,83.1067,1979270
2016-01-01,83.3278,84.7108,83.3278,84.7108,2175391
2016-01-04,84.7666,84.8815,84.4164,84.8815,1052121
2016-01-05,84.9863,85.9744,84.9863,85.9744,2011725
2016-01-06,85.8150,85.9796,85.2449,85.2449,2278870
2016-01-07,85.3270,85.9076,85.3148,85.7626,1238600
2016-01-08,85.9125,86.5713,85.4165,86.3520,1409085
2016-01-11,86.5189,88.0133,85.9865,88.0133,2577662
2016-01-12,88.0451,88.6048,87.3827,88.1743,1747387
2016-01-13,88.1209,88.1209,87.5271,87.9598,707145
2016-01-14,88.0279,88.7006,87.7475,88.5843,1451312
2016-01-15,88.5199,88.6289,87.6135,87.6135,1881737
2016-01-18,87.9921,89.0077,87.9921,89.0077,2392060
2016-01-19,89.0515,89.3762,88.2552,89.3762,1932781
2016-01-20,89.5280,90.6753,89.1505,90.6753,2200157
2016-01-21,90.6126,90.6250,90.1726,90.2502,1516554
2016-01-22,90.2303,90.9674,90.1357,90.1357,687138
2016-01-25,90.1051,90.4993,89.7035,89.7035,1319187
2016-01-26,89.5065,89.9640,88.7154,88.7154,2596074
2016-01-27,88.6166,88.6166,87.7755,88.2913,1673651
2016-01-28,88.2866,88.5690,87.7774,88.2248,1502817
2016-01-29,87.9775,88.0499,87.2299,87.2299,1844035
2016-02-01,87.1905,87.5818,86.0766,86.5544,1486980
2016-02-02,86.2466,86.4822,85.1787,85.1787,2388878
2016-02-03,85.2197,85.7146,85.0846,85.7079,1591208
2016-02-04,85.8617,86.5373,85.4161,86.2087,1408914
2016-02-05,86.0268,86.0268,83.6804,83.9319,2056051
2016-02-08,84.0666,85.3920,84.0666,85.3920,2499580
2016-02-09,85.0121,86.4065,84.0927,84.0927,1315925
2016-02-10,84.5115,86.1206,84.3844,86.1206,1968175
2016-02-11,86.1643,86.7553,85.1824,86.7287,1935440
2016-02-12,86.9156,88.0371,86.7283,87.8945,1379751
2016-02-15,88.1290,89.5992,88.1290,88.6223,2195979
2016-02-16,88.4977,88.4977,86.4089,88.1369,1395512
2016-02-17,87.9849,88.6231,86.0697,87.1820,1296357
2016-02-18,86.9478,87.8498,84.4892,84.4892,1509670
2016-02-19,84.5296,85.3436,83.8416,84.6440,1091741
2016-02-22,84.7065,85.5569,84.3938,84.8772,1276330
2016-02-23,84.5015,85.6803,83.6178,83.6178,1315441
2016-02-24,83.4877,84.5663,82.2163,82.5908,1346555
2016-02-25,82.7427,83.5034,81.3376,83.5034,1302253
2016-02-26,83.8486,85.7177,83.8486,84.5037,1669476
2016-02-29,84.2295,84.8769,83.6688,83.6688,1252673
2016-03-01,83.6946,83.9530,83.3785,83.8879,858255
2016-03-02,83.9251,84.9858,83.9251,84.5940,1743664
2016-03-03,84.4362,84.6691,83.8779,83.9220,1430104
2016-03-04,83.9583,84.5247,83.7841,84.1376,1390140
2016-03-07,84.2485,84.9990,83.9020,84.9990,3053956
2016-03-08,84.9983,85.5541,84.9934,84.9934,1244259
2016-03-09,85.4791,86.5789,85.4163,86.5789,1858239
2016-03-10,86.5037,86.5037,85.5630,85.8631,2284064
2016-03-11,86.1715,86.9489,86.1693,86.7836,2372243
2016-03-14,86.8577,87.2501,86.8176,87.0058,1017746
2016-03-15,86.8452,87.2613,86.3719,86.3719,3362629
2016-03-16,86.3231,86.3231,84.9375,85.4241,2720832
2016-03-17,85.4191,85.7896,85.3249,85.3888,948058
2016-03-18,85.4660,86.3935,85.4660,85.9339,934363
2016-03-21,86.0180,87.6056,86.0180,87.6056,5090162
2016-03-22,87.4842,87.4842,87.0961,87.1646,1496863
2016-03-23,87.2436,87.7567,87.0365,87.4891,1168827
2016-03-24,87.4466,87.5174,86.9353,87.0416,1390047
2016-03-25,87.0168,87.1665,86.8538,86.8623,1250884
2016-03-28,86.8235,86.9953,86.5064,86.6047,1254223
2016-03-29,86.5935,87.0520,86.4162,86.4162,664750
2016-03-30,86.5033,87.5371,86.5033,87.0388,977277
2016-03-31,87.2110,87.9333,87.0078,87.6234,1844050
2016-04-01,87.4810,87.4810,86.6178,86.6782,1617592
2016-04-04,86.7166,87.1510,86.4718,86.9804,1081427
2016-04-05,86.6774,86.6774,85.2748,85.3281,1947597
2016-04-06,85.1815,85.1815,83.5576,83.8595,2370003
2016-04-07,84.0436,84.6862,84.0436,84.5641,2815771
2016-04-08,84.3379,84.3859,83.7428,83.8594,1028002
2016-04-11,83.6576,83.9242,83.1423,83.1423,2162232
2016-04-12,83.0923,83.2594,82.1929,82.3636,1156292
2016-04-13,82.3328,82.5734,81.6465,82.1531,1556003
2016-04-14,82.2158,82.5094,82.0054,82.5094,1592188
2016-04-15,82.5989,83.8803,82.5989,83.8803,1926165
2016-04-18,83.8833,84.1664,83.3387,83.9073,997837
2016-04-19,83.8047,83.8788,83.0800,83.0800,1812143
2016-04-20,83.3149,83.8915,83.0760,83.8042,1314012
2016-04-21,84.0677,84.9838,84.0677,84.5827,1840030
2016-04-22,84.8697,85.5990,84.5328,85.5990,1771201
2016-04-25,85.8080,86.5076,85.7743,86.2540,1689505
2016-04-26,86.3133,86.5874,85.7705,86.5269,1537079
2016-04-27,86.6848,87.8935,86.5525,87.8935,2134170
2016-04-28,87.9298,88.0355,87.6409,88.0055,937017
2016-04-29,88.4190,89.6394,88.4190,89.6394,1548505
2016-05-02,89.7932,90.1724,89.6486,90.1724,1938449
2016-05-03,90.3298,90.8209,90.3298,90.6821,1277076
2016-05-04,90.8496,91.2927,90.8236,91.2927,1653120
2016-05-05,91.0868,91.6066,90.1872,90.4882,3451127
2016-05-06,90.6134,91.0625,90.4277,91.0625,1615086
2016-05-09,91.1272,91.5890,90.6030,91.2803,2455418
2016-05-10,91.7076,92.5828,91.1579,92.5828,2163306
2016-05-11,92.4534,92.4534,91.4354,91.4354,1664346
2016-05-12,91.3390,91.3960,90.9424,91.1266,1248607
2016-05-13,91.0869,91.5828,90.9909,90.9909,1536102
2016-05-16,90.9737,91.3321,90.8302,90.9234,1410147
2016-05-17,90.7792,90.7792,89.4682,89.4682,2897921
2016-05-18,89.5788,90.2207,89.5788,89.9931,1286464
2016-05-19,90.1350,91.1863,90.1350,91.1863,2222330
2016-05-20,91.1725,91.3223,90.4328,91.0619,1582661
2016-05-23,91.0862,91.2015,90.5385,91.2015,1336583
2016-05-24,91.2070,91.8047,91.0533,91.2891,978156
2016-05-25,90.9229,91.5345,90.1569,90.1569,2094208
2016-05-26,90.1100,90.5020,89.7808,89.9997,1083081
2016-05-27,89.6105,89.6105,88.7470,88.7470,2436722
2016-05-30,88.5827,88.6375,88.1149,88.2048,2082978
2016-05-31,87.9657,87.9657,87.1300,87.3895,1487240
2016-06-01,87.4449,88.1254,87.1511,87.7229,1183563
2016-06-02,88.0341,89.4977,88.0341,88.7063,2171055
2016-06-03,88.6496,88.6619,87.7643,87.9992,1403892
2016-06-06,88.0042,88.3628,87.9967,88.0835,896616
2016-06-07,88.2572,88.8752,87.7920,88.6454,2682849
2016-06-08,88.5558,89.0245,88.3585,88.3585,1081049
2016-06-09,88.1354,88.6258,87.6669,87.6669,1440722
2016-06-10,87.6265,87.6918,87.1339,87.4058,1794734
2016-06-13,87.5296,88.1793,87.5296,87.9274,1159422
2016-06-14,87.9114,88.0431,87.6230,87.7222,931962
2016-06-15,87.6129,87.8246,86.8143,87.2950,1672879
2016-06-16,87.1615,87.1615,86.4009,86.7593,1517882
2016-06-17,86.9748,87.6395,86.4643,87.6395,1554204
2016-06-20,87.6648,88.5393,87.4828,88.0957,1160043
2016-06-21,88.1187,88.6190,87.9887,88.1914,995078
2016-06-22,88.1890,88.8366,88.1810,88.1810,1466536
2016-06-23,87.8791,87.8791,87.0301,87.3190,1868566
2016-06-24,87.3359,87.9982,87.3359,87.4844,890022
2016-06-27,87.5701,87.9529,86.8755,87.9529,962880
2016-06-28,87.7866,88.1439,87.4497,87.4497,2252267
2016-06-29,87.2252,87.3262,86.5425,86.5655,1832546
2016-06-30,86.5552,86.7624,85.8495,86.4535,1918608
2016-07-01,86.1000,86.1883,85.2457,85.2457,1976514
2016-07-04,84.9908,84.9908,84.3444,84.3863,1710500
2016-07-05,85.0867,86.4259,85.0867,86.4259,3079449
2016-07-06,86.4421,87.1145,86.4421,86.5299,1226188
2016-07-07,86.3717,86.3717,85.2034,85.7722,1516279
2016-07-08,85.5391,85.5391,84.2198,85.0676,1331910
2016-07-11,85.0315,85.0315,84.5381,84.6434,2085904
2016-07-12,84.7289,85.7981,84.7251,85.7981,1901471
2016-07-13,85.1364,85.1364,83.7061,83.9093,2316060
2016-07-14,83.4812,83.4812,81.9329,81.9329,4317839
2016-07-15,82.0133,82.4133,81.8541,82.1868,2819157
2016-07-18,82.1849,82.4627,81.6905,82.1776,1391934
2016-07-19,82.3859,83.0391,81.7391,83.0391,3202932
2016-07-20,83.3782,84.0657,83.3782,84.0657,1929005
2016-07-21,84.0330,84.2201,83.8711,83.8711,1051021
2016-07-22,83.8458,84.3021,83.5268,83.5288,2154949
2016-07-25,83.6531,84.1005,83.3583,84.0374,916222
2016-07-26,83.9836,84.6553,83.7111,83.7111,1996922
2016-07-27,83.5093,83.5093,82.4572,82.7252,1508870
2016-07-28,82.8346,83.8189,82.5248,83.8101,2263376
2016-07-29,83.7390,83.7390,83.0919,83.5395,2068158
2016-08-01,83.4113,83.5385,81.7064,82.6061,2918941
2016-08-02,82.6640,83.8858,82.6640,83.0062,1636015
2016-08-03,83.6072,85.0996,83.4207,84.8089,2402893
2016-08-04,84.9055,85.5189,84.4917,85.5189,1587396
2016-08-05,85.5288,85.6878,85.0013,85.6807,1052632
2016-08-08,85.7956,86.9881,85.5630,86.9881,1883019
2016-08-09,87.2195,87.6781,86.5544,87.6781,1270826
2016-08-10,87.5917,87.5917,86.2909,86.2909,1457317
2016-08-11,86.4062,87.0503,86.3100,86.6613,1174823
2016-08-12,86.6832,87.4273,86.6832,87.0072,1282811
2016-08-15,87.5663,88.9595,87.5663,88.9595,2405049
2016-08-16,89.0564,90.3371,89.0564,89.9008,1375948
2016-08-17,90.0853,91.7712,90.0853,91.7712,2646783
2016-08-18,91.5671,91.7361,90.5669,90.9547,1997107
2016-08-19,90.8010,90.8010,89.9656,90.3214,1876507
2016-08-22,90.1607,90.2320,89.7335,89.8055,1231838
2016-08-23,89.8756,90.1788,89.7904,90.1501,1352234
2016-08-24,90.1487,90.1487,89.6472,90.1412,523032
2016-08-25,90.0308,90.0308,89.2177,89.2177,1745931
2016-08-26,89.2171,89.3709,88.8638,89.2151,980930
2016-08-29,89.0018,89.3620,88.1445,88.1445,2269022
2016-08-30,88.0362,88.0362,87.4097,87.5334,1521461
2016-08-31,87.0655,87.1137,85.9822,85.9822,3496593
2016-09-01,86.0135,86.1892,85.7828,86.1866,1411288
2016-09-02,85.8175,85.8845,84.7476,85.1315,1510510
2016-09-05,85.1774,85.8528,85.1582,85.2998,877289
2016-09-06,85.0273,85.0273,84.0228,84.2816,1345932
2016-09-07,84.2638,84.2638,83.9919,84.1891,1106480
2016-09-08,84.2783,84.8368,84.2783,84.4664,1011573
2016-09-09,84.3846,85.1339,84.2124,84.2124,1526434
2016-09-12,83.8896,84.2555,82.9294,83.1945,1041978
2016-09-13,83.2035,83.2374,82.6229,83.2374,1111285
2016-09-14,83.2687,83.6902,83.2687,83.3796,1161528
2016-09-15,83.4979,83.8794,83.4979,83.8524,1005192
2016-09-16,83.8210,83.9351,82.8576,83.6903,2322176
2016-09-19,83.5771,84.0568,82.9036,82.9036,1390027
2016-09-20,82.8713,83.5005,82.6295,82.6295,1213249
2016-09-21,82.8696,84.3455,82.8696,84.3417,3255714
2016-09-22,84.3424,85.2109,84.3424,84.3504,1098383
2016-09-23,84.3501,84.3501,83.2414,84.3467,1116151
2016-09-26,84.4649,84.8931,84.3546,84.7031,1440905
2016-09-27,84.6517,84.7628,84.3162,84.5417,1619182
2016-09-28,84.6434,85.0624,84.5031,84.8461,971302
2016-09-29,84.8137,84.9689,84.2193,84.7068,591809
2016-09-30,85.0498,86.4058,84.9773,86.4058,2430793
2016-10-03,86.5442,86.8733,85.7092,86.8733,1438763
2016-10-04,86.6897,86.7817,86.1936,86.1936,1228937
2016-10-05,86.0272,86.0272,85.3167,85.4828,1016041
2016-10-06,85.3915,85.9571,85.1620,85.1799,1266368
2016-10-07,85.1734,85.1734,84.1372,85.1547,863252
2016-10-10,85.1344,85.1344,83.7552,84.7875,1239841
2016-10-11,84.8389,85.3706,84.7540,85.2116,1720435
2016-10-12,84.8740,85.1974,84.0234,84.0234,2465349
2016-10-13,84.2086,85.2473,84.2086,84.7956,2297887
2016-10-14,84.4733,84.4733,83.6085,83.7148,2995275
2016-10-17,83.7620,84.2230,83.7399,84.1212,1610129
2016-10-18,84.4014,85.6080,84.3789,85.6080,3872220
2016-10-19,85.7004,87.1205,85.7004,86.2792,1230596
2016-10-20,86.2305,86.3661,85.5494,85.7529,2135907
2016-10-21,85.7546,85.7649,85.3139,85.7649,680080
2016-10-24,85.6559,86.1712,85.3157,85.3157,1627933
2016-10-25,85.2123,85.2123,84.2147,84.9665,1758088
2016-10-26,84.8695,84.8875,84.1346,84.4336,2451032
2016-10-27,84.4908,84.6905,83.8815,84.6905,1062024
2016-10-28,84.7223,85.1544,84.4368,84.8852,1283699
2016-10-31,85.1362,85.8766,84.9411,85.8405,1706117
2016-11-01,86.0604,86.8075,85.9477,86.7439,1562836
2016-11-02,86.6949,87.0909,86.1907,86.1907,1174698
2016-11-03,86.4022,87.4327,86.2012,87.2426,2869115
2016-11-04,87.3418,88.1180,87.2825,87.5826,918466
2016-11-07,87.7046,88.2664,87.2784,88.2648,1867213
2016-11-08,88.2840,88.5426,88.0785,88.5426,1322513
2016-11-09,88.5072,88.9463,88.3133,88.4018,995010
2016-11-10,88.7807,90.0441,88.4753,90.0441,3207818
2016-11-11,90.0870,90.4966,89.9379,90.4966,912721
2016-11-14,90.3438,90.5110,89.8106,89.9956,1464857
2016-11-15,89.8153,89.8153,88.6529,88.8642,1920073
2016-11-16,88.9210,90.4546,88.9210,89.0520,1263158
2016-11-17,89.1156,89.8061,89.1156,89.3797,1464292
2016-11-18,89.1909,89.3465,88.0916,88.4526,2723311
2016-11-21,88.3201,88.3201,87.5168,88.0112,1416908
2016-11-22,87.6450,88.3906,86.8610,86.8610,1638761
2016-11-23,86.7651,86.7651,85.9122,86.0104,1594039
2016-11-24,85.7187,85.7187,84.9803,85.1301,2093753
2016-11-25,85.0272,85.0272,84.3251,84.3251,1298077
2016-11-28,84.3207,84.8089,84.2306,84.2934,902365
2016-11-29,84.3751,84.7587,84.1363,84.7587,1357300
2016-11-30,84.7818,84.8954,83.7876,84.8954,1545523
2016-12-01,84.8786,85.0959,84.6341,84.8419,1442562
2016-12-02,84.8981,85.3139,84.8981,85.2928,1694735
2016-12-05,85.2337,85.3487,84.4967,85.0515,962657
2016-12-06,85.0719,85.4494,84.9104,85.2298,874826
2016-12-07,85.2718,85.5960,84.9522,85.3580,1032677
2016-12-08,85.2474,86.1382,84.7317,84.7317,1896535
2016-12-09,84.5852,84.5852,84.1376,84.1753,1617362
2016-12-12,84.1933,84.5456,83.6525,84.3172,1281635
2016-12-13,84.1876,84.3176,83.7657,83.7657,1845200
2016-12-14,83.3402,83.3900,82.2719,82.3801,1426053
2016-12-15,82.4699,82.9530,82.2641,82.7312,1176949
2016-12-16,83.1016,84.1785,83.1016,84.1785,1836206
2016-12-19,84.2469,84.7990,84.1768,84.7990,1472303
2016-12-20,85.0203,85.4358,84.5432,85.4358,1278853
2016-12-21,85.6436,86.4607,85.6436,86.2919,1751346
2016-12-22,86.3177,86.9539,86.1620,86.4293,552541
2016-12-23,86.6717,87.2308,85.9065,87.2308,1603419
2016-12-26,87.2882,87.8941,87.2882,87.6092,1956817
2016-12-27,87.6374,88.6614,87.6374,88.1351,1981081
2016-12-28,88.1509,88.3764,87.4609,88.3764,1331367
2016-12-29,88.8602,89.8128,88.4464,89.8128,2091557
2016-12-30,90.0208,90.6934,90.0208,90.4910,2743910
2017-01-02,90.4475,90.8752,90.3215,90.3215,1317987
2017-01-03,90.5589,92.0560,90.5589,91.6128,1786758
2017-01-04,91.6094,91.6094,90.9932,91.5748,711577
2017-01-05,91.4653,91.8114,91.1459,91.1459,1365850
2017-01-06,91.2092,91.6561,90.9392,91.5059,1714987
2017-01-09,91.8672,92.7923,91.8672,92.7923,4203951
2017-01-10,92.7510,92.7510,91.8652,92.5088,915352
2017-01-11,92.9063,94.2664,92.9063,94.1318,3405506
2017-01-12,94.1411,94.5801,94.0954,94.2672,1285013
2017-01-13,95.0181,96.5894,94.8241,96.5599,3200734
2017-01-16,96.6576,97.5608,96.6501,96.8472,980186
2017-01-17,96.8607,97.0592,96.3035,96.8943,1078220
2017-01-18,97.0754,98.1389,97.0754,98.0997,3222379
2017-01-19,97.8914,97.9659,97.2124,97.3758,1472864
2017-01-20,97.4653,97.6981,96.8726,97.6842,879294
2017-01-23,97.7335,98.2747,97.3287,97.8258,974568
2017-01-24,97.8308,98.1753,97.0863,97.8892,1653562
2017-01-25,97.5713,97.5713,95.1999,95.1999,4695346
2017-01-26,95.3157,95.8968,94.7941,95.8968,1735988
2017-01-27,95.8874,96.0912,95.1723,95.8691,908303
2017-01-30,95.8958,96.5585,95.8958,96.1068,846489
2017-01-31,96.0014,96.0616,95.0681,95.7753,1512766
2017-02-01,96.2490,97.5116,96.2490,97.3773,3211769
2017-02-02,97.4328,98.2946,97.1811,98.2946,2770766
2017-02-03,98.1703,98.4174,97.7131,97.7131,1572246
2017-02-06,97.7314,98.0314,97.5072,98.0314,1127707
2017-02-07,98.0028,98.5906,97.5484,97.8986,1526608
2017-02-08,97.8795,98.2692,97.4963,97.6501,1937247
2017-02-09,97.6269,97.6269,97.2256,97.4745,1079613
2017-02-10,97.5699,98.1763,97.3406,97.9667,734969
2017-02-13,97.5780,97.8219,96.3836,96.3836,2451804
2017-02-14,96.6346,98.4450,96.6300,98.2305,2636160
2017-02-15,98.2283,98.4991,98.0627,98.1911,858474
2017-02-16,98.0680,98.0680,96.6122,96.6122,2840450
2017-02-17,96.6567,96.8921,95.9780,96.8513,1206334
2017-02-20,96.4089,96.4089,95.3156,95.5656,2426632
2017-02-21,95.5352,95.6359,94.7928,95.4755,751683
2017-02-22,95.4698,95.9224,95.2243,95.3836,1227259
2017-02-23,95.5828,97.2837,95.5828,96.7360,1957816
2017-02-24,96.8579,98.2702,96.8579,98.2702,2303239
2017-02-27,98.3814,99.0661,98.3814,98.9209,1865579
2017-02-28,99.2761,100.4083,99.2761,99.9983,1863099
2017-03-01,100.1119,100.6737,99.7083,100.6737,1972128
2017-03-02,100.7703,101.4710,100.4227,101.2332,1255565
2017-03-03,101.3033,102.2364,100.9263,102.2364,2735071
2017-03-06,102.8093,104.4618,102.8093,104.2219,1528366
2017-03-07,104.4464,105.2175,104.2073,105.2175,1445023
2017-03-08,105.3637,105.9894,105.0328,105.9636,1505762
2017-03-09,106.1169,107.6492,106.1169,107.3056,2964282
2017-03-10,107.5877,108.6070,107.5877,108.4707,1283184
2017-03-13,108.2013,108.2013,106.9351,107.1483,1303113
2017-03-14,106.9107,107.1903,105.9421,106.0249,1539499
2017-03-15,106.0542,106.2201,105.6679,106.2201,1026322
2017-03-16,106.1793,106.4911,105.8121,106.0557,1864816
2017-03-17,106.0527,106.1187,105.1188,106.0271,771964
2017-03-20,105.9335,106.6439,105.0266,105.3674,923005
2017-03-21,105.3113,105.4914,104.3506,104.9071,1313134
2017-03-22,105.6112,107.1481,105.6112,106.9343,2174538
2017-03-23,107.0772,108.4263,107.0772,108.2160,1909876
2017-03-24,108.2028,109.2423,107.9574,108.0988,915668
2017-03-27,108.1970,109.2295,108.1970,108.6269,1967856
2017-03-28,108.8095,109.7869,108.8095,109.6029,1806016
2017-03-29,109.5033,109.9264,108.8343,109.0781,1560083
2017-03-30,108.8848,109.3980,108.3133,108.3133,1339447
2017-03-31,108.3879,108.9416,108.3782,108.5663,1891944
2017-04-03,108.6061,109.3317,108.3045,109.0391,1305651
2017-04-04,109.1770,110.3447,108.8163,109.6218,1040464
2017-04-05,109.8482,110.9223,109.4720,110.9223,1113355
2017-04-06,111.0851,111.8172,111.0851,111.8172,1453100
2017-04-07,112.3713,113.8037,112.2419,113.8037,1831945
2017-04-10,113.6589,113.9622,112.3564,113.1289,1866008
2017-04-11,113.2790,114.0771,113.0051,113.8519,1950738
2017-04-12,113.5832,114.4565,112.8781,112.8781,1702107
2017-04-13,112.7220,113.6506,112.3467,112.3467,1530152
2017-04-14,112.5773,113.3898,111.9556,113.3898,1481826
2017-04-17,113.0203,113.0203,111.0260,111.7770,4313041
2017-04-18,111.8154,112.5393,111.5740,112.0924,1361706
2017-04-19,112.2755,113.7605,111.9242,113.7291,1272420
2017-04-20,114.1005,115.1408,113.6742,115.0248,1818450
2017-04-21,115.3030,115.9338,115.1970,115.9338,1277542
2017-04-24,116.2542,117.4234,116.1998,117.4234,2960683
2017-04-25,117.6155,118.1760,117.1211,118.1760,962328
2017-04-26,118.2751,119.5403,118.2173,118.9199,1207824
2017-04-27,118.7087,118.7087,118.0890,118.3146,1949767
2017-04-28,118.4582,119.6093,118.2515,119.2252,1250485
2017-05-01,119.3100,120.1077,119.2206,119.9590,1134969
2017-05-02,119.6820,119.9937,118.9788,119.1673,1368641
2017-05-03,119.1457,119.1457,117.7802,118.9085,1130429
2017-05-04,118.7446,118.8544,117.8160,118.2583,1255189
2017-05-05,117.9915,118.2698,116.9860,117.2217,1886187
2017-05-08,117.1113,117.7825,116.6852,116.6852,1976237
2017-05-09,116.7784,117.2924,116.6235,117.0778,2022670
2017-05-10,117.1315,117.8470,117.1315,117.3448,831310
2017-05-11,117.5838,118.7657,117.1064,118.5652,1926354
2017-05-12,118.7686,120.1838,118.7686,119.3318,2168947
2017-05-15,118.9167,119.0365,117.1175,117.1175,2817266
2017-05-16,116.8966,116.9403,116.0910,116.2953,1595403
2017-05-17,116.1881,116.1881,115.2088,115.7185,1919545
2017-05-18,115.7587,116.4113,115.7587,116.1411,1198180
2017-05-19,116.5045,118.1371,116.5045,117.7764,2072126
2017-05-22,117.6694,117.9315,116.8678,117.4392,1375273
2017-05-23,117.4675,118.1136,117.0632,117.8508,1746449
2017-05-24,117.4845,117.5789,115.9447,116.1086,2588541
2017-05-25,116.2088,116.8977,116.0889,116.4766,1067324
2017-05-26,116.6841,117.9675,116.0264,117.9675,2027670
2017-05-29,118.1228,118.9786,117.6557,118.9561,2089481
2017-05-30,118.8423,119.3310,118.2431,118.2431,1702261
2017-05-31,118.2388,118.5264,117.6594,118.2162,865468
2017-06-01,118.2762,118.8855,118.0033,118.6005,971314
2017-06-02,118.7022,119.4980,118.4560,119.0583,1221450
2017-06-05,118.8889,118.8889,118.3019,118.3504,1661632
2017-06-06,118.5685,119.9222,118.5685,119.2490,1641855
2017-06-07,119.5618,120.2405,119.2188,120.2405,1896651
2017-06-08,120.1271,120.4211,119.2846,119.7413,1341093
2017-06-09,119.8483,120.7118,119.7120,120.2405,1637542
2017-06-12,120.5694,121.8362,120.5694,121.8362,1346774
2017-06-13,122.3388,123.8739,122.2574,123.8739,3290112
2017-06-14,123.6181,123.6181,121.5386,122.1019,2917332
2017-06-15,122.0047,122.4548,120.8119,120.8362,1098883
2017-06-16,121.2749,122.9081,121.2749,122.8333,2648602
2017-06-19,123.2731,125.1916,123.2731,124.1526,2842002
2017-06-20,124.5690,125.8278,124.4398,125.8278,3518874
2017-06-21,125.8321,126.5298,125.2346,125.8426,838729
2017-06-22,125.9409,127.3867,125.9217,126.5434,1325729
2017-06-23,126.7851,128.0938,126.6970,128.0938,1254851
2017-06-26,128.0908,128.3772,127.1151,128.0562,1141762
2017-06-27,127.3333,127.3333,125.8938,125.9093,2744156
2017-06-28,125.7658,126.0141,125.0962,125.2378,844114
2017-06-29,125.3127,125.7418,125.0184,125.5078,989610
2017-06-30,125.8157,126.7895,125.8157,126.5404,1885788
2017-07-03,126.5027,126.5849,124.9983,126.1935,1151976
2017-07-04,126.8253,128.5781,126.8253,128.2696,3024370
2017-07-05,128.4698,129.8016,128.4648,129.8016,2599862
2017-07-06,129.8670,130.3149,129.5173,130.0569,1296211
2017-07-07,130.0399,130.4136,128.5954,129.8161,1371665
2017-07-10,129.7658,130.1288,129.2171,129.6594,769965
2017-07-11,129.5918,129.5918,128.7066,129.3039,1490890
2017-07-12,129.3765,130.3694,129.3765,129.9392,2705328
2017-07-13,129.8888,130.2105,129.1414,129.7312,1039754
2017-07-14,129.6488,130.0095,128.0102,128.1315,2017005
2017-07-17,128.4217,129.6603,128.3504,129.3351,1770955
2017-07-18,128.9406,129.5269,128.1666,128.1666,1879120
2017-07-19,127.7759,128.2739,126.8737,126.8853,1406366
2017-07-20,127.0575,128.5002,127.0575,127.4007,1511781
2017-07-21,127.3405,127.7899,127.0124,127.1069,1220392
2017-07-24,127.2557,127.9888,127.2557,127.6919,980246
2017-07-25,127.7904,128.8963,127.7904,128.4428,1250360
2017-07-26,128.2650,129.6360,126.9346,126.9346,1614083
2017-07-27,126.8141,126.8141,125.3826,125.6543,2512144
2017-07-28,125.5289,125.7093,125.0486,125.2087,1407391
2017-07-31,125.1591,126.1581,124.9482,125.0228,1182131
2017-08-01,124.9440,125.4050,124.1619,124.6558,1926858
2017-08-02,124.7161,125.9865,124.7161,125.3888,1928504
2017-08-03,125.5629,126.6664,125.5629,126.2244,1798543
2017-08-04,126.0991,126.0991,124.6245,125.5055,1609257
2017-08-07,125.2806,125.9969,124.4316,124.5498,1864476
2017-08-08,124.4193,124.5322,124.0715,124.0715,934132
2017-08-09,124.3061,124.8779,123.9071,124.8779,2297960
2017-08-10,125.5179,126.9964,125.5179,126.9964,3127005
2017-08-11,126.8861,127.3785,126.0091,126.3435,1877735
2017-08-14,126.3986,126.6922,126.0653,126.6811,1160485
2017-08-15,125.9606,126.9088,124.4042,124.4042,2786124
2017-08-16,124.4189,124.8198,123.7907,124.4711,1271426
2017-08-17,124.3222,124.5008,123.0414,123.4646,1559399
2017-08-18,123.4596,123.6474,123.0398,123.3858,822142
2017-08-21,123.5693,124.2078,122.9318,124.2078,2315419
2017-08-22,124.9191,126.8712,124.9191,126.8712,2773259
2017-08-23,126.7606,126.7606,124.8181,124.8181,2689754
2017-08-24,124.6768,125.5143,124.1595,124.1595,1177853
2017-08-25,124.1537,124.7407,123.9211,124.0985,982014
2017-08-28,123.8917,124.0986,123.3106,123.3106,1504303
2017-08-29,123.1177,123.1177,121.8804,121.8804,1842138
2017-08-30,121.7984,123.2083,120.9460,120.9460,1435401
2017-08-31,120.9087,121.9446,120.7546,120.7546,1376079
2017-09-01,120.6104,120.8241,119.7693,120.3116,1830866
2017-09-04,119.9797,119.9797,118.9585,118.9585,2175895
2017-09-05,119.0578,119.4458,118.3305,119.4458,932914
2017-09-06,119.4544,119.5977,118.9977,119.5945,880296
2017-09-07,119.8507,120.3725,119.2031,120.3725,1251504
2017-09-08,120.4931,121.0266,119.7235,121.0266,2067415
2017-09-11,121.2410,122.6085,121.2410,122.4275,1786440
2017-09-12,122.4734,123.2419,121.5270,122.6741,947451
2017-09-13,122.6457,122.7126,122.2976,122.3237,936386
2017-09-14,122.3286,122.7645,122.3286,122.3770,1327116
2017-09-15,122.4494,122.7461,121.1335,122.7461,1786142
2017-09-18,122.7679,123.1617,122.4311,122.9312,970305
2017-09-19,122.8405,122.8405,121.4348,122.3560,1995942
2017-09-20,122.3698,122.6184,121.7980,122.5405,1082112
2017-09-21,122.3953,122.7378,121.3168,121.3168,1989294
2017-09-22,121.3263,121.3633,120.5247,121.3633,1084377
2017-09-25,121.6512,122.4368,120.9828,122.3990,973425
2017-09-26,122.0708,122.0708,120.0669,120.1087,2519080
2017-09-27,120.1738,121.0815,120.0694,121.0815,1654677
2017-09-28,121.2757,122.5671,120.7169,122.3744,2603002
2017-09-29,122.3296,122.7677,121.9203,121.9889,1060131
2017-10-02,122.0424,122.3911,121.3960,122.3911,1762489
2017-10-03,122.1383,122.3333,120.9020,120.9020,1684615
2017-10-04,120.7753,120.7982,119.7861,119.7861,1218306
2017-10-05,119.8574,120.0580,118.9028,120.0580,2377799
2017-10-06,120.4190,121.6676,120.4190,121.1904,1670758
2017-10-09,121.3388,121.8830,121.3388,121.6648,1371084
2017-10-10,121.6422,122.5232,121.1571,121.2888,1568573
2017-10-11,121.1858,121.1858,120.3788,120.3788,2046827
2017-10-12,120.4043,120.7801,120.1887,120.5820,1113991
2017-10-13,120.5333,120.5333,118.8523,120.3034,752815
2017-10-16,119.8456,119.9203,118.8968,118.8968,2267263
2017-10-17,118.6435,118.6435,117.5220,117.7744,2152295
2017-10-18,118.1047,119.5801,117.5649,119.5801,3589178
2017-10-19,119.5370,119.8202,118.9651,119.3790,1170425
2017-10-20,119.3569,120.1581,119.0570,119.0570,1848638
2017-10-23,119.1248,119.2684,118.7524,119.2684,1244356
2017-10-24,118.9343,119.0623,117.7122,118.2266,1104674
2017-10-25,118.3776,119.0624,117.7637,119.0624,1540797
2017-10-26,118.9155,118.9155,116.7625,116.7625,2022423
2017-10-27,116.8690,117.9679,116.8690,117.9516,2170164
2017-10-30,117.6319,118.4361,116.8332,116.8332,1684124
2017-10-31,116.9124,117.0639,116.0476,117.0639,1076831
2017-11-01,116.7151,117.0992,115.2276,115.2276,2604800
2017-11-02,115.3167,115.8467,114.9184,115.6690,1097693
2017-11-03,115.6784,115.8559,114.8044,115.6978,1021546
2017-11-06,115.4967,115.4967,114.4732,114.4831,2005793
2017-11-07,114.5087,114.8454,113.4348,114.8454,1842001
2017-11-08,114.8525,114.9046,114.4983,114.8718,783721
2017-11-09,115.4274,116.7363,115.4274,116.6524,1799151
2017-11-10,116.8313,117.4077,116.5447,117.4077,1674247
2017-11-13,117.7537,118.8518,117.7537,118.6228,2334513
2017-11-14,118.6465,118.9082,117.9100,118.6964,1049587
2017-11-15,118.1568,118.1568,116.6893,116.8982,2720802
2017-11-16,117.0052,118.6658,117.0052,117.5096,1596498
2017-11-17,117.8743,119.6810,117.5458,119.6810,2892079
2017-11-20,120.0263,122.2863,119.9927,122.2863,2179600
2017-11-21,122.3676,122.6771,121.8508,122.6771,1105295
2017-11-22,122.2794,122.2794,120.8327,120.8327,3093005
2017-11-23,120.4681,120.4681,119.1105,119.1317,1772141
2017-11-24,119.4401,120.5099,119.3062,120.5099,2970432
2017-11-27,120.3813,120.3837,119.2860,120.0730,1657825
2017-11-28,120.1469,120.7974,119.7155,120.5890,1505049
2017-11-29,120.6080,121.2692,120.0159,120.6610,1671967
2017-11-30,120.3395,120.3395,118.9136,119.4258,1947015
2017-12-01,119.6291,120.6265,119.1055,120.3608,1159258
2017-12-04,120.4173,121.6473,120.4173,121.3742,1253481
2017-12-05,121.6101,123.3079,121.6101,123.1026,2917055
2017-12-06,123.0837,123.5570,122.6814,122.8496,806785
2017-12-07,122.8386,123.9409,122.7353,122.7353,1399665
2017-12-08,122.8921,123.5807,122.3193,123.3416,988309
2017-12-11,123.3714,124.0203,123.3714,123.6436,906051
2017-12-12,123.6524,124.0673,122.9500,123.7623,1219745
2017-12-13,123.7938,123.9921,123.6678,123.8891,1268344
2017-12-14,123.8844,124.0928,123.1284,123.8546,1879126
2017-12-15,124.2290,125.6210,124.2290,125.6210,2853464
2017-12-18,125.9715,126.8278,125.9715,126.6680,1418747
2017-12-19,126.5354,126.6604,125.1422,125.7215,1612944
2017-12-20,125.8625,127.1142,125.8625,126.5320,1187201
2017-12-21,126.5414,126.8085,125.7779,126.5621,975497
2017-12-22,127.2043,129.1798,127.1540,129.1798,2811813
2017-12-25,129.0086,129.0086,127.2446,128.3715,1688591
2017-12-26,128.4737,129.4873,128.4737,128.7745,1102315
2017-12-27,128.9507,130.6777,128.7646,129.7463,1318596
2017-12-28,129.8831,131.2149,129.8831,131.2149,2029689
2017-12-29,131.4584,132.2809,131.2494,132.2809,1605579
2018-01-01,132.2372,132.8636,132.0023,132.1137,920981
2018-01-02,132.1035,132.4294,131.5185,131.9530,1148944
2018-01-03,131.8920,132.0612,130.9826,131.1960,1710508
2018-01-04,131.1637,131.1637,130.0157,131.0424,808277
2018-01-05,131.4089,133.3099,131.4089,132.6680,1782594
2018-01-08,132.4577,132.6206,131.1396,131.3890,1600962
2018-01-09,131.0090,131.0090,129.2458,129.2458,3108659
2018-01-10,128.9435,129.2046,126.9494,127.6063,1640996
2018-01-11,127.2444,127.2444,126.4324,126.5660,3023188
2018-01-12,126.7276,127.9690,125.9724,127.9690,2432990
2018-01-15,128.0043,128.1494,127.6424,128.0757,1197770
2018-01-16,128.5184,129.7093,128.1328,129.7093,2027949
2018-01-17,129.6741,130.5294,129.5505,129.5505,1073784
2018-01-18,129.8099,131.2114,129.8099,130.3261,1587795
2018-01-19,130.3319,130.3490,128.8506,130.3490,1315807
2018-01-22,130.2706,130.2706,129.0354,129.1658,1460830
2018-01-23,129.3557,130.5880,128.8634,129.9666,990154
2018-01-24,129.8762,130.2816,128.3811,129.5475,771095
2018-01-25,128.8166,128.8166,127.2798,127.2798,1886124
2018-01-26,127.3297,128.0208,126.9002,128.0208,1853809
2018-01-29,128.1907,128.8113,128.1907,128.6279,1497582
2018-01-30,128.1378,128.6809,126.9530,127.1938,2022768
2018-01-31,127.2420,127.9654,126.8777,127.5476,791575
2018-02-01,127.3529,127.3529,125.9541,126.8062,1425842
2018-02-02,126.7844,126.7844,126.0734,126.7263,1413453
2018-02-05,126.6656,127.4649,126.2914,126.5337,736842
2018-02-06,126.7627,127.9934,126.1773,127.2050,2411577
2018-02-07,126.9930,126.9930,126.4557,126.4948,1172504
2018-02-08,126.5198,126.7721,126.0864,126.7721,1404379
2018-02-09,126.6605,126.6605,125.4860,125.7834,1901709
2018-02-12,126.2285,128.0194,126.1601,127.8278,1981024
2018-02-13,127.8767,128.5324,126.6420,128.5324,1595616
2018-02-14,128.0907,128.0907,126.8134,126.8134,2631087
2018-02-15,127.4378,128.7696,127.4378,128.7696,2355523
2018-02-16,128.6444,128.6444,127.2405,127.8329,1736268
2018-02-19,128.1658,130.7451,128.1658,130.7451,4021085
2018-02-20,130.8735,131.9584,130.6549,131.8685,1242993
2018-02-21,132.1333,133.8670,131.8601,133.7905,2108177
2018-02-22,133.0015,133.1835,131.5124,131.5124,2360894
2018-02-23,131.6325,132.8877,131.6325,132.8877,1961123
2018-02-26,133.1521,134.2010,132.0905,134.2010,1705771
2018-02-27,134.1537,134.1537,133.3345,133.8799,1139281
2018-02-28,134.2859,135.6254,134.2859,135.0939,1147616
2018-03-01,135.2755,137.7481,135.2755,137.7481,1720625
2018-03-02,138.1388,139.5866,137.4111,139.5718,3252182
2018-03-05,140.2290,141.9648,140.0792,141.9648,2974276
2018-03-06,141.9121,142.8330,141.2917,141.6224,1184210
2018-03-07,141.8603,142.4608,140.7131,142.4608,2195935
2018-03-08,142.7612,144.3612,142.7612,143.5628,2374775
2018-03-09,143.1010,143.3325,141.6520,142.2116,1282241
2018-03-12,142.3157,144.3588,142.3157,142.8750,1523122
2018-03-13,143.1119,143.8742,143.0286,143.7561,1790242
2018-03-14,143.7488,144.5333,143.3888,143.7142,1079612
2018-03-15,143.4994,144.3293,142.9386,143.0819,1193373
2018-03-16,143.1626,144.3489,143.1626,144.3489,1921985
2018-03-19,144.3809,144.9643,143.7379,144.4931,790807
2018-03-20,144.5019,144.8308,143.8735,144.6058,764982
2018-03-21,144.6186,145.2623,144.0833,144.8539,1514870
2018-03-22,144.7509,144.7509,144.0318,144.5371,1278485
2018-03-23,144.2982,145.2621,143.7496,143.7798,1421183
2018-03-26,143.6582,143.9137,142.9656,142.9656,2327839
2018-03-27,143.0804,145.3694,143.0804,143.9110,2147418
2018-03-28,144.0292,145.1100,143.7464,144.9044,2191181
2018-03-29,144.9262,145.3668,144.9262,145.3109,1202253
2018-03-30,145.3156,145.5928,144.8159,145.3525,1070240
2018-04-02,145.4283,146.2825,145.4283,145.7067,1293608
2018-04-03,145.7781,147.2247,145.7781,146.9905,2194341
2018-04-04,146.3205,146.3205,144.2678,144.9750,3588010
2018-04-05,145.1898,147.2020,145.1898,146.9787,1895888
2018-04-06,146.9539,147.7992,146.5387,146.9002,1621568
2018-04-09,146.8924,147.1641,146.6139,146.8703,1600900
2018-04-10,146.3706,147.0118,145.3942,145.3942,1739413
2018-04-11,145.5077,146.6137,145.5077,146.1388,1603964
2018-04-12,146.0434,146.6504,145.5826,145.7963,776870
2018-04-13,145.6404,146.4083,144.5113,144.5113,1899244
2018-04-16,144.4541,144.6660,143.3791,143.9913,1109571
2018-04-17,143.8970,143.8998,142.7833,142.7833,2125623
2018-04-18,142.8822,144.5786,142.4377,143.1124,1400716
2018-04-19,143.4666,144.5821,142.5777,144.5170,1037808
2018-04-20,144.4122,144.4122,143.1085,143.8162,1654725
2018-04-23,143.6995,144.0786,142.8918,143.2802,1350562
2018-04-24,142.9042,142.9042,141.2322,141.4220,1823576
2018-04-25,141.4971,142.6767,140.6760,142.6380,1702076
2018-04-26,142.6764,143.3993,141.9607,143.2726,1742044
2018-04-27,143.5149,144.4014,142.9661,144.4014,965975
2018-04-30,144.1021,144.5136,142.7759,142.9934,1884873
2018-05-01,142.8907,143.3612,142.4270,142.4270,1594707
2018-05-02,142.2495,142.5451,140.4559,140.4559,2480832
2018-05-03,140.3161,140.8611,139.6771,139.6967,1240546
2018-05-04,139.5699,140.3630,138.5218,138.5218,2123653
2018-05-07,138.9614,140.4603,138.9614,140.4603,2611240
2018-05-08,140.3036,140.3036,138.1133,138.6204,1981539
2018-05-09,138.5308,139.1881,137.6161,137.6847,2056743
2018-05-10,137.3585,137.8284,136.3644,136.6967,1125866
2018-05-11,136.4781,136.5014,134.9853,135.6100,1622438
2018-05-14,135.4843,136.4483,134.6957,135.1750,1159538
2018-05-15,134.8615,134.8615,133.3729,133.7486,1432936
2018-05-16,133.6502,134.1371,132.8080,132.8080,2444660
2018-05-17,133.4056,135.2368,133.4056,135.1811,1893071
2018-05-18,134.6856,134.8350,133.6241,133.6241,1520850
2018-05-21,133.7867,134.1581,133.0046,134.1581,1986651
2018-05-22,133.9635,133.9635,133.0602,133.5564,895152
2018-05-23,133.4959,133.9843,133.3129,133.3282,1363276
2018-05-24,133.0686,133.0950,131.9708,132.4208,1600108
2018-05-25,132.0959,132.0959,129.4707,129.4707,1928011
2018-05-28,128.6310,129.3075,126.8574,126.8574,3553781
2018-05-29,126.7345,126.8383,125.7816,126.2659,1235566
2018-05-30,126.3609,126.6652,125.9383,126.6652,1061507
2018-05-31,126.6205,126.6376,125.4716,126.5288,995227
2018-06-01,126.6327,127.8715,126.6327,127.8471,1927229
2018-06-04,127.9886,129.4792,127.6379,129.0804,1633228
2018-06-05,129.0524,129.8924,128.9311,128.9311,728344
2018-06-06,128.6764,129.1670,128.1129,128.1129,804628
2018-06-07,128.1717,129.1958,127.3220,128.3570,1123197
2018-06-08,128.6474,130.6211,128.6474,130.6211,3275035
2018-06-11,130.6911,131.6212,130.1521,130.9542,1206255
2018-06-12,130.6242,130.6575,128.9301,129.1517,1694164
2018-06-13,129.1903,129.7125,128.4342,129.7125,1529790
2018-06-14,129.7899,130.4965,129.4925,130.1171,739518
2018-06-15,130.4668,132.0104,130.4668,131.7227,1384386
2018-06-18,131.9198,132.3955,131.5204,132.3955,1449913
2018-06-19,131.9288,131.9288,130.1237,130.2492,1694081
2018-06-20,130.4023,132.1685,130.3248,132.1685,1919750
2018-06-21,132.6383,134.1767,132.6383,133.5507,2001521
2018-06-22,133.6156,136.2576,133.6156,134.7654,1649784
2018-06-25,134.7800,135.2056,134.1059,134.9751,1113950
2018-06-26,135.0839,136.5288,135.0839,135.9287,1637068
2018-06-27,135.6753,135.6781,134.9411,134.9411,1639497
2018-06-28,134.9576,136.1928,134.9507,135.0083,788509
2018-06-29,135.2845,136.0493,135.2615,136.0493,1654064
2018-07-02,136.1690,138.0059,136.1690,137.9662,1914018
2018-07-03,137.7300,137.8122,136.3282,136.8088,2080321
2018-07-04,137.1056,138.5120,137.1056,137.9716,1357555
2018-07-05,137.9865,138.3301,136.6917,138.0200,1229190
2018-07-06,137.8294,138.4832,137.4593,137.4593,1245194
2018-07-09,137.3796,137.6876,136.5040,136.8088,1031854
2018-07-10,136.9501,139.3064,136.9501,138.5528,2307077
2018-07-11,138.5353,139.7524,138.3843,138.3843,1469896
2018-07-12,138.6529,139.2000,137.9891,139.2000,1366986
2018-07-13,138.9913,139.0243,137.6212,138.2827,1139361
2018-07-16,138.1340,138.1340,137.2959,137.6556,1181121
2018-07-17,137.6774,137.8926,136.4781,137.7330,800220
2018-07-18,137.4995,137.4995,134.7314,134.7314,4189590
2018-07-19,134.5187,134.7093,133.4682,133.9158,1693198
2018-07-20,133.9656,134.9076,133.9656,134.6011,1383157
2018-07-23,134.8441,135.6148,134.0896,135.6148,1515148
2018-07-24,135.8088,137.8521,135.7329,137.5854,2309237
2018-07-25,137.7251,138.2292,136.9316,138.2292,1243625
2018-07-26,138.3412,139.3335,137.7682,139.3335,1301191
2018-07-27,138.8819,139.0405,137.3579,137.4300,2572601
2018-07-30,137.7216,138.8013,137.7216,138.3285,1545694
2018-07-31,138.4438,139.9778,138.4438,139.1546,1433643
2018-08-01,138.9597,138.9597,137.5453,137.5453,2134546
2018-08-02,137.4408,137.8757,136.7432,137.0737,1228222
2018-08-03,137.4872,138.2861,137.4177,138.2861,1268382
2018-08-06,138.3982,139.4723,138.3982,138.6136,1483376
2018-08-07,138.6832,138.9463,137.4392,138.9463,1687237
2018-08-08,139.1032,140.2509,139.1032,140.2509,1080010
2018-08-09,140.2791,140.7244,140.1461,140.3834,915640
2018-08-10,140.7198,142.7992,140.6345,141.9029,1870884
2018-08-13,142.3023,143.7721,141.6708,143.4006,2065562
2018-08-14,143.4409,144.0661,141.8843,144.0661,1766125
2018-08-15,144.3215,146.0439,144.3215,145.4197,2081589
2018-08-16,145.3720,146.1421,144.9493,144.9938,959019
2018-08-17,144.8557,144.8557,144.1121,144.4271,1655777
2018-08-20,144.2674,145.1823,143.3247,143.3247,1680435
2018-08-21,143.2656,144.0698,143.1422,143.1422,966307
2018-08-22,143.7777,145.3723,143.7777,145.1399,3414632
2018-08-23,145.1017,145.5074,144.6846,144.6846,1739367
2018-08-24,144.7652,145.9971,144.7652,145.2396,1542977
2018-08-27,145.5320,146.4939,145.5320,146.4359,1328965
2018-08-28,146.2763,146.2763,145.6910,145.9723,1042519
2018-08-29,145.9558,147.1150,145.8066,145.8066,1235496
2018-08-30,145.7509,145.7509,144.2562,145.1539,973204
2018-08-31,145.2128,146.0126,144.6224,145.8025,2038940
2018-09-03,145.6657,145.9061,145.1433,145.1433,1212193
2018-09-04,145.1520,145.7321,144.6055,145.1746,1024254
2018-09-05,145.2695,147.2751,145.2695,147.0715,2213308
2018-09-06,147.3304,147.9832,146.1996,147.9832,1336358
2018-09-07,148.1204,149.7914,148.1204,149.6624,2267214
2018-09-10,149.7484,150.1120,148.6978,150.1120,1152765
2018-09-11,150.0522,150.6029,149.1042,149.1042,1462927
2018-09-12,149.0579,150.0292,148.9663,148.9663,1305983
2018-09-13,148.7894,148.7894,146.9618,148.1106,1661077
2018-09-14,147.9989,148.5186,147.2961,147.2961,1030320
2018-09-17,148.0653,150.9370,148.0653,150.0643,2998058
2018-09-18,150.5700,152.0694,150.5582,152.0694,2453493
2018-09-19,151.7878,151.7878,148.6571,149.9463,1044806
2018-09-20,149.6276,149.6276,147.8707,149.0356,1509631
2018-09-21,149.3202,149.9020,146.3699,149.9020,1856300
2018-09-24,151.5234,154.6145,148.3896,154.6145,2445345
2018-09-25,154.5147,154.5147,152.3528,153.8627,782418
2018-09-26,153.7711,155.9517,153.2748,153.2748,1757673
2018-09-27,153.2560,154.7011,153.1893,153.1893,1179740
2018-09-28,153.6213,154.9301,153.6213,154.9156,1324346
2018-10-01,154.8940,155.7021,154.3220,154.7904,644801
2018-10-02,154.6482,154.6482,151.4441,152.2049,1407491
2018-10-03,151.9328,151.9328,150.4956,151.3722,1733024
2018-10-04,151.2635,152.0929,151.0020,151.0020,850896
2018-10-05,150.8473,151.4278,150.4196,150.4196,1946570
2018-10-08,150.6153,151.3111,150.1416,151.3111,1064423
2018-10-09,151.2184,151.2184,150.3313,150.6369,983910
2018-10-10,150.7143,152.2915,150.1665,151.8289,1059127
2018-10-11,152.2436,154.2460,152.2436,153.2331,1481185
2018-10-12,153.2368,153.2492,152.2844,153.2492,943020
2018-10-15,153.2116,153.8648,152.9457,153.0074,1257957
2018-10-16,152.7810,152.7810,150.6520,151.6357,1577927
2018-10-17,151.7142,152.1575,151.2035,152.0200,1123350
2018-10-18,152.0480,152.8026,152.0480,152.1893,1843411
2018-10-19,152.2502,153.6657,151.3395,153.2738,1491808
2018-10-22,153.1279,153.2978,151.6410,152.6909,1109033
2018-10-23,153.0162,155.2912,153.0162,155.2912,3667077
2018-10-24,155.5217,158.7020,155.5217,158.5617,2446810
2018-10-25,158.3268,158.3268,157.1520,157.7500,2053564
2018-10-26,157.5555,157.5555,155.3039,155.3039,1854975
2018-10-29,155.8069,157.6038,155.8069,157.6038,1732398
2018-10-30,157.6538,158.7365,157.6538,158.4439,1774427
2018-10-31,158.4814,159.4359,157.7018,158.6272,764124
2018-11-01,158.0674,158.0674,155.2060,155.2060,2793831
2018-11-02,154.3467,154.3467,152.3305,152.3305,3093846
2018-11-05,152.6631,154.2850,152.4492,153.7329,1885552
2018-11-06,153.1413,154.0682,151.8780,151.8780,2024994
2018-11-07,152.3229,154.0810,151.4191,153.4236,982059
2018-11-08,153.3786,153.4507,153.0224,153.2138,1020010
2018-11-09,153.8236,155.1646,153.8236,155.1646,2075145
2018-11-12,155.4855,157.0121,155.4855,157.0121,2018016
2018-11-13,156.9705,157.1621,156.0125,156.8332,651957
2018-11-14,156.6906,157.0880,155.8172,156.4051,991979
2018-11-15,156.4399,157.6348,155.9283,156.6140,969736
2018-11-16,156.8175,158.6269,156.8175,158.6269,2346291
2018-11-19,158.6495,158.8640,157.8188,158.8640,1322013
2018-11-20,158.5067,159.4175,156.5072,156.5072,2727317
2018-11-21,156.8923,158.8483,156.8923,158.3555,2354388
2018-11-22,158.4168,158.7262,157.8210,158.5525,786669
2018-11-23,158.6419,159.8933,158.6419,158.8920,918782
2018-11-26,158.8712,159.3017,158.3747,158.7639,1783755
2018-11-27,159.0004,162.0401,159.0004,162.0401,3366373
2018-11-28,162.0119,162.0119,160.9977,161.5074,1351787
2018-11-29,161.6729,163.0497,161.2225,162.8176,1378354
2018-11-30,162.8403,163.9555,162.6777,162.9456,1371283
2018-12-03,163.0820,164.2912,162.9177,163.3527,1329875
2018-12-04,163.5109,165.0712,163.5109,164.4457,1454879
2018-12-05,164.4805,165.6881,163.7744,164.9323,786595
2018-12-06,165.0507,165.6787,164.1834,165.6787,1085328
2018-12-07,165.7410,166.2283,164.9703,165.8949,1113207
2018-12-10,166.0747,167.8121,166.0504,166.6395,1223218
2018-12-11,167.4501,169.2991,166.6059,169.2991,2241953
2018-12-12,170.2028,172.5259,170.2028,172.5259,2809283
2018-12-13,172.4243,173.0545,170.7318,170.7318,1728952
2018-12-14,170.0991,170.0991,164.9862,164.9862,4911230
2018-12-17,164.8204,164.9985,162.8285,163.3062,1855998
2018-12-18,163.2259,163.2549,162.0171,162.9109,646032
2018-12-19,162.6322,163.0387,161.3619,161.3619,1945321
2018-12-20,161.5226,162.2566,160.1631,162.2566,591336
2018-12-21,162.2059,162.5508,161.5079,161.8155,1041476
2018-12-24,162.4101,166.1594,162.4101,165.8190,1925964
2018-12-25,165.7048,167.3515,165.2683,165.2683,1108716
2018-12-26,165.1262,165.1645,164.2660,164.5687,1463632
2018-12-27,164.7961,166.3666,164.7961,166.0081,2397119
2018-12-28,166.4595,168.0482,165.8626,168.0482,3459018
2018-12-31,167.9295,167.9295,165.3719,166.3074,1031862
2019-01-01,166.1053,167.1506,165.5041,165.5041,830313
2019-01-02,165.0986,165.0986,162.3294,162.4280,4640939
2019-01-03,162.8603,164.9623,162.0122,164.9623,1947463
2019-01-04,165.3007,168.0277,164.4568,167.9438,2161691
2019-01-07,168.4144,170.5266,168.1243,170.5266,2325622
2019-01-08,170.5017,171.0194,169.5871,170.2394,1442560
2019-01-09,170.4860,170.9458,169.4575,170.9458,1007951
2019-01-10,170.9076,171.0858,168.9311,170.5576,975087
2019-01-11,170.7208,173.1523,170.5553,172.5590,1696940
2019-01-14,172.1676,172.6240,170.1695,170.1695,1562757
2019-01-15,170.0870,170.0870,168.3065,169.6122,1290690
2019-01-16,168.4185,168.4185,165.4795,166.0864,2479912
2019-01-17,165.8616,165.8616,165.1333,165.1333,1397599
2019-01-18,165.0395,165.8916,163.4742,163.4742,1967429
2019-01-21,163.3352,163.3352,161.5622,161.9726,2008927
2019-01-22,161.9723,163.9133,161.9697,161.9697,785299
2019-01-23,161.9295,161.9858,161.3088,161.3844,1749157
2019-01-24,161.5586,162.7404,161.5586,162.7404,1850924
2019-01-25,162.6262,162.6262,161.8680,162.1844,1667698
2019-01-28,161.9966,162.8438,160.1992,161.2977,1495683
2019-01-29,161.3210,162.6231,160.6595,161.6307,961629
2019-01-30,162.2879,164.4032,160.7844,164.4032,1494325
2019-01-31,164.6043,167.1960,164.6043,167.1960,1050407
2019-02-01,167.9123,169.7853,167.3149,169.7091,1096572
2019-02-04,169.7480,171.6702,169.6209,169.8222,849909
2019-02-05,169.9067,171.2872,168.9651,171.2872,1350002
2019-02-06,171.6552,172.3829,168.8625,172.3829,1351127
2019-02-07,172.0667,172.0667,166.9767,169.7352,1098165
2019-02-08,169.4290,169.4290,164.8363,164.8363,2613157
2019-02-11,163.6022,163.9504,161.0101,161.0101,1636373
2019-02-12,161.9712,164.2565,159.9129,164.2565,1619690
2019-02-13,163.8896,163.8896,158.3868,159.0623,2043049
2019-02-14,158.9846,161.1796,158.0927,158.0927,1429628
2019-02-15,158.1126,159.8176,157.0462,158.1968,802113
2019-02-18,157.9503,157.9503,156.4186,157.3519,941617
2019-02-19,157.8385,158.9924,156.9888,158.9924,1765923
2019-02-20,159.0379,160.2260,158.9569,159.1420,692857
2019-02-21,159.4269,160.7610,159.4269,160.5624,1732747
2019-02-22,160.9361,161.7430,160.2984,161.7430,1507532
2019-02-25,161.9429,162.9259,161.6290,162.4925,1235276
2019-02-26,162.4269,162.5885,161.0787,161.2893,1664975
2019-02-27,161.2021,161.5875,159.9927,160.0572,1270495
2019-02-28,160.5225,162.3795,160.4062,162.3795,2876175
2019-03-01,162.4362,162.7800,161.8464,162.7518,1050775
2019-03-04,163.0714,165.1963,163.0714,164.7910,2662494
2019-03-05,164.8239,165.6560,164.5910,165.1200,1472628
2019-03-06,165.3926,169.2282,165.3926,166.3101,936891
2019-03-07,166.3976,168.8051,166.3976,167.6839,989368
2019-03-08,168.3302,170.0672,167.2047,169.9714,1497787
2019-03-11,168.3893,168.3893,164.8297,164.9775,2933679
2019-03-12,165.0315,165.2591,162.3213,165.2591,986251
2019-03-13,164.7228,164.7228,161.1820,162.6740,1767820
2019-03-14,161.5567,163.0007,158.4725,158.4725,1898226
2019-03-15,157.5884,159.1548,155.4616,155.4616,1789936
2019-03-18,155.3997,156.2144,155.2220,155.2220,1257397
2019-03-19,155.5622,156.4422,154.4491,156.4422,1554550
2019-03-20,156.3663,156.6457,156.0065,156.2164,1856042
2019-03-21,155.6759,155.6759,153.6527,153.6527,1660018
2019-03-22,153.6018,154.0268,152.3528,153.0316,1175861
2019-03-25,153.0772,153.6267,152.0108,153.2026,1325931
2019-03-26,153.0598,153.5403,152.1080,152.4655,886278
2019-03-27,152.7810,153.5261,152.7810,153.5261,2201316
2019-03-28,153.6032,153.8571,152.5076,153.8571,1496500
2019-03-29,153.7402,154.1850,153.1233,153.4095,1455094
2019-04-01,153.5653,154.6355,153.5653,154.1093,1196696
2019-04-02,154.0782,154.0782,152.9894,153.8560,1004897
2019-04-03,154.0149,154.7749,153.1257,154.6941,1471577
2019-04-04,154.4830,155.2956,154.0849,154.0849,867261
2019-04-05,154.1722,155.7803,154.1457,155.7239,1818637
2019-04-08,155.8189,156.5705,155.7707,156.0768,1042225
2019-04-09,156.2453,158.1170,156.2453,157.9290,2193423
2019-04-10,158.6997,160.9595,158.6997,160.9117,2661970
2019-04-11,161.1890,162.2373,160.9146,161.7378,1202159
2019-04-12,162.6472,164.6142,162.5402,164.6142,3218302
2019-04-15,164.3886,166.0949,163.2721,163.2721,1962045
2019-04-16,162.9790,163.1563,161.2666,161.2666,3086440
2019-04-17,160.8774,160.8774,158.3493,158.7000,2039215
2019-04-18,158.5646,158.5646,155.7392,158.1000,1004120
2019-04-19,158.3077,159.7593,158.0109,159.0262,1258522
2019-04-22,159.5004,160.6155,159.5004,160.6155,1316708
2019-04-23,160.6833,161.4971,160.1437,161.3518,1363715
2019-04-24,161.8362,162.7427,161.5984,162.7427,2221443
2019-04-25,163.9652,166.5052,163.4822,166.5052,2076176
2019-04-26,165.7542,166.4123,164.1904,164.3206,2909300
2019-04-29,164.4438,166.0299,164.1677,166.0103,2886281
2019-04-30,165.6592,165.8416,164.4598,164.4598,3916671
2019-05-01,164.3037,165.5263,163.5765,163.9948,1292051
2019-05-02,164.2952,165.5132,164.2952,165.2669,1887667
2019-05-03,165.4334,167.9470,165.4334,167.9390,2718295
2019-05-06,168.3586,169.1821,167.4376,169.1821,1356317
2019-05-07,168.7753,168.7753,167.4348,167.4494,1248501
2019-05-08,167.4133,168.1015,166.7119,167.2491,1121640
2019-05-09,167.1712,167.2434,165.3477,166.8710,1401657
2019-05-10,167.3770,169.2138,167.3770,169.2138,2104445
2019-05-13,168.9288,169.1613,167.0971,167.0971,2024354
2019-05-14,167.1526,167.8981,166.4057,167.5038,1548588
2019-05-15,167.5149,169.1076,167.5149,167.5621,865458
2019-05-16,167.6202,170.1489,167.5839,167.8676,1135416
2019-05-17,167.5854,168.0830,166.9918,166.9918,1457694
2019-05-20,167.1639,168.7313,167.1639,168.7313,1818250
2019-05-21,168.7305,169.5103,168.0086,168.7285,1127326
2019-05-22,167.5329,167.6189,165.1384,165.1701,3240288
2019-05-23,164.8912,164.9747,163.2181,163.7876,1872635
2019-05-24,164.1713,165.8069,163.8797,165.8069,1972628
2019-05-27,165.7689,166.0911,164.5895,165.2371,1255831
2019-05-28,165.0859,165.4712,163.6279,164.7329,2003848
2019-05-29,164.6319,164.9192,163.7255,164.0316,1342515
2019-05-30,164.0291,165.0622,163.4986,163.9819,888282
2019-05-31,163.8788,164.6483,163.3988,163.3988,902980
2019-06-03,163.4661,165.0540,163.4661,163.5935,781767
2019-06-04,163.6828,165.6026,163.6828,165.3774,2561766
2019-06-05,166.1569,168.0481,166.1569,168.0481,2095399
2019-06-06,168.1968,169.7951,168.1968,169.1270,1332427
2019-06-07,169.1886,169.4836,168.6940,169.4068,1194166
2019-06-10,169.5583,169.9507,167.8327,169.9507,1284381
2019-06-11,169.9701,170.1934,168.8482,170.1934,1130440
2019-06-12,171.0673,172.9992,171.0673,172.8548,1769822
2019-06-13,173.0750,175.2958,173.0157,175.2958,1793763
2019-06-14,175.4056,177.6978,175.4056,176.0846,1305740
2019-06-17,176.2045,177.7007,176.2009,176.4745,908823
2019-06-18,176.7072,178.2936,176.7072,177.2136,1050368
2019-06-19,176.8932,177.2000,175.8401,175.8401,1988522
2019-06-20,175.8347,177.5624,174.8229,175.7475,813158
2019-06-21,175.6125,175.8299,174.9469,175.2372,1140886
2019-06-24,175.8330,177.1137,175.5272,177.0057,1713645
2019-06-25,176.9901,177.1273,176.2424,176.7392,799248
2019-06-26,176.6289,176.6289,175.4816,175.4816,1914232
2019-06-27,175.2221,175.2221,173.4436,173.4436,1733786
2019-06-28,173.5051,174.0320,173.4375,174.0320,1410819
2019-07-01,173.8848,173.8848,172.0995,172.5019,2293032
2019-07-02,172.5289,174.2681,172.5289,172.8335,954277
2019-07-03,172.8433,173.8210,172.3110,172.9917,1412478
2019-07-04,172.2516,172.2516,170.3310,170.4087,2836395
2019-07-05,170.6113,174.8329,170.6113,173.5436,1742574
2019-07-08,173.8768,175.6842,173.8768,174.8620,1000474
2019-07-09,175.2412,176.5740,175.1167,176.4038,1881872
2019-07-10,176.5041,178.1779,175.3245,177.8432,1200267
2019-07-11,177.7377,178.1072,176.1765,176.1765,2336286
2019-07-12,176.4000,177.7945,176.1768,177.0777,1096620
2019-07-15,176.8060,177.0415,174.6510,174.6510,1625565
2019-07-16,174.7478,176.0787,174.7478,176.0787,1650931
2019-07-17,176.1369,176.7321,175.1761,176.5495,1148278
2019-07-18,176.6028,178.5718,176.0748,176.8190,834626
2019-07-19,176.9733,177.9553,176.3463,177.4238,1223911
2019-07-22,176.8317,176.8317,174.2713,174.3390,2605710
2019-07-23,174.2510,174.6522,172.8101,172.8101,1287484
2019-07-24,173.2509,174.9606,173.2509,174.7362,1869539
2019-07-25,174.5103,174.5339,172.6622,172.9619,2190263
2019-07-26,172.8649,172.8649,171.6342,172.4774,890125
2019-07-29,172.8103,175.1482,172.7045,175.1482,2507865
2019-07-30,175.2050,175.8762,173.6277,175.3277,1446950
2019-07-31,175.3279,175.8109,175.0854,175.3298,848774
2019-08-01,175.3057,175.4465,174.6114,174.9472,1102388
2019-08-02,174.9231,176.3142,174.7758,174.8704,1391884
2019-08-05,175.2987,176.9024,175.0881,176.3962,1867732
2019-08-06,176.8347,178.1839,176.5347,178.1839,1554601
2019-08-07,178.2309,181.1263,178.2309,178.8308,894323
2019-08-08,178.4875,178.4875,175.9089,177.6115,1914498
2019-08-09,177.6739,179.2112,177.0654,178.1785,1950405
2019-08-12,178.0928,178.0928,176.2060,176.9152,2036116
2019-08-13,177.2355,178.0544,177.2355,177.9176,1244538
2019-08-14,178.4264,180.4607,178.1651,180.4607,1078619
2019-08-15,180.2063,181.4322,178.9785,178.9785,1430421
2019-08-16,179.0681,179.9442,178.9206,179.8584,2200503
2019-08-19,180.1301,181.5462,179.7709,181.1257,1801979
2019-08-20,180.8804,181.3379,179.8060,179.8060,1645954
2019-08-21,179.9328,181.0118,179.2376,181.0118,2044279
2019-08-22,181.0001,181.1057,179.5019,180.9502,1167223
2019-08-23,181.1265,184.0220,181.1265,183.6869,3168817
2019-08-26,183.1944,183.4803,181.3380,181.3380,2294534
2019-08-27,181.6177,182.4423,179.8717,182.4423,1662767
2019-08-28,183.1313,184.5745,182.5022,184.5745,1491545
2019-08-29,184.4128,184.4882,183.1505,183.1505,2199254
2019-08-30,183.8200,185.2485,183.8200,185.1416,1505167
2019-09-02,185.4872,186.9320,185.4872,186.4023,1831788
2019-09-03,186.1109,186.1109,183.8786,184.3462,1909520
2019-09-04,184.1360,184.8285,183.0611,183.0611,1544235
2019-09-05,183.1745,184.0113,183.1745,183.3860,1514559
2019-09-06,183.1549,183.1549,181.5870,181.5870,1290770
2019-09-09,181.6627,182.7578,181.3688,181.8232,1213900
2019-09-10,181.8786,182.7573,181.3027,182.6401,966464
2019-09-11,183.2092,185.1892,183.2092,185.1892,2680310
2019-09-12,185.0025,185.0025,183.1514,184.1890,1328749
2019-09-13,184.2160,186.0987,184.2160,184.3264,1204488
2019-09-16,184.2392,184.3342,183.2975,183.5477,1122138
2019-09-17,183.4276,183.8507,182.8005,183.1627,1158009
2019-09-18,182.4812,183.1959,180.7289,180.7289,3101332
2019-09-19,180.5496,181.2127,179.2642,179.5153,1595734
2019-09-20,179.6459,182.0244,179.6459,182.0244,1994253
2019-09-23,182.1273,183.6409,182.1273,183.4311,1780089
2019-09-24,183.0294,183.5028,181.6625,181.6625,2778937
2019-09-25,181.2302,181.2302,179.7243,180.1796,1826886
2019-09-26,180.8020,182.5783,179.8744,182.5783,1937849
2019-09-27,182.1756,182.1756,180.1425,181.1391,1394949
2019-09-30,180.8765,181.1207,179.6915,179.8572,1434442
2019-10-01,179.7800,180.1936,179.0595,179.0595,1135832
2019-10-02,179.2594,180.5615,178.9968,180.5615,2324477
2019-10-03,180.1986,181.6566,179.0176,179.0176,1830974
2019-10-04,179.2792,181.4320,179.2792,181.0492,2485625
2019-10-07,181.1568,182.3244,181.0939,181.6872,964734
2019-10-08,181.7885,184.2528,181.3921,183.1525,1945765
2019-10-09,182.7449,182.7735,181.0320,181.8525,1371264
2019-10-10,181.9885,183.1754,181.4510,182.6872,1243204
2019-10-11,182.3081,182.3622,180.0277,181.3760,931167
2019-10-14,181.5238,182.4248,181.2895,181.9414,1306972
2019-10-15,181.1727,181.4919,179.7347,179.7347,1502254
2019-10-16,179.5003,180.0973,178.6114,178.9773,959474
2019-10-17,178.7679,178.7679,174.8388,174.8388,2493542
2019-10-18,174.9529,176.2777,174.9529,176.2777,1861063
2019-10-21,176.8573,179.1553,176.8573,178.8041,1594931
2019-10-22,179.8597,183.9698,179.8597,182.9170,1808826
2019-10-23,182.8990,183.2768,181.7408,182.6433,628324
2019-10-24,181.8415,182.1769,180.1567,180.1567,1942083
2019-10-25,179.5786,179.5786,177.4846,177.4846,2778750
2019-10-28,177.7184,178.4620,177.3583,178.2119,1167221
2019-10-29,178.0252,178.0252,176.8336,177.3317,923285
2019-10-30,177.5391,179.7967,177.5391,179.6430,1331480
2019-10-31,179.5583,179.5583,177.8243,178.9509,2073971
2019-11-01,178.9187,179.6108,178.3918,178.3918,1173177
2019-11-04,178.7896,180.7017,178.7896,180.0509,1732051
2019-11-05,180.1067,180.5714,178.8787,180.3713,960784
2019-11-06,180.3296,181.2750,180.0515,180.0515,1223947
2019-11-07,180.4075,181.9472,180.4075,181.9472,1292807
2019-11-08,181.9243,182.5959,181.8594,181.8701,972192
2019-11-11,181.7125,181.9383,180.5757,181.2718,1623043
2019-11-12,181.0810,181.5782,179.7447,179.9864,1359668
2019-11-13,180.0776,180.7350,179.5792,180.4927,1080056
2019-11-14,180.4496,181.7943,179.9429,180.2422,1774509
2019-11-15,180.1894,181.3358,179.2572,179.4884,1655721
2019-11-18,178.4357,178.4357,176.0121,176.0121,2498997
2019-11-19,176.1737,177.0176,176.0536,177.0176,1259816
2019-11-20,177.1182,178.2248,176.6212,178.2248,1609913
2019-11-21,178.6317,180.6001,178.6317,179.5956,1944482
2019-11-22,180.3615,183.6787,180.3615,183.0132,2311551
2019-11-25,183.6627,185.3976,183.3545,185.3976,1916678
2019-11-26,185.2797,185.8289,184.9135,184.9464,959248
2019-11-27,184.9539,185.3428,184.3644,185.0499,834857
2019-11-28,185.1791,186.0752,184.7144,185.4222,771069
2019-11-29,185.6065,186.3442,185.3580,186.3442,1325868
2019-12-02,185.1530,185.1649,182.7098,182.7098,3474132
2019-12-03,183.2932,185.4571,183.2932,184.5829,2456736
2019-12-04,184.8345,185.6282,183.2754,185.6282,1392853
2019-12-05,185.3450,185.8250,184.7189,184.7216,1571662
2019-12-06,184.4558,184.4558,182.0033,183.0364,1718934
2019-12-09,182.9404,184.0034,182.4688,182.4688,1336328
2019-12-10,182.8034,184.3095,182.5310,184.3095,2378880
2019-12-11,184.4794,185.8295,184.1904,184.9627,1364946
2019-12-12,184.6389,184.6389,182.2677,183.3589,1307661
2019-12-13,183.3518,183.3518,182.4300,183.3223,1526823
2019-12-16,183.1948,183.1948,181.9121,181.9121,1866611
2019-12-17,181.0391,181.0391,177.9272,177.9272,3644799
2019-12-18,177.5480,178.9693,176.7337,176.7337,1142019
2019-12-19,177.0784,181.2817,177.0784,181.2384,5021221
2019-12-20,180.8561,181.5574,179.5532,179.5532,2360071
2019-12-23,179.7174,180.8360,179.3337,180.8098,921483
2019-12-24,180.9424,182.2405,180.6261,181.5185,1373140
2019-12-25,181.6742,182.8132,181.6742,182.7138,1394582
2019-12-26,180.4804,180.4804,175.4719,175.4719,2147273
2019-12-27,175.5502,177.6378,174.6204,176.4065,946622
2019-12-30,176.1685,176.4036,173.1001,173.1001,1533391
2019-12-31,173.1230,175.6139,173.1230,173.1890,1043911
2020-01-01,173.2361,175.8089,173.1376,173.4310,827286
2020-01-02,174.1846,177.0932,173.2928,176.0464,3273400
2020-01-03,176.4210,181.2410,176.4210,181.2410,1565939
2020-01-06,181.0404,181.0404,175.8274,180.6461,1342648
2020-01-07,180.9660,182.1602,180.6021,181.8722,1083632
2020-01-08,182.2240,184.4383,182.1893,183.3588,1807657
2020-01-09,183.4026,183.5110,181.8003,183.5110,1277573
2020-01-10,183.6272,184.8012,183.6272,184.0329,1623593
2020-01-13,184.0327,184.4690,183.2721,184.0315,831758
2020-01-14,183.9338,184.6705,183.7078,183.7078,1518381
2020-01-15,183.4245,183.7225,182.2541,182.4731,1248291
2020-01-16,182.5887,184.0710,182.3192,182.9540,1208647
2020-01-17,183.0920,184.7984,182.3307,183.5056,1430353
2020-01-20,183.5499,185.4027,183.5499,184.2594,1318730
2020-01-21,184.0663,184.1927,181.5200,181.8355,2268352
2020-01-22,181.4896,181.8144,180.2363,180.4638,2031140
2020-01-23,180.3335,181.0244,178.4970,179.9549,1103932
2020-01-24,180.0857,180.3677,178.7727,180.3677,734898
2020-01-27,180.4593,181.9933,180.3934,181.7617,1122415
2020-01-28,181.5873,182.2875,180.4351,180.6240,1077531
2020-01-29,180.5168,180.5168,178.5889,179.2750,1482355
2020-01-30,179.3181,179.8917,179.2343,179.6067,981981
2020-01-31,179.8086,181.4656,179.2537,180.3221,1180875
2020-02-03,180.2152,180.3852,179.7950,179.7950,1442037
2020-02-04,179.3347,179.4122,177.5952,177.5952,3408037
2020-02-05,177.8820,179.3153,177.8820,178.6134,1631365
2020-02-06,178.5228,178.6199,177.0664,178.1497,995286
2020-02-07,178.8168,180.3748,177.4669,180.3748,1244444
2020-02-10,180.3888,181.8179,179.9324,180.4443,861961
2020-02-11,180.1739,181.1768,179.6683,179.6683,1641074
2020-02-12,179.4516,179.6220,176.0633,177.3083,2032407
2020-02-13,177.1921,177.1921,175.6588,176.9624,805927
2020-02-14,176.7983,177.7230,175.2200,175.2200,1189197
2020-02-17,175.7680,177.9951,175.7680,177.8433,2100622
2020-02-18,177.8842,178.3087,177.2675,178.2514,1288176
2020-02-19,178.6456,179.6737,177.4382,179.6737,1277323
2020-02-20,179.8129,180.2951,178.9672,180.0862,1136517
2020-02-21,180.1577,181.8865,180.1577,181.2564,1528050
2020-02-24,181.4913,183.1927,181.4913,182.2641,1439008
2020-02-25,182.0205,182.6311,180.8662,180.8662,2496369
2020-02-26,181.1405,183.4860,180.9327,183.4860,1606566
2020-02-27,183.5275,184.0660,182.3839,184.0660,1490577
2020-02-28,183.8750,183.8750,182.9154,183.3543,1343470
2020-03-02,183.7838,185.7246,183.7607,185.3144,1827237
2020-03-03,185.4706,186.4424,184.2971,186.4424,1783381
2020-03-04,186.8502,188.0449,185.9728,188.0449,1334258
2020-03-05,188.4918,191.5656,187.5525,189.4591,853690
2020-03-06,189.3268,191.4241,189.0049,189.0049,1468342
2020-03-09,188.8364,188.8364,186.4071,186.9351,2722186
2020-03-10,187.2070,188.7796,187.2070,188.7796,1839268
2020-03-11,188.6530,188.8779,187.7589,188.2300,828875
2020-03-12,188.4091,189.0103,188.1246,188.8003,1497570
2020-03-13,188.9381,189.6701,188.4825,189.6012,2020452
2020-03-16,188.9391,188.9391,187.2817,187.6385,1837578
2020-03-17,188.3643,190.4439,188.3643,190.4439,2486432
2020-03-18,190.0445,190.6424,188.0071,188.4455,946605
2020-03-19,188.7271,189.2892,187.5978,189.2892,1515232
2020-03-20,189.7950,191.3917,189.7950,190.8867,943668
2020-03-23,191.1203,192.8277,189.4803,191.9319,1164620
2020-03-24,191.8936,191.8936,190.6814,191.3855,1052679
2020-03-25,191.1680,191.1680,188.3045,189.7546,1854276
2020-03-26,190.1656,192.0419,188.9666,191.2405,1293776
2020-03-27,191.2756,194.6746,191.2756,191.5300,1097080
2020-03-30,191.5347,192.9375,190.0230,191.5576,810103
2020-03-31,191.9528,197.5813,191.9528,197.1215,2762276
2020-04-01,197.1510,197.4382,196.1302,197.3076,942483
2020-04-02,195.9035,195.9035,191.7976,192.1869,2052422
2020-04-03,192.2529,192.9420,190.6405,192.9420,820665
2020-04-06,193.4713,195.6160,190.6177,195.6160,1536440
2020-04-07,196.8183,201.9874,196.8183,201.9874,1970674
2020-04-08,202.8356,205.5447,202.8356,205.5447,4321304
2020-04-09,205.8477,206.5250,205.2506,206.5250,1425036
2020-04-10,206.2424,206.2424,203.6224,205.6667,968681
2020-04-13,206.0605,207.5835,205.9540,207.4661,1400420
2020-04-14,207.4602,207.6761,206.2005,207.4037,985465
2020-04-15,207.6238,209.9508,207.6238,209.7029,1314402
2020-04-16,209.0568,209.0568,206.7410,207.5827,1097394
2020-04-17,207.8951,209.2732,207.3135,209.0769,1708598
2020-04-20,208.9864,208.9864,206.5462,207.8826,1498414
2020-04-21,207.9782,210.4757,207.9782,208.4080,1306916
2020-04-22,208.6701,210.9343,208.5906,209.5966,1744278
2020-04-23,209.3460,209.3460,206.6221,208.1144,1311161
2020-04-24,208.6808,210.6220,208.6808,210.6220,4592754
2020-04-27,211.7301,214.5189,211.5010,213.8292,2730167
2020-04-28,213.8233,214.9652,213.8039,213.8039,1330798
2020-04-29,213.2036,213.3375,210.2238,211.5801,1173332
2020-04-30,211.9960,214.1498,210.8286,214.1498,2271576
2020-05-01,214.0538,214.4028,212.6938,213.6231,905926
2020-05-04,213.3374,214.2228,211.8227,211.8227,1032324
2020-05-05,211.7196,213.4165,210.0893,210.8466,1685546
2020-05-06,211.8038,214.4224,211.8038,214.1422,1507527
2020-05-07,214.1083,214.9619,213.9665,213.9665,829267
2020-05-08,214.1844,215.6407,214.1778,215.1709,1948509
2020-05-11,215.0834,215.0834,213.3368,214.0125,1857249
2020-05-12,214.1101,215.0050,212.7381,214.4501,1610596
2020-05-13,214.8327,216.1548,214.1709,216.1548,1226515
2020-05-14,216.2367,217.0700,216.2367,216.5898,1130641
2020-05-15,216.5723,217.4041,216.2169,216.4835,1422070
2020-05-18,216.2021,216.3725,214.9759,214.9759,1569469
2020-05-19,216.2619,220.2857,216.2619,218.8716,2557954
2020-05-20,218.9777,220.8195,218.5722,220.1171,1112845
2020-05-21,221.0639,222.9433,220.8858,222.9433,2225261
2020-05-22,223.3294,224.4439,222.6246,224.1621,1753705
2020-05-25,225.0172,226.8950,224.4935,226.8950,1904967
2020-05-26,226.8382,227.6831,226.0527,226.0527,1734661
2020-05-27,226.2556,226.8129,224.4001,226.8129,1110903
2020-05-28,226.8362,228.9744,226.8362,227.0658,846321
2020-05-29,227.1745,227.4452,226.2184,227.3911,857122
2020-06-01,226.9510,226.9665,225.3395,226.0306,1321182
2020-06-02,226.1553,227.8163,226.1553,227.0385,802228
2020-06-03,226.4317,226.6671,225.0242,225.0242,1350111
2020-06-04,224.9151,225.0703,223.0800,223.3786,1204655
2020-06-05,223.5743,226.6322,223.5743,225.9456,2246379
2020-06-08,225.1425,225.1425,223.1219,223.1219,2042375
2020-06-09,223.1392,223.1935,221.4989,223.1935,684589
2020-06-10,223.4572,225.0286,223.0177,224.6289,1157026
2020-06-11,224.7107,225.1805,223.4101,224.9073,1188278
2020-06-12,224.3727,224.7330,222.0209,222.3171,2020761
2020-06-15,222.2676,223.9469,221.9586,221.9586,1142543
2020-06-16,222.0007,222.9624,221.5702,222.3479,1066259
2020-06-17,222.1600,222.4554,221.4893,221.5647,1361235
2020-06-18,221.9953,223.1283,221.8925,223.0309,1763773
2020-06-19,223.1824,223.9440,222.1627,223.9440,1122166
2020-06-22,222.7245,224.1596,220.4400,220.4400,2679718
2020-06-23,220.4866,221.6642,220.3272,221.1454,1102797
2020-06-24,221.2608,223.2816,220.9600,223.2816,1578999
2020-06-25,222.8246,222.9925,220.6529,220.6529,1610316
2020-06-26,219.5299,219.9509,216.7572,216.7572,1560627
2020-06-29,216.4663,216.9527,214.1784,215.0863,2186392
2020-06-30,215.8862,218.3463,215.8862,217.8473,1749155
2020-07-01,218.0484,221.5126,218.0484,221.5126,2025102
2020-07-02,221.7256,222.4978,221.2610,222.3257,1130300
2020-07-03,222.2981,223.6642,221.6632,222.2021,1099325
2020-07-06,222.0296,222.1872,221.5520,221.5520,1475704
2020-07-07,222.0524,223.5476,222.0380,222.9860,1794710
2020-07-08,223.5352,224.6792,222.9709,224.6792,1496180
2020-07-09,224.4277,224.4277,222.2659,222.7715,1189126
2020-07-10,223.8683,226.1468,223.8683,226.1468,1745281
2020-07-13,225.8673,225.8673,224.4094,225.0264,983996
2020-07-14,224.9456,226.1347,223.0934,223.7292,1098988
2020-07-15,223.7343,224.4819,223.3369,223.7449,890697
2020-07-16,223.9722,225.4006,223.9722,224.4131,894785
2020-07-17,225.0727,228.0685,224.9271,226.4814,2033741
2020-07-20,225.8556,225.8556,222.6242,224.2287,1603130
2020-07-21,224.2785,224.7934,222.3034,224.7934,864218
2020-07-22,224.5814,225.9229,223.9810,223.9810,1302834
2020-07-23,223.9342,224.5179,222.0994,223.2726,760100
2020-07-24,223.7048,225.0150,223.5820,225.0150,1453564
2020-07-27,224.7810,225.6255,223.4393,223.4393,1634726
2020-07-28,223.4689,223.7522,221.6079,223.7522,1283777
2020-07-29,225.0144,228.9534,225.0144,228.5389,2694871
2020-07-30,229.4761,233.0973,229.4761,233.0135,1891363
2020-07-31,233.6986,236.7751,233.6986,236.7751,2152067
2020-08-03,236.6024,236.6024,234.1764,234.7376,1417770
2020-08-04,234.9411,236.7097,234.9411,236.7097,1644246
2020-08-05,236.7831,237.8525,235.8004,237.5797,1700619
2020-08-06,237.4301,237.4301,235.0867,236.8509,1648967
2020-08-07,236.6594,236.7357,235.3703,235.8843,1216486
2020-08-10,236.0786,236.8224,234.0449,236.8224,1239924
2020-08-11,238.3808,242.0504,238.3808,242.0066,2545414
2020-08-12,242.2920,244.9080,242.2422,242.8500,950101
2020-08-13,242.2741,243.4220,240.1437,240.1519,2569653
2020-08-14,238.8961,239.4061,235.2262,235.2262,2010572
2020-08-17,235.0241,235.0960,233.6612,234.1847,1657462
2020-08-18,234.0584,234.0584,231.6542,233.8017,1260507
2020-08-19,233.8489,234.6936,233.2679,234.4258,965368
2020-08-20,234.7761,237.6952,234.1954,236.4472,1490908
2020-08-21,237.2497,238.8184,236.5351,238.8184,1057432
2020-08-24,238.6093,240.1698,236.6542,237.9812,1606247
2020-08-25,237.8990,239.0673,236.6229,237.2544,1349855
2020-08-26,237.3075,239.7888,236.9358,237.7887,1188581
2020-08-27,237.8943,239.1976,235.8843,239.1976,1638170
2020-08-28,239.6591,240.7940,239.0941,240.6910,937677
2020-08-31,240.8274,243.7415,240.8274,241.2954,1557701
2020-09-01,241.1227,241.1227,239.7791,240.0062,1452774
2020-09-02,239.6097,240.4719,237.1317,238.0174,1547590
2020-09-03,238.0324,239.3748,237.1957,238.0656,681028
2020-09-04,237.7659,237.7659,236.2237,236.8575,1154700
2020-09-07,236.9042,239.2315,236.9042,237.3873,1033660
2020-09-08,237.7467,239.3733,237.7218,238.9348,1628605
2020-09-09,239.0115,240.6526,239.0115,239.6658,1910752
2020-09-10,240.9745,245.7488,240.9745,244.1289,3287790
2020-09-11,243.6300,244.5024,241.7495,241.7495,2259197
2020-09-14,242.4335,244.6633,242.4335,243.9749,2102781
2020-09-15,244.0584,244.8076,243.4135,244.6802,2193798
2020-09-16,245.2338,248.0869,245.2338,247.1877,1471236
2020-09-17,246.9975,248.4471,245.0301,245.7734,1155330
2020-09-18,244.9410,245.8162,242.6485,242.6485,1563397
2020-09-21,242.1533,242.6814,239.9933,239.9933,1802260
2020-09-22,239.9584,241.4534,238.7457,239.7308,988035
2020-09-23,240.4535,244.2637,240.4535,243.5812,2035823
2020-09-24,243.5830,244.2915,241.6755,243.5893,538207
2020-09-25,243.6214,243.9015,240.7926,243.9015,662059
2020-09-28,243.2446,244.8455,241.6900,241.6900,1821113
2020-09-29,241.7274,241.9839,240.0500,241.9839,849223
2020-09-30,241.6006,241.8874,240.0430,240.7318,1170677
2020-10-01,240.8680,242.4980,240.4629,241.7966,1668691
2020-10-02,242.6275,245.8249,242.6275,245.8196,2645057
2020-10-05,246.0176,247.5884,246.0176,246.5447,1045473
2020-10-06,246.3424,246.3424,243.7660,244.9624,1382463
2020-10-07,244.7250,245.3480,242.2921,244.1923,1729968
2020-10-08,244.2437,245.3998,244.2437,244.8310,1292442
2020-10-09,245.1492,247.9021,245.1492,247.4126,2219615
2020-10-12,247.6162,250.8989,247.1609,248.0642,1223716
2020-10-13,247.8975,247.8975,246.7907,247.5774,696943
2020-10-14,247.1644,248.0135,244.6420,246.3695,1044916
2020-10-15,246.5174,247.1680,244.4856,246.8154,816859
2020-10-16,246.9862,247.5345,245.4038,247.5345,1026376
2020-10-19,247.6264,249.1431,247.6264,247.8287,1193117
2020-10-20,246.8072,246.8072,242.7393,243.2746,1997537
2020-10-21,242.5882,243.0234,240.3334,240.3334,1678259
2020-10-22,239.9597,240.1032,237.9277,238.5913,1725604
2020-10-23,238.6702,238.9362,238.2432,238.9362,1404896
2020-10-26,239.2032,240.9609,238.0822,240.0928,1149029
2020-10-27,240.7153,242.9612,240.3733,242.9612,1540985
2020-10-28,242.9494,244.0196,242.0928,242.8687,979007
2020-10-29,242.2435,243.5251,240.8107,240.8107,1440622
2020-10-30,240.8153,240.8740,239.5194,240.8740,666305
2020-11-02,241.1385,242.1820,240.4697,241.8752,1389535
2020-11-03,241.6094,242.3684,238.8838,239.6233,1619047
2020-11-04,239.1824,240.2266,238.1742,238.1742,3034514
2020-11-05,238.0035,239.5802,236.8881,236.8881,1314318
2020-11-06,236.9193,237.4860,236.4698,237.1258,966092
2020-11-09,236.4622,236.6674,234.2834,234.3711,1729696
2020-11-10,232.8652,232.8652,227.7213,227.7213,4029190
2020-11-11,228.0129,229.4851,228.0129,229.4851,1263164
2020-11-12,231.1924,234.7281,230.8021,234.7281,2295363
2020-11-13,236.3608,240.5968,235.6965,240.5968,2264196
2020-11-16,240.2784,241.2768,239.3749,239.3749,998719
2020-11-17,239.5796,242.0411,239.5796,242.0411,1554502
2020-11-18,242.4549,243.8478,242.4549,243.7949,1355945
2020-11-19,244.6422,247.2032,244.2324,247.2032,1802395
2020-11-20,248.3109,253.1463,248.3109,253.1463,1978431
2020-11-23,253.2970,255.8491,253.2970,254.0098,1121455
2020-11-24,253.8332,253.9642,251.4036,251.8915,2077158
2020-11-25,252.1021,252.8421,250.2603,252.8421,778058
2020-11-26,253.5626,255.4170,252.3140,255.4170,1427570
2020-11-27,256.3904,259.1474,255.9634,259.1474,2688386
2020-11-30,260.3202,264.3293,259.4676,264.1961,1973833
2020-12-01,263.8635,263.8635,261.3494,263.2430,1083671
2020-12-02,263.6431,267.9244,263.6431,267.4187,2763891
2020-12-03,266.9225,269.0362,265.0398,265.2225,1709590
2020-12-04,265.8686,268.9632,265.8686,268.9632,1457502
2020-12-07,269.2705,272.3641,269.1486,272.3641,2484546
2020-12-08,272.3190,273.0159,271.7645,271.8843,961255
2020-12-09,271.7142,271.7142,268.7544,271.0353,1037827
2020-12-10,269.2646,269.2646,265.8814,265.8814,3534654
2020-12-11,264.1210,264.1210,259.7021,259.7021,2576152
2020-12-14,259.7709,260.8709,258.8046,259.9670,1037774
2020-12-15,259.9183,261.4321,259.3956,259.3956,1077787
2020-12-16,259.3589,259.3589,257.4517,259.1903,1132215
2020-12-17,259.7073,261.9132,259.2285,261.8733,1358779
2020-12-18,260.9620,260.9620,257.3218,257.3218,1585603
2020-12-21,257.9940,260.3426,256.1045,260.3426,2444750
2020-12-22,260.6084,264.5137,259.9365,264.4411,2498968
2020-12-23,263.6173,267.2000,259.2081,260.7793,1497604
2020-12-24,260.9097,262.2198,260.0515,262.2198,1553117
2020-12-25,261.0019,261.4996,258.6848,258.6848,1891785
2020-12-28,259.3110,261.6966,259.3110,261.6966,1883224
2020-12-29,261.6468,263.3258,260.6666,261.0650,1143382
2020-12-30,261.1225,261.6155,259.4001,261.6155,1092099
2020-12-31,262.0109,264.3100,262.0109,264.3100,1270642
2021-01-01,264.2952,265.7660,263.8329,264.2427,661215
2021-01-04,264.4614,266.1832,264.4614,265.5034,1250686
2021-01-05,266.1902,268.9094,266.1902,268.9094,2093696
2021-01-06,269.5296,270.9275,269.5214,270.7950,1014947
2021-01-07,270.8494,271.6778,270.7842,271.3417,1626370
2021-01-08,271.1618,272.8029,270.6144,270.6144,1355905
2021-01-11,269.6968,269.6968,266.2338,266.6343,1249689
2021-01-12,267.1051,269.7999,267.1051,269.6430,1221337
2021-01-13,269.4675,269.4675,266.6053,268.2829,1165240
2021-01-14,267.5642,267.9880,264.9789,265.0897,2344654
2021-01-15,265.0678,267.1651,264.8097,265.0253,621043
2021-01-18,265.7652,269.6526,265.7652,268.1064,2318937
2021-01-19,268.5832,270.1556,268.4227,269.4851,1276584
2021-01-20,268.7894,269.0218,266.3653,267.1905,1358711
2021-01-21,267.2341,267.9711,266.0798,267.9711,945679
2021-01-22,267.1771,267.3101,264.8543,265.6606,1922094
2021-01-25,266.1650,269.0242,264.6370,268.9477,2280230
2021-01-26,268.7883,270.5183,267.4538,268.3971,757807
2021-01-27,268.2759,270.8360,267.9602,267.9602,679772
2021-01-28,267.2166,268.6755,264.9683,265.0173,1444134
2021-01-29,265.0533,266.5257,265.0533,265.1484,916289
2021-02-01,264.8443,265.1000,263.1813,263.3451,1322965
2021-02-02,263.6040,265.3157,263.1016,264.2952,1054828
2021-02-03,264.5651,266.7942,264.1841,265.4963,1577340
2021-02-04,265.1567,265.9092,263.7809,264.1682,834041
2021-02-05,263.7877,264.2597,262.4549,262.4549,1168827
2021-02-08,262.2701,264.5002,261.7974,261.9178,1195865
2021-02-09,262.1421,263.8346,261.5671,262.6715,781803
2021-02-10,262.5641,262.5641,260.8872,261.8355,1027867
2021-02-11,261.7813,262.4770,261.1100,261.2341,1261947
2021-02-12,261.4321,263.9798,261.0901,263.5669,1082691
2021-02-15,263.5370,264.2570,262.1102,263.4438,761689
2021-02-16,263.4552,264.3034,262.8651,263.5722,1255903
2021-02-17,261.8954,261.8954,257.3533,257.4874,3063608
2021-02-18,257.3503,257.3503,254.4028,256.9686,824851
2021-02-19,257.3441,260.3307,256.3825,258.3795,1025553
2021-02-22,258.2156,258.2156,256.1290,256.7194,1419885
2021-02-23,255.7752,255.7752,252.3873,252.3873,1247013
2021-02-24,252.8470,255.3404,252.4215,253.7416,1235839
2021-02-25,252.9875,253.1497,250.5715,250.5715,1237144
2021-02-26,251.1733,252.7837,250.5671,252.7837,1388618
2021-03-01,252.5663,254.2852,251.9317,251.9317,733970
2021-03-02,252.5524,255.1457,252.5524,255.1457,1519841
2021-03-03,255.2382,256.0243,253.9394,255.7699,1512128
2021-03-04,256.3173,258.5815,255.4802,257.7057,2103069
2021-03-05,258.6353,261.1080,255.3863,261.1080,1512518
2021-03-08,260.8598,261.0488,259.3363,260.1913,1122355
2021-03-09,260.2100,261.4111,259.4346,260.3696,725683
2021-03-10,259.4878,259.4878,257.7938,257.7938,1435741
2021-03-11,256.8993,256.8993,254.3375,254.3375,2078386
2021-03-12,254.7405,256.0693,252.9654,256.0693,1143419
2021-03-15,256.1000,257.5480,255.5222,256.6464,855573
2021-03-16,257.0400,260.0682,255.9230,260.0682,1255004
2021-03-17,260.9558,265.3028,260.3027,264.8618,2580832
2021-03-18,264.9377,266.5316,264.9377,266.0762,1140578
2021-03-19,266.0024,266.0024,264.8581,265.5678,1197770
2021-03-22,265.3876,265.3876,262.9934,262.9934,1327038
2021-03-23,263.1909,264.1429,262.3706,263.9507,1698734
2021-03-24,262.9284,263.5001,259.5393,260.0793,1674901
2021-03-25,260.2700,263.0459,260.2700,262.8659,1213909
2021-03-26,263.0435,266.2707,262.6855,265.6037,1690597
2021-03-29,265.6412,266.4173,264.3707,266.0585,1080431
2021-03-30,265.8305,265.8305,262.8281,263.6324,1586427
2021-03-31,264.4946,266.1199,263.9834,266.1076,1858917
2021-04-01,266.2932,268.0037,265.6559,267.5252,1289008
2021-04-02,267.4094,267.4813,265.5072,265.5710,677890
2021-04-05,265.7595,267.7592,265.7595,266.3655,1480105
2021-04-06,266.2685,266.8429,264.0864,266.0550,1341717
2021-04-07,264.8443,265.7564,262.2076,262.2076,2017038
2021-04-08,262.7319,265.3506,262.6989,265.3506,1771958
2021-04-09,265.6300,267.8687,265.6300,266.6114,1540982
2021-04-12,266.0719,266.5141,264.9733,264.9733,1212530
2021-04-13,265.6445,268.0532,265.6445,267.5043,1807636
2021-04-14,267.5261,268.8557,267.3362,267.6582,1386468
2021-04-15,267.7288,269.3134,267.7288,268.3186,1436163
2021-04-16,268.3959,270.9465,268.3959,268.7035,642396
2021-04-19,268.9974,271.0128,268.7237,271.0128,1235332
2021-04-20,271.7356,276.1157,271.7356,273.7586,1711806
2021-04-21,274.5631,276.7991,272.6098,276.7233,1225686
2021-04-22,276.5334,276.5841,274.5548,275.7329,1447102
2021-04-23,275.7510,277.8757,275.7510,275.9064,1066830
2021-04-26,276.0232,277.2259,275.1074,276.8441,1186528
2021-04-27,278.0363,281.8664,278.0363,280.7498,1979857
2021-04-28,280.6649,281.0662,279.2223,280.4600,999343
2021-04-29,279.9874,282.0153,273.7409,273.7409,1548463
2021-04-30,271.4551,271.8707,265.7620,265.7620,1569395
2021-05-03,267.4261,271.5334,266.0589,270.7562,1521225
2021-05-04,271.5353,276.7724,270.6629,273.8920,804311
2021-05-05,277.0301,295.1104,277.0301,295.1104,3739191
2021-05-06,295.1772,300.8334,295.1772,295.4051,902810
2021-05-07,294.6487,294.6487,286.9207,286.9207,1529205
2021-05-10,288.4404,299.3336,288.4404,299.3336,1722660
2021-05-11,298.7188,300.5961,289.7154,289.7154,2310922
2021-05-12,289.9787,291.2389,288.0101,290.5711,1006103
2021-05-13,289.1589,289.1589,279.7187,279.7187,3041284
2021-05-14,278.1960,279.9921,268.5411,268.5411,2789811
2021-05-17,268.3879,268.3879,265.4068,267.6046,751243
2021-05-18,266.7968,270.4295,265.1772,265.1772,814685
2021-05-19,264.0859,268.8218,257.2261,257.2261,2314930
2021-05-20,256.3217,256.3217,250.1468,250.1468,1634202
2021-05-21,250.5074,255.1087,250.5074,252.2934,1108553
2021-05-24,252.6416,256.8010,252.6416,254.9818,1628965
2021-05-25,256.6781,265.6432,256.6781,260.8542,1319251
2021-05-26,260.3598,260.3598,255.9236,256.7372,1315223
2021-05-27,259.6713,265.3263,259.6713,265.3263,1396659
2021-05-28,264.0396,264.0396,260.5720,260.5720,1191357
2021-05-31,260.3496,260.3496,255.4393,257.6418,1882840
2021-06-01,255.6270,256.9214,251.8590,251.9264,1768549
2021-06-02,252.4072,255.1141,249.3950,253.5468,1020352
2021-06-03,253.6669,261.1289,253.6669,254.8298,1067994
2021-06-04,254.6489,255.3772,250.6451,251.4306,1655994
2021-06-07,251.8888,254.7649,246.8580,254.7649,1669783
2021-06-08,255.1036,258.2006,252.0701,258.2006,1743236
2021-06-09,257.5787,257.5787,251.4993,254.3833,1916087
2021-06-10,253.6888,253.6888,247.8891,248.8600,1297380
2021-06-11,248.6801,250.3558,245.9266,245.9266,1153151
2021-06-14,245.9031,247.7220,245.7541,245.7541,964261
2021-06-15,247.0705,249.6443,244.2144,249.6443,1099656
2021-06-16,248.3105,252.8008,242.8941,244.2989,1549591
2021-06-17,244.7177,253.0236,244.7177,249.5692,2320798
2021-06-18,251.5383,258.2876,251.5383,256.3118,1461949
2021-06-21,257.0000,261.1243,257.0000,260.0715,1771104
2021-06-22,259.2668,259.3401,254.7507,254.8786,2158065
2021-06-23,254.5960,256.2162,253.5572,253.5572,1845775
2021-06-24,254.0719,258.2714,254.0719,257.6906,1422613
2021-06-25,257.8968,258.6006,256.0240,258.6006,1089249
2021-06-28,258.9108,260.8041,258.9108,260.1104,1625473
2021-06-29,260.5032,262.2240,260.5032,261.7723,1282392
2021-06-30,261.7758,263.9697,261.7758,261.7946,1153298
2021-07-01,261.7962,262.3439,259.3650,261.8089,684415
2021-07-02,262.2226,264.1135,262.0718,263.0602,1042218
2021-07-05,262.7673,263.8755,261.9906,261.9906,1317354
2021-07-06,262.2027,264.2572,261.7945,262.6895,1141762
2021-07-07,262.7901,266.1574,262.7901,263.8756,1244328
2021-07-08,263.8812,263.9496,262.3755,263.9496,1390820
2021-07-09,263.8793,263.8793,260.5263,263.4300,752905
2021-07-12,263.4871,266.5639,263.4871,264.2024,1061704
2021-07-13,265.4764,268.5422,265.4764,268.5422,1911843
2021-07-14,268.6411,268.9623,267.1123,268.9623,659719
2021-07-15,267.8468,267.8468,263.5755,264.0425,1916608
2021-07-16,263.8208,263.8208,259.5857,260.3259,1689186
2021-07-19,260.5327,264.1048,260.5327,264.1048,2137282
2021-07-20,264.5822,268.5758,264.5822,268.3696,1700917
2021-07-21,268.4336,269.0361,267.7332,268.8414,899460
2021-07-22,268.5600,269.8069,266.6002,267.9616,824702
2021-07-23,267.4771,267.4771,264.6164,265.5946,2207558
2021-07-26,265.3796,265.3796,264.1026,264.8421,1599508
2021-07-27,265.1354,266.8204,264.8419,265.9726,1380161
2021-07-28,265.6096,265.6740,262.7599,262.7599,1340634
2021-07-29,261.5897,261.5897,257.6496,259.2752,1961418
2021-07-30,259.0153,259.4791,257.9769,258.4149,1019834
2021-08-02,257.4898,257.7281,255.0993,255.5841,2736121
2021-08-03,254.9198,254.9198,251.3639,253.0371,1286217
2021-08-04,253.9905,256.9305,253.9905,256.6598,2482242
2021-08-05,255.9881,255.9881,252.1595,253.5587,1459277
2021-08-06,253.5474,255.2737,253.4864,253.5061,791587
2021-08-09,252.9894,252.9894,250.0910,251.2390,2320748
2021-08-10,251.7567,252.8672,249.8959,252.8672,1108720
2021-08-11,253.1697,254.5929,253.1697,253.8309,835858
2021-08-12,253.7505,254.1931,250.9397,253.1927,748286
2021-08-13,253.7760,255.9881,253.6150,255.9881,1777112
2021-08-16,256.0321,256.6517,254.5603,256.1496,996894
2021-08-17,255.0213,255.0213,250.3253,250.3253,1836269
2021-08-18,249.9345,250.5797,246.9599,249.0671,1400710
2021-08-19,249.0207,249.7238,247.6874,248.8782,1378556
2021-08-20,249.9032,252.1438,249.3992,252.1438,2107587
2021-08-23,251.9965,252.9011,249.5591,250.8082,1393344
2021-08-24,250.8024,252.4078,248.7528,250.7796,1073474
2021-08-25,250.6528,250.6528,248.9530,249.6041,1426591
2021-08-26,249.4930,250.5474,248.5810,248.5810,1362301
2021-08-27,248.2316,248.5632,245.8235,246.5239,1616339
2021-08-30,245.9115,245.9115,241.3216,241.3216,3364688
2021-08-31,241.0189,241.0189,239.4875,240.3422,892262
2021-09-01,239.9695,239.9695,235.8469,235.8469,2450903
2021-09-02,235.8429,236.6527,234.7618,235.8121,749894
2021-09-03,235.5243,235.7506,234.1148,234.1148,762474
2021-09-06,234.0600,234.0600,232.1590,233.6675,708395
2021-09-07,233.4746,235.2882,232.7506,232.9841,1291066
2021-09-08,232.8122,232.8122,231.2280,231.9849,1220009
2021-09-09,232.4058,235.4335,232.0683,233.8666,2529395
2021-09-10,234.0971,235.3520,233.7698,234.8199,945511
2021-09-13,234.8183,235.8365,233.9022,234.8138,790415
2021-09-14,235.5008,239.0871,235.5008,237.7104,1791708
2021-09-15,237.0927,237.0927,235.0548,235.7285,1821314
2021-09-16,236.4029,238.4224,236.2380,238.4224,1280533
2021-09-17,238.6593,241.8671,238.6593,239.8609,1201819
2021-09-20,239.4611,239.4611,238.1124,238.1124,1102562
2021-09-21,239.2678,241.8402,238.2240,241.8402,2062513
2021-09-22,242.4988,244.2107,242.4988,244.0406,1866905
2021-09-23,244.2997,245.9261,243.9605,245.0591,948155
2021-09-24,245.2738,247.9054,245.2738,247.9054,2227870
2021-09-27,247.9958,249.4357,246.6534,248.6083,1072496
2021-09-28,247.9834,247.9834,244.4823,245.4433,1430858
2021-09-29,245.3035,245.4696,243.1388,243.4723,2009959
2021-09-30,244.6026,247.8725,244.2547,247.6352,2077647
2021-10-01,247.7396,249.1638,246.1766,248.3367,1041650
2021-10-04,247.7758,247.7758,243.2628,245.7526,1790338
2021-10-05,244.6943,245.7088,240.6857,240.6857,1775589
2021-10-06,240.6217,240.7824,238.2471,239.5471,2030253
2021-10-07,238.9629,238.9629,236.9119,237.6084,1482675
2021-10-08,236.4574,237.8455,234.2145,234.2145,1591608
2021-10-11,234.0956,234.0956,231.1678,232.7240,869398
2021-10-12,233.1507,234.2593,233.1507,234.2593,1714778
2021-10-13,234.5075,237.8111,233.6221,237.8111,1580902
2021-10-14,236.4725,236.4725,233.5865,233.5865,2899507
2021-10-15,234.0453,236.5064,232.7963,235.2864,1054819
2021-10-18,235.5549,236.4437,235.0858,236.3464,764403
2021-10-19,235.7724,235.7724,233.1710,233.2346,1479063
2021-10-20,233.4745,236.1008,233.4745,235.9946,1770568
2021-10-21,236.6906,238.8173,236.6906,238.7233,1765910
2021-10-22,238.5467,238.5467,236.3352,236.3352,1926414
2021-10-25,236.7710,238.6110,236.0078,238.6110,1073102
2021-10-26,238.7919,239.4840,237.7898,239.4840,1034645
2021-10-27,239.9636,241.7207,239.8405,241.0616,1452469
2021-10-28,241.2380,244.4325,241.2380,244.0002,2313049
2021-10-29,243.3845,243.7247,240.7411,240.7411,1332726
2021-11-01,240.1055,240.1055,237.6880,238.5774,1493565
2021-11-02,238.0940,238.0940,235.1599,236.0121,1860796
2021-11-03,236.1680,238.1076,234.0725,238.1076,1494745
2021-11-04,238.1385,239.1131,236.8745,238.2438,1067835
2021-11-05,238.3976,240.6662,238.3976,238.9619,1306887
2021-11-08,238.9077,239.3987,237.5062,238.7079,1219883
2021-11-09,239.2155,240.9486,238.9636,240.9486,2152988
2021-11-10,240.2103,240.9381,236.7914,238.5054,1494737
2021-11-11,238.5312,240.1768,238.2422,238.7416,677545
2021-11-12,239.3702,241.2018,239.3702,240.5832,1551993
2021-11-15,240.7387,242.5770,239.7599,241.9658,1456257
2021-11-16,241.4720,242.0287,239.5102,239.8394,1786746
2021-11-17,239.4562,239.7435,237.1610,238.7125,1007189
2021-11-18,238.8565,241.1687,238.8565,240.1439,1575017
2021-11-19,240.3383,242.1191,240.3383,242.1191,1509131
2021-11-22,242.2766,242.9101,240.5521,242.6116,749580
2021-11-23,242.3776,245.1718,241.9375,241.9375,1304335
2021-11-24,241.9399,242.6744,239.6359,241.9590,990865
2021-11-25,242.6582,246.6714,242.6582,245.2227,3156143
2021-11-26,245.3003,246.5215,243.3397,246.3061,2010770
2021-11-29,246.7006,248.7398,246.0989,248.7398,1417675
2021-11-30,249.2096,252.2282,249.2096,251.7691,1924909
2021-12-01,252.3101,256.9277,252.3101,256.9277,2515081
2021-12-02,256.5452,256.5452,252.4969,254.5830,1498172
2021-12-03,254.0362,254.0362,250.7813,252.0762,1429858
2021-12-06,252.7875,255.7419,252.7875,254.4568,1913104
2021-12-07,254.8156,256.4698,254.5898,256.3538,1547231
2021-12-08,256.5682,257.4388,255.9354,257.2806,769294
2021-12-09,257.9349,259.8627,257.4370,259.8627,1980962
2021-12-10,259.9162,262.0451,259.9162,260.3218,973383
2021-12-13,260.0759,260.3728,258.3754,258.3754,1466121
2021-12-14,259.2253,262.7437,259.2253,261.9026,2456276
2021-12-15,262.0480,263.9185,261.9776,263.4206,1288708
2021-12-16,264.0701,265.4743,262.4153,265.3920,1493439
2021-12-17,266.8554,270.7286,266.8554,270.6454,2044751
2021-12-20,271.5020,276.6123,271.5020,276.6123,5677840
2021-12-21,276.5661,276.8601,275.4706,276.4354,987359
2021-12-22,275.4555,275.4555,270.5034,271.3089,1781987
2021-12-23,271.6075,277.3216,271.3956,277.3216,1953695
2021-12-24,276.7106,276.7106,271.5642,272.2477,1609663
2021-12-27,271.6371,271.6371,269.0144,269.0144,1853891
2021-12-28,270.4611,274.9485,270.4611,274.9485,1839424
2021-12-29,274.7492,279.2885,271.8857,274.2866,972042
2021-12-30,273.6723,276.5595,271.6431,272.0405,1077134
2021-12-31,269.0901,270.9216,263.2831,263.2831,2402970
2022-01-03,263.1196,264.7285,257.3976,262.5785,888027
2022-01-04,263.2486,268.7968,260.0416,268.4676,1294598
2022-01-05,268.9629,280.0271,268.9629,277.6872,1848204
2022-01-06,272.8817,272.8817,260.8785,260.8785,5465477
2022-01-07,259.5807,262.2445,256.4654,256.5653,1120280
2022-01-10,256.4558,259.4083,255.0344,256.0516,762866
2022-01-11,256.9651,270.6570,256.9651,269.9151,2085303
2022-01-12,269.8046,273.0131,267.6810,268.1983,1161777
2022-01-13,269.1498,276.1370,267.5738,272.9759,1254513
2022-01-14,272.6867,272.6867,266.4042,270.9400,937197
2022-01-17,271.5032,273.8379,270.8191,272.6366,1535794
2022-01-18,270.6457,270.6457,265.1014,265.6157,1309278
2022-01-19,265.8546,267.1022,264.1978,266.3766,1428014
2022-01-20,267.9538,273.6703,266.6405,270.9214,1299860
2022-01-21,270.0969,274.5430,266.8531,267.5786,736907
2022-01-24,267.3479,267.3479,264.1911,264.7677,1948771
2022-01-25,264.1335,264.1335,261.3920,262.4916,1426992
2022-01-26,262.5490,263.2871,261.7991,262.6900,1074170
2022-01-27,262.4360,263.5871,258.1286,258.1286,1526784
2022-01-28,258.1901,258.8020,256.6592,258.3635,829955
2022-01-31,259.6805,263.0001,259.6805,262.7125,2776060
2022-02-01,263.2311,266.0458,263.2311,264.4717,951429
2022-02-02,265.1663,266.9159,264.3046,266.8500,1707752
2022-02-03,266.2916,266.5604,264.0339,264.4053,1504630
2022-02-04,264.9061,270.2127,264.9061,270.2127,2358809
2022-02-07,270.2836,270.9643,269.6399,270.7667,1032145
2022-02-08,271.0275,271.6688,269.4363,271.6688,1727354
2022-02-09,271.9189,273.7991,271.8131,272.3992,1153245
2022-02-10,272.9982,275.4747,271.2823,275.4747,1395003
2022-02-11,275.3028,276.5858,274.5023,274.6814,1679071
2022-02-14,274.9305,276.2167,273.9657,276.2167,959259
2022-02-15,275.7268,275.7268,272.2882,273.9052,1418831
2022-02-16,272.8140,272.8370,269.7532,269.7532,2433136
2022-02-17,269.5553,270.6351,269.0841,269.0841,1318770
2022-02-18,268.5078,268.5078,264.1518,265.1554,1331724
2022-02-21,265.3625,269.2524,264.9611,269.2524,1776403
2022-02-22,268.7179,268.7179,265.9834,266.2471,1521724
2022-02-23,266.3650,268.9506,266.0991,268.3241,1089740
2022-02-24,268.2256,269.3173,267.5342,268.0025,982051
2022-02-25,268.8706,272.3245,268.8706,272.3245,1898783
2022-02-28,271.7548,271.9119,269.6878,269.6878,1472872
2022-03-01,271.5746,275.7108,271.5746,275.7108,2240723
2022-03-02,276.1774,277.9484,275.8291,277.4156,1346785
2022-03-03,277.3788,279.1197,276.0694,276.8170,1129932
2022-03-04,277.3806,280.3514,276.0832,280.0259,1439343
2022-03-07,280.2657,281.4155,279.1713,280.9226,1986209
2022-03-08,281.3831,284.7975,281.3831,284.7975,1810487
2022-03-09,285.2238,286.3680,284.9353,286.3680,1825563
2022-03-10,285.6233,286.4144,282.6888,282.6888,1548545
2022-03-11,282.6060,283.6309,279.7605,281.5648,1261527
2022-03-14,281.1540,281.4285,280.2240,280.2240,1038350
2022-03-15,281.5544,285.4274,281.5544,285.4274,2108192
2022-03-16,285.6373,286.2203,284.3925,286.1693,1398797
2022-03-17,286.3945,288.4987,286.3945,287.5590,1019016
2022-03-18,288.0644,290.8977,288.0644,289.0319,1185191
2022-03-21,289.0643,291.7017,287.8289,289.2357,734865
2022-03-22,290.1284,292.7162,288.1976,292.7162,1845545
2022-03-23,292.5664,292.9407,290.3251,291.7473,776447
2022-03-24,291.6425,291.6425,290.6267,291.1217,955489
2022-03-25,291.3864,293.6323,290.8201,292.5491,1290827
2022-03-28,292.2275,292.2275,288.7102,288.7102,1762851
2022-03-29,289.3132,292.5944,289.3132,290.7831,1955403
2022-03-30,290.9321,291.5246,289.2864,291.5246,915211
2022-03-31,291.8980,295.2925,291.8980,294.8500,3304240
2022-04-01,294.5357,295.2996,292.7868,292.7868,2067391
2022-04-04,293.5964,296.2412,293.5964,296.2412,1663672
2022-04-05,296.1130,296.1130,294.1336,295.5898,1136353
2022-04-06,296.4207,299.7826,296.4207,299.7826,1209196
2022-04-07,301.1815,304.9167,300.5713,304.9167,2792480
2022-04-08,304.7667,305.3786,303.8148,303.9586,996517
2022-04-11,304.0208,304.8971,301.9874,304.8971,1294529
2022-04-12,307.4968,312.6000,305.2637,312.6000,2862809
2022-04-13,312.6645,313.0603,305.2014,313.0603,994506
2022-04-14,315.1076,323.9887,315.1076,322.7764,2310737
2022-04-15,324.2727,327.4636,322.1209,327.4636,1469605
2022-04-18,324.7263,324.7263,316.0931,317.4730,1447694
2022-04-19,317.3459,320.4885,317.1030,317.1030,1267357
2022-04-20,317.8003,319.2368,310.1003,319.2368,1126983
2022-04-21,320.3300,325.3201,320.2624,324.2881,1379228
2022-04-22,326.9368,335.3056,325.4051,335.3056,1882845
2022-04-25,334.0422,336.1877,330.7167,330.7991,1214323
2022-04-26,329.0197,329.9773,324.1779,324.1779,1772207
2022-04-27,321.9980,321.9980,312.6814,313.9032,1409846
2022-04-28,312.7597,312.7597,307.7291,308.5117,1124452
2022-04-29,306.5985,306.5985,299.0588,300.4316,1866804
2022-05-02,299.9457,301.8954,294.4849,294.4849,1353376
2022-05-03,294.8662,301.1494,294.8662,299.1480,1709507
2022-05-04,297.6650,297.7147,290.9655,293.4293,1518308
2022-05-05,292.8195,294.6510,291.1951,291.3314,1260698
2022-05-06,290.9724,292.5437,287.3955,287.3955,951321
2022-05-09,287.2728,289.2591,284.7146,285.5979,878892
2022-05-10,286.0803,290.5361,284.4760,290.5361,1602402
2022-05-11,292.8194,303.8463,292.8194,303.8463,2333460
2022-05-12,305.3590,312.4285,304.9575,310.0175,1247645
2022-05-13,311.5774,319.4924,310.8212,319.4924,1494301
2022-05-16,319.4525,320.4814,316.6336,319.2713,909304
2022-05-17,321.9423,336.8517,318.9223,330.3217,3607344
2022-05-18,329.4475,331.8498,325.4324,327.4647,1331148
2022-05-19,325.3449,325.3449,313.9379,313.9379,2465944
2022-05-20,315.2839,322.0463,315.2711,319.1857,1430650
2022-05-23,319.4094,324.4447,318.3226,321.4800,968767
2022-05-24,321.0129,322.5285,314.3797,318.2527,805325
2022-05-25,317.4296,317.4502,311.4075,311.4075,1226952
2022-05-26,310.9151,310.9151,305.5703,306.4475,1264876
2022-05-27,306.5620,308.5182,304.4981,308.5182,1083218
2022-05-30,308.7436,311.6246,308.7436,311.1349,1666160
2022-05-31,311.1488,312.0568,310.5790,311.1983,739557
2022-06-01,310.5513,310.6921,308.2024,308.5668,1181359
2022-06-02,308.6054,309.2645,308.1808,309.2445,741900
2022-06-03,309.0058,309.2976,307.6673,307.6673,1216759
2022-06-06,308.6148,311.3800,308.6148,311.3800,1810219
2022-06-07,311.7669,313.8448,311.7669,313.8448,910173
2022-06-08,313.4374,315.4421,311.1630,312.2794,784923
2022-06-09,313.3284,316.1803,313.0468,316.1803,2215025
2022-06-10,316.4953,319.9313,315.9251,318.5982,1576743
2022-06-13,317.6563,317.6563,314.2498,314.2498,1902646
2022-06-14,313.8156,314.6802,312.0564,312.6229,1022295
2022-06-15,312.3841,313.2077,309.9244,309.9244,2226232
2022-06-16,309.7392,310.6273,307.6116,307.6116,1235195
2022-06-17,309.1319,313.8433,309.1319,312.3200,2679898
2022-06-20,312.3451,312.5266,311.0415,312.5266,736957
2022-06-21,313.2578,316.8512,313.2578,316.8512,2122763
2022-06-22,317.5756,319.4666,314.6865,319.4666,2036482
2022-06-23,319.0972,319.8083,316.9379,317.7253,1277986
2022-06-24,318.7038,320.8813,318.7038,320.6581,1833503
2022-06-27,317.8604,318.3139,310.9925,312.1085,1621607
2022-06-28,310.6582,310.6582,297.7406,297.7406,2642280
2022-06-29,298.8204,304.5292,295.5990,304.5292,1620124
2022-06-30,303.7089,304.7643,300.0857,300.1298,1582199
2022-07-01,299.1728,299.1728,291.1568,294.5845,1746684
2022-07-04,293.6386,293.6386,284.7702,284.7702,2584193
2022-07-05,283.6340,285.9110,275.8799,276.0456,1729370
2022-07-06,276.6202,277.6912,275.2421,277.6912,712137
2022-07-07,277.9137,279.8550,277.9137,279.3827,1185425
2022-07-08,279.5406,281.9485,279.5406,281.1504,1140612
2022-07-11,281.1391,281.1391,279.2969,281.0694,1265906
2022-07-12,281.2362,283.9202,281.2362,282.7318,1266987
2022-07-13,283.3626,286.4268,283.3626,285.2362,1318951
2022-07-14,287.7006,292.7403,287.7006,292.7403,1979267
2022-07-15,294.8244,300.7371,294.8244,298.9363,2088467
2022-07-18,300.7082,304.7249,299.5740,304.7249,1221938
2022-07-19,305.3221,307.9607,305.3221,307.6637,2573547
2022-07-20,308.0105,309.1766,307.2573,309.1766,808789
2022-07-21,309.0931,310.5658,308.2676,308.5391,1077831
2022-07-22,308.4387,309.8886,307.9525,307.9525,1016328
2022-07-25,307.7023,309.2081,306.5228,306.7142,1123343
2022-07-26,306.5430,307.0036,303.1791,305.3667,1235676
2022-07-27,305.7841,307.3434,305.7841,307.1151,1466870
2022-07-28,307.7870,309.4355,307.6432,309.4355,2247742
2022-07-29,308.0901,308.0901,303.0780,303.1186,2386111
2022-08-01,303.3828,305.2326,303.0729,304.2109,855930
2022-08-02,304.0499,308.7225,301.6908,302.6035,1155283
2022-08-03,300.9786,304.4993,295.7207,295.7207,2326176
2022-08-04,295.4464,295.4464,289.7625,292.3750,1200751
2022-08-05,292.5068,296.1991,288.4347,294.1929,1146542
2022-08-08,294.6733,297.6211,294.6733,296.2614,1001857
2022-08-09,295.3074,295.3074,290.2954,292.8884,1020513
2022-08-10,291.3459,294.3850,287.6834,287.6834,1870702
2022-08-11,287.9708,291.9977,285.4462,291.9977,1127717
2022-08-12,292.3283,296.9016,292.3283,296.9016,1417247
2022-08-15,297.0064,298.5829,297.0064,297.2148,851193
2022-08-16,297.6112,298.6669,295.5970,298.6669,779433
2022-08-17,298.6650,298.6650,296.0748,298.6429,822721
2022-08-18,298.0756,298.8444,296.8665,296.8665,1285190
2022-08-19,297.1376,298.0557,296.8558,297.7037,971485
2022-08-22,296.8006,297.5983,294.6025,294.6025,1553603
2022-08-23,294.7976,295.6740,293.8429,295.6740,1115234
2022-08-24,296.1357,297.1221,294.7526,297.1221,1005490
2022-08-25,296.5847,297.2064,293.5796,295.3708,1597265
2022-08-26,295.4291,296.4434,294.7540,295.5843,946720
2022-08-29,295.3394,295.3394,289.6971,293.3489,1187017
2022-08-30,293.4674,295.2825,293.3090,294.4614,1315195
2022-08-31,294.5473,296.6130,293.1019,295.3888,1158511
2022-09-01,292.9401,292.9401,287.0852,287.9132,3149515
2022-09-02,288.5880,293.5076,287.8340,293.5076,3787228
2022-09-05,294.6636,297.2494,294.6636,297.2494,2179861
2022-09-06,298.0112,300.3460,297.1610,300.3460,2466945
2022-09-07,300.8080,302.9564,300.4962,302.1250,1048039
2022-09-08,302.6516,304.8117,302.6516,304.2978,1353453
2022-09-09,305.1960,308.1367,304.4603,308.1367,1600328
2022-09-12,308.2735,310.5253,307.7358,310.5253,1072658
2022-09-13,310.4371,310.8762,308.2149,309.8351,1566096
2022-09-14,310.2410,311.5646,307.9817,311.5646,1413370
2022-09-15,311.4878,312.2362,309.9267,310.6445,1241976
2022-09-16,310.7794,312.3260,310.3312,311.2157,904054
2022-09-19,310.9694,312.7579,310.3113,310.3113,1626724
2022-09-20,310.5038,311.8097,309.2875,311.7779,961010
2022-09-21,312.1461,314.5614,311.9459,314.1503,1598597
2022-09-22,314.5964,317.1229,314.5964,316.3410,1481567
2022-09-23,315.9202,315.9846,312.7713,313.4327,1640844
2022-09-26,312.6814,313.5720,311.1698,311.1698,950497
2022-09-27,310.0344,310.0829,306.6840,306.9627,2274405
2022-09-28,306.2860,306.6386,304.0041,304.9987,1090202
2022-09-29,305.2758,307.0547,305.1921,305.9604,933098
2022-09-30,306.1546,307.9140,304.4472,307.9140,1783768
2022-10-03,306.9144,306.9144,302.9243,302.9243,1896908
2022-10-04,303.1597,305.5628,303.1597,303.9587,1201735
2022-10-05,304.5353,307.6241,304.0768,306.8094,1916967
2022-10-06,306.8744,307.8147,305.7910,307.0727,943643
2022-10-07,306.7691,307.7197,304.9829,304.9829,1188091
2022-10-10,305.2720,308.4726,304.0750,308.4726,1308740
2022-10-11,308.4827,308.9964,306.3459,308.5356,1120353
2022-10-12,308.7865,312.9082,308.5102,312.9082,1555351
2022-10-13,313.0403,314.7175,312.4958,314.7175,1583779
2022-10-14,314.6471,314.6471,310.7463,313.5140,797793
2022-10-17,313.9558,315.8516,313.9558,315.4657,706805
2022-10-18,315.8693,318.2337,315.8693,317.4998,1141518
2022-10-19,316.1086,316.1086,311.4344,313.1652,2041075
2022-10-20,313.5789,316.8154,313.5789,315.6804,1850043
2022-10-21,316.4782,319.5575,316.4782,319.4374,2349483
2022-10-24,321.1889,327.6688,321.1889,327.2669,2355404
2022-10-25,327.4320,327.8511,326.5729,327.8492,1076595
2022-10-26,328.7706,331.2756,328.6164,330.8987,1138495
2022-10-27,330.8703,332.7342,329.1667,330.7477,1646021
2022-10-28,330.8520,333.5441,329.2532,332.5846,1997413
2022-10-31,333.3498,336.2393,330.8137,335.3969,1114147
2022-11-01,335.8233,339.6078,335.2823,336.9607,1432976
2022-11-02,337.8132,342.5592,337.6414,341.2977,1309744
2022-11-03,340.7053,343.1912,337.9147,338.9356,1434316
2022-11-04,338.3124,338.3124,335.3249,335.3249,1613046
2022-11-07,335.4574,337.5667,334.1238,337.2614,1409426
2022-11-08,337.7118,340.6806,337.7118,339.5374,1152456
2022-11-09,339.7958,341.6957,336.8978,341.6957,1559644
2022-11-10,342.7655,346.8998,342.7655,345.6281,1395374
2022-11-11,345.1543,346.5355,343.7305,343.9106,1187510
2022-11-14,343.8536,346.6642,342.7880,343.4127,887944
2022-11-15,343.1325,344.4683,341.9414,342.2542,1106853
2022-11-16,341.3747,341.9701,339.5154,339.7023,1622115
2022-11-17,339.8223,342.1965,339.3143,340.4002,1330303
2022-11-18,340.6095,341.4352,338.7747,341.4352,1021768
2022-11-21,342.6860,346.9787,342.6860,345.6864,1601790
2022-11-22,345.8381,347.1632,338.6218,347.1632,1034517
2022-11-23,346.6917,347.9957,339.6554,341.2285,1999855
2022-11-24,337.5153,338.5610,328.7923,328.7923,2112862
2022-11-25,329.7130,334.7440,326.2589,332.1176,1267038
2022-11-28,331.3703,331.6987,323.8828,323.8828,2069119
2022-11-29,324.0833,327.1212,323.2973,325.8281,1286025
2022-11-30,326.3876,329.3982,322.2676,329.3982,1286463
2022-12-01,328.2536,330.6097,320.1537,323.6079,1507690
2022-12-02,321.5080,322.7335,311.5381,315.9161,1638932
2022-12-05,315.0894,315.0894,304.1189,304.8144,1967229
2022-12-06,305.1034,312.1071,305.1034,308.8232,1627498
2022-12-07,307.9066,307.9066,302.5530,305.3666,2230981
2022-12-08,305.7854,307.8822,304.9544,307.3956,1511429
2022-12-09,307.4398,309.2648,305.0985,308.0490,807380
2022-12-12,308.2711,310.7044,308.2711,308.8562,1242090
2022-12-13,308.9488,310.8239,308.8184,309.9058,1789634
2022-12-14,309.6493,310.7993,308.4657,308.4657,1505338
2022-12-15,309.3743,313.7164,308.8418,313.7164,2639520
2022-12-16,313.5327,314.0115,312.2123,312.9608,1163104
2022-12-19,313.7021,317.9424,313.7021,317.6907,2528113
2022-12-20,318.1374,320.8736,317.2169,320.8736,1895970
2022-12-21,321.5856,325.7691,321.5856,323.1837,965002
2022-12-22,322.0502,322.0502,317.5208,319.7362,2290596
2022-12-23,319.9908,321.5006,318.0205,321.0503,1234235
2022-12-26,322.3274,325.1426,322.2047,325.1426,1863756
2022-12-27,325.3323,326.9114,324.9314,325.8157,851754
2022-12-28,326.4914,328.3331,324.6074,328.3331,2338518
2022-12-29,328.3492,329.3986,323.8001,328.4028,594667
2022-12-30,326.5630,326.5630,313.7391,315.9682,2307400
2023-01-02,316.9063,331.4236,316.9063,331.4236,2572121
2023-01-03,330.2339,331.8713,325.0417,325.0417,2101595
2023-01-04,324.1782,327.3818,315.9184,317.6142,877581
2023-01-05,317.2427,317.2427,314.5733,315.5099,2139360
2023-01-06,314.6970,314.6970,308.9442,308.9442,2960147
2023-01-09,308.9073,309.8708,307.9852,308.7757,1125346
2023-01-10,308.8140,312.2677,308.8140,308.9579,1663035
2023-01-11,308.6594,308.6594,306.5954,307.3775,2544172
2023-01-12,307.6207,309.9195,307.6207,308.3949,1210982
2023-01-13,308.1672,308.1937,304.5789,304.5789,1452125
2023-01-16,304.5291,305.8454,303.6297,304.0052,1173563
2023-01-17,304.2874,306.2072,304.2874,304.9339,873854
2023-01-18,305.3047,309.1443,305.3047,306.2816,844943
2023-01-19,306.8311,308.9645,305.7369,308.9645,963689
2023-01-20,309.3310,311.9395,308.0980,311.9395,1495616
2023-01-23,312.2482,315.4740,312.2482,315.4740,1257722
2023-01-24,316.0064,317.4870,314.9715,317.4870,1073989
2023-01-25,316.9818,317.9310,315.0175,315.0175,1511991
2023-01-26,314.6847,314.8929,312.6192,312.6192,1091997
2023-01-27,313.4988,315.6622,312.2153,315.5852,1754300
2023-01-30,315.6600,316.6840,314.0136,316.6840,1204811
2023-01-31,316.5498,316.6113,313.5500,315.8326,1018398
2023-02-01,315.7430,316.1603,315.0266,315.1901,1134259
2023-02-02,314.7075,314.7075,312.3657,312.3657,2666848
2023-02-03,312.1233,313.7588,311.1050,311.1050,1146271
2023-02-06,311.5432,315.3063,310.9571,314.5563,1607148
2023-02-07,315.1608,317.4553,314.2939,317.1886,1231856
2023-02-08,317.2152,319.0649,315.2744,317.3004,1255570
2023-02-09,317.2895,320.0647,317.0960,317.0960,1008612
2023-02-10,317.3845,319.5182,317.3623,319.5182,1661518
2023-02-13,319.5807,321.5548,318.3215,320.5009,1021435
2023-02-14,319.2227,319.7562,315.1691,316.1887,1620629
2023-02-15,316.2716,317.6699,316.1034,316.5451,812067
2023-02-16,316.7625,320.4261,316.7625,320.1929,2605074
2023-02-17,320.1872,322.4242,320.1278,320.1278,646312
2023-02-20,318.9889,321.3144,316.7003,316.7003,2152097
2023-02-21,316.7876,318.3497,316.1881,317.7856,966408
2023-02-22,318.0891,318.7527,316.2124,318.7527,1122756
2023-02-23,318.6719,319.4285,316.4795,318.3352,685370
2023-02-24,318.0676,318.0676,314.9132,317.3310,1976482
2023-02-27,316.8364,316.9757,315.6155,315.8917,1179183
2023-02-28,315.7114,315.7114,313.5241,313.8772,1212211
2023-03-01,314.3205,319.1938,314.3205,319.1938,2410269
2023-03-02,318.7696,318.7845,316.2490,317.5194,1108466
2023-03-03,317.1262,317.5927,314.7906,314.7906,1600799
2023-03-06,315.8567,318.4699,315.7116,318.4699,2532031
2023-03-07,318.0814,320.1718,316.4867,316.4867,1467510
2023-03-08,316.0675,316.0675,311.5908,311.5908,2445291
2023-03-09,311.1980,312.5309,309.3361,309.3361,1195330
2023-03-10,309.6827,312.2891,309.6782,311.7488,1531229
2023-03-13,311.9545,314.3218,311.9545,312.9856,1761383
2023-03-14,312.9501,315.3667,312.1488,312.2826,1175807
2023-03-15,312.1926,316.9726,311.9453,311.9453,836758
2023-03-16,311.9776,313.5394,311.9776,312.4403,1443441
2023-03-17,312.1861,312.1861,309.2588,310.2788,1766804
2023-03-20,310.2246,311.3924,309.2041,309.2485,1386419
2023-03-21,308.8022,309.3110,307.8766,307.8766,1093595
2023-03-22,307.7435,310.1853,306.2401,306.2401,1550803
2023-03-23,306.5598,312.8973,306.5598,311.9995,2523873
2023-03-24,313.0192,316.6437,312.9431,316.6437,1449803
2023-03-27,316.2036,316.2294,314.0835,315.2692,1087721
2023-03-28,314.8154,315.6965,310.7380,310.7380,2535342
2023-03-29,310.6951,313.3481,310.2161,310.5209,1131642
2023-03-30,310.4076,310.4076,307.8447,309.0176,1652647
2023-03-31,308.3424,308.8843,307.0892,307.0892,1032009
2023-04-03,306.9425,306.9425,305.2328,306.5486,934295
2023-04-04,305.8501,306.8173,302.6477,302.6477,2949074
2023-04-05,303.0151,304.9543,303.0151,304.3652,1260568
2023-04-06,304.0070,306.6429,303.1832,303.1832,1318668
2023-04-07,302.2069,302.2069,298.1812,300.0088,1439581
2023-04-10,299.4321,299.4321,296.2152,297.2255,1817748
2023-04-11,297.3217,298.0654,296.3118,297.5533,918160
2023-04-12,297.7285,299.2402,297.7285,298.0932,865085
2023-04-13,299.0328,302.9123,298.8045,302.2041,1673579
2023-04-14,302.7646,304.6376,301.9352,304.5537,1421679
2023-04-17,304.6325,306.2764,302.4950,304.8957,811415
2023-04-18,305.0315,306.1302,304.4409,306.1302,1268003
2023-04-19,305.1473,305.1473,299.0424,300.1933,2358361
2023-04-20,300.2128,302.8609,300.2128,300.2864,642477
2023-04-21,300.8927,303.3310,298.7250,303.3310,1769330
2023-04-24,303.2119,304.3076,300.7562,302.9524,1212695
2023-04-25,303.3236,304.8537,303.1007,304.8537,1699568
2023-04-26,305.4848,308.0377,305.4848,307.8312,2250849
2023-04-27,307.8625,308.3901,306.2935,308.3901,979160
2023-04-28,308.9957,310.6486,308.9957,310.4404,1570648
2023-05-01,311.9940,316.7203,311.7403,316.7203,3971855
2023-05-02,315.9024,317.0242,312.4556,312.4556,1404348
2023-05-03,310.5322,311.0271,306.4496,306.9372,3042910
2023-05-04,306.6129,308.8711,305.2695,305.9028,901688
2023-05-05,304.7916,304.7916,299.8732,301.5028,1737321
2023-05-08,300.7980,302.1604,298.9899,299.1979,941403
2023-05-09,299.6400,301.1824,299.6400,300.5664,1225395
2023-05-10,300.0690,300.0690,298.3902,299.1286,1285498
2023-05-11,299.1573,301.4297,299.1573,299.3427,688286
2023-05-12,298.4540,299.3217,295.2070,295.2070,1738880
2023-05-15,295.1200,295.6094,293.4818,294.8615,1748860
2023-05-16,294.8381,296.2440,294.2978,294.7666,934532
2023-05-17,295.0243,297.4860,295.0243,296.9228,1043664
2023-05-18,297.1879,301.8071,297.1879,301.8071,3056778
2023-05-19,302.0253,305.7914,302.0253,305.6850,1818362
2023-05-22,306.3650,308.5982,306.3650,308.0752,1218184
2023-05-23,308.0518,308.6996,307.0724,307.9307,874490
2023-05-24,307.9174,308.5691,306.0887,307.8763,799422
2023-05-25,308.2410,310.0332,305.7372,309.8458,1509666
2023-05-26,309.6136,309.6136,306.7982,307.4501,2058584
2023-05-29,307.1061,307.1061,302.8977,303.6444,2834037
2023-05-30,303.6931,304.3747,301.7135,304.3747,883092
2023-05-31,303.3432,305.7323,300.3140,300.3140,2124863
2023-06-01,300.9694,304.3568,300.9694,303.1641,1715892
2023-06-02,303.0568,303.7590,301.7865,302.7440,1044281
2023-06-05,302.8544,304.2468,302.8544,303.1117,1191091
2023-06-06,303.2463,304.8172,300.9587,304.8172,1803971
2023-06-07,305.0462,306.2557,303.7040,306.2557,1529494
2023-06-08,306.2491,306.6398,302.9704,306.2052,793761
2023-06-09,306.0583,306.1947,302.4954,304.9149,1486003
2023-06-12,304.4627,306.6560,303.2647,303.2647,1293314
2023-06-13,304.0463,306.3725,303.2946,306.3725,4174511
2023-06-14,306.6676,308.1461,305.2320,307.9674,1162118
2023-06-15,307.9837,310.2922,306.8881,308.1907,899063
2023-06-16,308.4040,310.1183,307.8127,310.1183,1741963
2023-06-19,309.8132,309.8132,305.8989,305.8989,1758109
2023-06-20,305.8815,306.9669,305.8187,305.8187,1023667
2023-06-21,305.0444,305.0444,300.9348,302.0910,1738315
2023-06-22,301.0982,301.9765,299.0613,299.0613,1967370
2023-06-23,299.7662,302.4044,299.7662,301.8605,1612177
2023-06-26,302.1237,303.0216,300.6339,302.8171,1061685
2023-06-27,302.5109,303.7975,301.6962,301.7048,1308040
2023-06-28,301.4498,302.1022,300.0005,300.0005,1327400
2023-06-29,300.8183,304.2128,300.8183,304.2128,2495919
2023-06-30,304.2496,306.9052,302.8215,304.5025,1008865
2023-07-03,305.4050,308.2826,305.4050,307.7291,1784657
2023-07-04,308.2800,312.1272,308.2800,309.9583,1781201
2023-07-05,311.1976,315.3373,311.1976,315.3373,2166813
2023-07-06,315.2389,316.3498,314.3658,314.8690,919126
2023-07-07,314.7060,317.4012,314.0409,314.0409,912562
2023-07-10,314.4005,319.1599,313.6119,318.8200,1509461
2023-07-11,318.6164,318.6164,314.6322,317.6046,744810
2023-07-12,318.1240,320.2292,317.2440,319.5337,1128039
2023-07-13,319.3505,320.9101,316.3517,316.3517,1689929
2023-07-14,315.8203,315.8203,311.7914,314.6516,1432922
2023-07-17,314.1080,314.1080,309.8147,312.1551,1922872
2023-07-18,311.9880,311.9880,309.4605,311.1554,1124146
2023-07-19,310.7731,310.7731,307.7183,309.9356,823736
2023-07-20,309.8363,310.4015,308.8292,309.2583,1418749
2023-07-21,309.1886,309.1886,306.5485,308.5591,1052443
2023-07-24,308.9063,310.7061,308.5240,310.7061,2639242
2023-07-25,311.1596,315.4289,311.1596,313.2986,1577548
2023-07-26,313.4326,314.3746,312.3185,314.0992,928311
2023-07-27,312.7821,312.8533,309.9381,309.9381,1209415
2023-07-28,310.4357,313.3049,310.0253,312.3424,1597602
2023-07-31,312.3925,312.5408,309.9621,312.5408,775588
2023-08-01,312.4718,314.8903,312.1768,312.1768,544068
2023-08-02,312.2089,314.9214,311.8129,312.5972,994009
2023-08-03,313.0284,318.4156,312.6941,317.7177,1517696
2023-08-04,317.2495,318.2494,314.9389,315.2050,1196523
2023-08-07,316.2540,320.0552,315.2330,320.0552,2022331
2023-08-08,320.0710,321.2707,318.8525,320.1004,1079246
2023-08-09,320.3031,321.1361,319.3813,320.9979,1938551
2023-08-10,321.1204,322.9875,321.1204,322.0575,1231320
2023-08-11,321.3082,321.3082,318.7450,319.0531,2314564
2023-08-14,318.6569,318.7440,314.7779,317.5326,2207683
2023-08-15,318.8677,321.8062,318.8677,321.6638,1443214
2023-08-16,321.8575,323.6215,320.6818,323.6215,1084714
2023-08-17,323.9271,326.8589,323.9271,324.6324,1193251
2023-08-18,325.1772,326.3204,322.7087,326.3204,1126748
2023-08-21,325.8561,325.8561,320.3460,323.7089,1244053
2023-08-22,323.1282,324.1799,321.8085,321.9506,1172304
2023-08-23,322.2455,323.8351,321.8478,323.3252,1244391
2023-08-24,323.9227,326.2558,323.1562,326.2558,1733444
2023-08-25,326.8652,331.8690,326.8652,331.6409,1555749
2023-08-28,330.9002,330.9002,328.0189,328.1114,1551859
2023-08-29,328.1476,329.4965,327.5118,328.2506,987828
2023-08-30,327.5260,327.5260,323.1026,323.3015,1818681
2023-08-31,322.5716,322.5716,317.8175,317.9011,1709582
2023-09-01,317.8361,319.5537,317.5769,317.5769,845128
2023-09-04,316.7098,316.9911,314.7370,314.7370,1595505
2023-09-05,314.2179,314.2179,308.8693,309.8899,2038291
2023-09-06,310.2350,313.3000,309.2770,312.1802,1544681
2023-09-07,312.1659,313.1031,309.8922,312.0821,666934
2023-09-08,311.4839,311.4839,308.7437,308.7437,1155227
2023-09-11,308.1434,308.1434,304.5713,305.4483,2155568
2023-09-12,305.3951,307.1435,305.1157,305.1157,637796
2023-09-13,305.8442,309.2480,305.5143,307.3564,1678454
2023-09-14,307.9998,309.4954,304.6071,309.4954,1312299
2023-09-15,308.6035,308.6301,305.3388,305.4709,2012646
2023-09-18,305.4142,305.4142,302.9317,305.0895,1237570
2023-09-19,305.1376,305.7977,304.2770,305.7555,972390
2023-09-20,305.9551,306.9177,304.7896,306.9177,1363043
2023-09-21,307.2908,310.0665,307.2908,308.9292,1313424
2023-09-22,308.7277,309.5810,307.7893,308.2863,1032186
2023-09-25,308.0834,308.3245,306.1484,306.4295,1557967
2023-09-26,306.7827,307.7039,303.3760,307.5371,1448807
2023-09-27,307.7298,312.2381,307.4972,308.2868,1638009
2023-09-28,307.5243,308.7457,301.0987,302.5349,1381370
2023-09-29,300.4027,302.7650,292.9077,292.9077,955413
2023-10-02,294.9432,313.3337,294.9432,313.3337,4661239
2023-10-03,313.0385,313.2240,307.7318,307.7318,1247737
2023-10-04,309.4547,312.7208,304.9300,312.7208,1426919
2023-10-05,312.6164,313.0868,310.7963,311.7330,1283160
2023-10-06,313.4420,317.7805,313.4420,317.3179,2363407
2023-10-09,317.4572,319.9151,317.4572,318.4093,1046307
2023-10-10,318.1149,319.5689,316.9583,317.2344,1119784
2023-10-11,316.7281,316.7281,313.3950,315.7031,1389012
2023-10-12,315.6427,316.6034,314.1185,315.1560,1003364
2023-10-13,315.1916,317.9128,314.8943,315.8525,1200556
2023-10-16,314.5608,314.5608,309.1710,309.3865,1974747
2023-10-17,309.5830,311.4332,309.2697,310.5593,825581
2023-10-18,310.2111,310.2111,307.9628,308.4038,1354903
2023-10-19,308.4820,311.7745,308.1763,309.3689,1106102
2023-10-20,308.9930,309.7648,305.5345,305.9725,2543157
2023-10-23,305.3419,305.3419,302.4335,303.4225,1757756
2023-10-24,303.6687,306.6691,303.6687,304.2009,677692
2023-10-25,305.2031,307.9719,305.2031,307.9719,2044834
2023-10-26,309.2094,313.1089,309.2094,313.1089,4177641
2023-10-27,313.2173,315.4586,312.7944,313.4325,1429265
2023-10-30,314.4984,319.0074,314.4984,317.1918,2018895
2023-10-31,317.1917,317.5473,315.7152,317.1914,924853
2023-11-01,317.1431,318.3191,315.2110,316.8682,1019594
2023-11-02,315.5494,318.5311,313.0349,313.0349,1451096
2023-11-03,313.3085,314.8298,313.3085,313.9135,1341926
2023-11-06,313.9414,314.8005,312.1246,314.4021,1121776
2023-11-07,314.3535,314.6204,313.3022,314.2509,850166
2023-11-08,314.1972,315.2112,312.5366,314.0012,523069
2023-11-09,313.7311,313.8937,312.0745,312.0745,1156954
2023-11-10,312.4160,314.4778,312.4160,314.3335,1869016
2023-11-13,314.8009,316.6917,314.2800,316.6917,1482982
2023-11-14,316.6183,316.6183,313.8102,315.2352,1407421
2023-11-15,314.3692,314.4270,310.4418,311.4649,1900695
2023-11-16,310.9026,310.9295,308.2921,309.1414,1848829
2023-11-17,309.3882,310.6012,308.9155,310.6012,1136738
2023-11-20,311.0408,314.2370,310.6142,314.2169,1777556
2023-11-21,314.0425,314.5622,312.6227,313.5487,945179
2023-11-22,313.2717,314.0449,311.9347,311.9347,1816015
2023-11-23,311.1581,313.2869,308.5598,308.5598,1169762
2023-11-24,309.6011,312.8713,309.6011,312.0522,1548860
2023-11-27,312.5221,314.1906,310.7013,314.1906,1254092
2023-11-28,314.2489,315.6669,314.2489,315.2836,1089143
2023-11-29,314.8611,314.8611,312.9152,313.7654,1362858
2023-11-30,314.3574,318.7717,314.3574,318.7717,2169255
2023-12-01,318.7772,319.4287,318.1855,318.8675,1102516
2023-12-04,319.8493,323.9580,319.8493,322.3596,2244141
2023-12-05,322.0455,323.7207,321.0894,321.2929,1245630
2023-12-06,321.1204,322.8756,319.3785,320.4781,1375282
2023-12-07,320.7051,324.0825,320.7051,321.4113,1369426
2023-12-08,321.1632,322.2895,319.8231,319.8231,1461447
2023-12-11,319.4070,319.4070,316.6672,317.8822,1112391
2023-12-12,319.0874,322.2562,317.3852,322.2562,2172089
2023-12-13,322.1067,322.1067,319.9098,321.4822,1305769
2023-12-14,323.1455,327.2608,322.8089,326.8571,2977342
2023-12-15,327.8514,330.1916,327.5788,330.0703,1083575
2023-12-18,331.0645,334.0179,329.0948,334.0179,3143438
2023-12-19,333.7583,336.8805,333.2074,333.2074,1441711
2023-12-20,333.2790,334.5466,331.8445,334.4452,1142011
2023-12-21,336.7139,341.7368,335.7850,341.6066,2448467
2023-12-22,341.1490,341.1490,337.1635,339.1291,1156526
2023-12-25,339.2864,342.9582,339.2864,340.6294,1411601
2023-12-26,340.3784,342.0567,338.4062,339.5957,999309
2023-12-27,339.3399,339.3399,337.0366,338.4949,1386023
2023-12-28,338.3321,340.0194,336.5847,337.0506,730613
2023-12-29,336.9420,337.3071,332.7807,335.4668,1880739
2024-01-01,336.6107,339.2783,335.9454,339.2783,1282802
2024-01-02,338.5959,338.5959,335.5243,335.8986,2073689
2024-01-03,335.7873,337.7098,335.2601,335.3527,618764
2024-01-04,335.5726,337.1529,333.8509,336.1440,727963
2024-01-05,336.7039,337.8169,335.6070,337.8169,777530
2024-01-08,337.6178,337.6178,332.9281,335.2777,1600164
2024-01-09,335.3233,335.6039,332.2837,335.6039,784569
2024-01-10,334.3148,334.3148,329.5219,331.3450,1725969
2024-01-11,331.3661,332.5026,331.2004,331.4217,647200
2024-01-12,331.3141,332.6251,330.8535,331.0451,635103
2024-01-15,331.0276,331.0276,329.0322,330.8075,1026454
2024-01-16,331.0979,332.7898,330.6713,332.7898,1230229
2024-01-17,333.0042,337.5884,332.8676,335.9370,1558752
2024-01-18,336.1384,341.3508,335.9926,339.9018,1620730
2024-01-19,340.4019,344.9987,340.4019,344.4547,1926484
2024-01-22,344.1027,344.1027,340.8263,342.2570,1451345
2024-01-23,342.5052,343.8437,341.7245,343.6777,1876387
2024-01-24,344.2031,347.9409,344.2031,346.0271,1387485
2024-01-25,345.6287,347.6115,344.6630,344.6630,1000440
2024-01-26,344.9700,348.1270,343.7612,348.1270,1635974
2024-01-29,348.2317,351.3781,347.5356,349.1895,767009
2024-01-30,348.9408,349.3321,346.1212,347.9361,1455480
2024-01-31,350.0919,355.0874,346.5129,355.0874,1050534
2024-02-01,353.7226,358.0966,344.7945,350.5542,1710569
2024-02-02,356.9806,377.6357,356.9806,377.6357,4317190
2024-02-05,378.2668,381.5033,375.3180,379.4944,987092
2024-02-06,379.3599,379.3599,373.5418,378.0363,1154770
2024-02-07,377.6348,380.5790,374.4457,376.5683,1232047
2024-02-08,377.2493,380.7791,374.9032,380.7410,1806358
2024-02-09,381.2728,384.9356,378.6873,383.8398,1135492
2024-02-12,382.3926,384.2038,378.1042,378.1042,845503
2024-02-13,379.2967,386.0754,375.4287,384.0007,1492739
2024-02-14,382.1408,382.1408,377.8381,378.4057,1889685
2024-02-15,377.7104,377.7104,370.4318,373.2745,1688821
2024-02-16,367.8979,367.8979,350.7675,350.7675,2690466
2024-02-19,350.2840,350.2840,343.8089,348.1802,1124546
2024-02-20,349.3007,353.7240,347.2316,352.7964,1171472
2024-02-21,351.9348,352.2577,336.3517,336.3517,3178782
2024-02-22,337.3142,339.9318,337.2707,339.6911,1060004
2024-02-23,338.9129,341.1083,335.4301,337.4399,1318501
2024-02-26,337.5045,339.6600,335.8263,338.5756,1343698
2024-02-27,339.1421,341.9812,334.5623,341.9812,741177
2024-02-28,342.2112,349.2675,342.2112,345.6483,1345220
2024-02-29,346.0399,348.9347,344.9444,346.9561,610845
2024-03-01,345.9120,347.0475,342.6979,342.6979,1526039
2024-03-04,338.4789,340.5955,329.3863,330.0317,2099803
2024-03-05,328.8902,332.2187,326.6211,326.6211,1708414
2024-03-06,327.7344,333.8726,326.7580,330.2493,924029
2024-03-07,331.5345,338.4527,330.9293,338.4282,1616121
2024-03-08,339.3083,342.5590,338.2496,342.5590,973005
2024-03-11,343.1924,348.7034,343.1924,347.6199,2143084
2024-03-12,345.0056,345.0056,339.1577,339.1577,1486833
2024-03-13,338.5601,340.9755,329.3870,329.3870,1701432
2024-03-14,330.5523,334.6466,329.8023,332.9144,1852280
2024-03-15,332.8014,332.9617,328.5297,332.5543,649380
2024-03-18,331.3271,334.9135,324.5788,324.5788,1341856
2024-03-19,323.6050,323.9626,319.1327,321.4856,1362903
2024-03-20,320.6281,321.9357,316.5787,316.5787,1116177
2024-03-21,317.2460,327.5625,317.2460,326.8723,2314968
2024-03-22,326.2755,328.4568,323.2952,324.3414,1043460
2024-03-25,324.1503,325.7806,323.6851,323.7856,1169813
2024-03-26,324.2453,331.8582,324.2453,328.5725,1438655
2024-03-27,331.0136,339.1301,331.0136,336.2105,1228963
2024-03-28,335.5829,336.5316,331.7941,332.8582,1592031
2024-03-29,333.1112,337.1313,331.3275,333.6047,938249
2024-04-01,334.7539,344.6860,334.7539,344.6860,1518591
2024-04-02,343.1275,344.0340,335.0245,336.7118,1750858
2024-04-03,335.4607,336.2794,332.7755,332.7755,835375
2024-04-04,332.6307,334.0635,329.5641,331.1923,799227
2024-04-05,328.3608,328.3608,320.1073,322.8102,2482079
2024-04-08,321.7722,321.7722,314.7318,319.4371,1235256
2024-04-09,318.7193,319.9300,314.9925,314.9925,1407015
2024-04-10,316.2200,321.1844,316.2200,321.1844,2036933
2024-04-11,321.0811,321.5614,317.2304,320.8667,1318009
2024-04-12,321.2186,326.5698,321.2186,326.5698,2633605
2024-04-15,324.8270,324.8270,319.7438,319.7926,3425547
2024-04-16,319.3294,319.3294,315.9621,317.9318,1030182
2024-04-17,318.4998,320.1256,318.2462,320.1256,1107362
2024-04-18,320.6744,325.1391,320.6744,323.8759,1811346
2024-04-19,324.0576,326.5924,324.0576,325.5392,1302853
2024-04-22,325.2042,325.2042,320.2002,323.1755,1755673
2024-04-23,322.3222,322.3222,316.6276,316.6276,2601923
2024-04-24,317.7415,319.9164,316.7971,319.9164,2685436
2024-04-25,319.8122,319.8122,316.9772,319.5974,1078436
2024-04-26,319.7574,322.4012,319.7574,321.0552,1257085
2024-04-29,320.7982,321.8449,319.4711,320.2538,959327
2024-04-30,320.8089,326.2080,320.8089,324.4717,3568527
2024-05-01,325.3534,328.8346,324.6196,327.7787,2411849
2024-05-02,327.7919,327.9275,324.1772,327.9275,1054920
2024-05-03,327.9460,330.7005,326.9108,328.1961,1068378
2024-05-06,328.9458,332.6974,328.9458,331.1243,1737086
2024-05-07,331.3217,332.2391,329.5264,332.2391,1104387
2024-05-08,331.1031,331.1031,325.0943,328.5354,1269717
2024-05-09,327.3002,327.3002,322.9863,324.4360,1644431
2024-05-10,324.9738,327.5456,324.9738,325.9838,1325047
2024-05-13,326.5153,328.0133,326.0375,328.0133,1373847
2024-05-14,328.4813,330.2966,326.4658,329.4194,1501958
2024-05-15,329.3900,330.4450,328.0094,329.1748,1072658
2024-05-16,329.4330,331.3064,329.0241,330.8385,1308719
2024-05-17,330.6871,330.6871,327.3845,328.4826,1242947
2024-05-20,328.3366,329.8919,327.2681,328.0120,890078
2024-05-21,328.3373,332.4853,328.3373,332.4261,1794528
2024-05-22,332.8155,337.9252,332.8155,337.9252,1744652
2024-05-23,337.5991,338.6751,336.0379,336.3070,1659832
2024-05-24,336.2171,338.3105,335.1390,335.9373,900199
2024-05-27,336.4608,340.5242,336.3240,339.6799,2207345
2024-05-28,338.4733,338.5061,334.2336,334.2336,2899856
2024-05-29,334.3187,337.9978,334.3187,335.7661,1134866
2024-05-30,335.0836,335.1797,332.5106,333.5434,1297510
2024-05-31,334.2005,337.9412,333.8577,337.4391,1572295
2024-06-03,337.6165,339.8178,337.6165,338.1088,1031932
2024-06-04,339.3647,343.7913,339.3647,343.4709,1747859
2024-06-05,344.7695,347.2364,343.5759,347.2364,2367231
2024-06-06,347.4608,349.5106,347.4348,349.3010,1363206
2024-06-07,348.6284,348.6284,345.5974,346.6643,1791490
2024-06-10,346.7992,347.0962,345.9376,347.0962,1120042
2024-06-11,347.2007,349.2740,346.7487,347.5236,912527
2024-06-12,347.4394,348.2780,345.8035,346.9921,1017167
2024-06-13,346.9993,347.7390,345.7065,347.0335,1035759
2024-06-14,347.0529,348.9737,347.0529,347.3130,914468
2024-06-17,347.6839,348.7385,344.1515,348.7385,1614417
2024-06-18,347.8839,347.8839,341.3506,341.3506,2720702
2024-06-19,341.6221,342.9191,340.5269,342.5479,1419547
2024-06-20,342.7832,344.9736,342.5818,343.2875,664314
2024-06-21,344.5981,348.5271,342.0985,347.9791,1315026
2024-06-24,349.7803,353.2762,349.7803,353.2762,2018199
2024-06-25,352.7005,354.3130,350.8843,350.8843,1056909
2024-06-26,351.5816,353.1826,349.8522,353.1826,1283631
2024-06-27,353.6193,355.8666,353.0492,354.7652,1591183
2024-06-28,354.7027,357.9429,353.2734,354.4784,1093838
2024-07-01,354.9999,357.8430,354.9999,357.8430,2125367
2024-07-02,357.0720,358.2291,354.5212,354.5212,1863064
2024-07-03,355.1754,360.0170,355.1754,359.3622,1518334
2024-07-04,359.1830,359.1830,355.4759,356.3737,1111167
2024-07-05,356.1353,356.4207,355.0906,355.1009,1012235
2024-07-08,355.5109,358.2916,355.0119,356.3152,794047
2024-07-09,355.9181,356.0641,352.4215,352.4215,1251599
2024-07-10,352.3185,352.4117,348.3277,352.0024,1009014
2024-07-11,351.6394,352.1065,349.7517,349.7572,1403593
2024-07-12,350.0413,351.5792,349.8535,350.7723,1727117
2024-07-15,350.4982,351.9767,345.9438,346.7494,1645695
2024-07-16,346.8712,347.2618,345.0332,347.1343,1206639
2024-07-17,346.5993,346.5993,343.7390,345.4542,1262169
2024-07-18,345.0229,345.0229,341.4223,342.7856,1664540
2024-07-19,342.1930,343.2424,341.0506,341.0506,1392039
2024-07-22,341.4581,342.8029,339.1267,342.8029,903701
2024-07-23,342.5063,342.5063,338.7237,340.8446,1248381
2024-07-24,342.6293,347.1360,342.0761,347.1360,2164891
2024-07-25,346.8424,347.2093,344.8968,344.8968,1213344
2024-07-26,345.8107,347.7768,345.6712,347.7768,1639622
2024-07-29,348.0632,349.3213,347.3173,349.2577,871591
2024-07-30,351.6269,358.3268,351.6269,358.3268,2675734
2024-07-31,357.9341,357.9341,351.6724,351.6724,2057408
2024-08-01,350.7881,351.0342,347.5543,347.5543,2689163
2024-08-02,348.2540,352.0307,348.2010,350.3739,1528373
2024-08-05,350.1282,351.7129,349.6176,349.6176,1084069
2024-08-06,350.1439,351.6003,349.4019,351.6003,1053594
2024-08-07,351.6051,354.1583,351.6051,351.6577,1129011
2024-08-08,351.0658,352.4075,349.1078,349.3509,1147853
2024-08-09,350.2941,355.5705,350.2941,352.4780,1656113
2024-08-12,351.7311,351.7311,348.0429,348.0429,1759759
2024-08-13,348.1299,349.0373,347.2246,348.2985,481131
2024-08-14,347.8901,350.1130,345.8520,346.6470,1291947
2024-08-15,347.7664,351.7744,347.7664,349.9677,1417970
2024-08-16,349.9620,350.5168,346.7031,349.9056,743040
2024-08-19,350.4624,353.7182,350.0089,352.6776,1260552
2024-08-20,352.2750,352.2750,349.3528,349.3528,2177264
2024-08-21,351.7999,358.3538,351.7999,357.5877,5382339
2024-08-22,357.2784,358.4684,355.8215,356.4318,921007
2024-08-23,356.1202,356.7703,354.1909,354.1909,1350507
2024-08-26,354.5751,355.9902,351.9850,355.9902,1708353
2024-08-27,356.3991,358.0211,355.9662,357.5266,1790844
2024-08-28,357.6299,362.0877,357.6299,359.3106,2158461
2024-08-29,359.5071,362.2472,359.2538,361.8285,1612689
2024-08-30,361.9285,364.3061,361.8899,362.1924,945632
2024-09-02,361.3168,362.4871,359.5087,359.5087,1841119
2024-09-03,359.6140,360.9050,359.1477,360.0997,951024
2024-09-04,359.9093,361.7547,359.0912,359.3053,1111239
2024-09-05,359.4458,361.6005,357.4518,361.5304,1158668
2024-09-06,360.5871,361.1720,356.5753,357.5831,882094
2024-09-09,356.1044,356.1044,350.4051,350.8781,1881968
2024-09-10,350.0039,350.0039,345.4196,346.6315,2536550
2024-09-11,346.4505,346.9631,344.1499,344.8911,1276841
2024-09-12,344.5340,344.5340,340.4543,341.6200,1774232
2024-09-13,342.7026,345.8937,340.2791,345.8937,1300612
2024-09-16,345.7268,348.5092,344.6141,344.6141,1290506
2024-09-17,344.3662,344.3662,337.4945,340.5028,1402305
2024-09-18,340.5197,343.3258,340.5197,340.7671,906640
2024-09-19,340.7262,342.0838,339.0389,340.1952,1091312
2024-09-20,339.0299,339.0299,334.5817,336.8397,1444483
2024-09-23,338.0431,345.1742,337.8601,345.1742,1847283
2024-09-24,346.2031,352.7163,346.2031,351.2345,2427250
2024-09-25,351.1226,352.4945,349.9890,350.0896,1169537
2024-09-26,350.5005,355.9349,350.0827,352.8661,1249837
2024-09-27,352.6742,354.0933,351.6246,352.1056,633908
2024-09-30,351.9913,353.6250,349.8227,351.6973,1445783
2024-10-01,352.1859,354.6284,352.1859,353.9429,1405624
2024-10-02,354.8911,359.5241,354.8911,357.3279,1681707
2024-10-03,357.3550,360.2906,356.5651,357.6636,1165127
2024-10-04,358.8381,363.6928,357.9595,363.6928,1838921
2024-10-07,362.9424,362.9424,357.6854,357.6854,1159252
2024-10-08,356.0491,358.0426,351.9702,351.9702,2543840
2024-10-09,351.8241,351.8241,348.0725,350.6745,919774
2024-10-10,349.8232,349.9577,346.4076,346.6993,1612365
2024-10-11,346.7435,349.9510,346.7435,347.4567,768463
2024-10-14,347.0749,347.3082,344.1759,344.1759,1694319
2024-10-15,344.8540,347.1483,343.9820,346.2870,1113739
2024-10-16,347.6348,351.5657,347.6348,351.5356,2297947
2024-10-17,350.4435,350.4435,347.2385,347.5884,2036229
2024-10-18,347.2626,348.0290,346.6508,346.6508,1470044
2024-10-21,347.5002,350.9975,347.5002,350.7568,2342466
2024-10-22,351.8475,354.5353,350.0786,354.5353,2162018
2024-10-23,356.0437,359.1120,353.9707,359.1120,1722139
2024-10-24,359.1537,360.1201,357.9607,359.6099,1030948
2024-10-25,360.0919,362.3415,359.8855,362.0890,1132801
2024-10-28,361.6678,361.6678,357.9782,359.0488,2694857
2024-10-29,359.5594,363.0269,359.5594,362.2151,1748127
2024-10-30,362.2125,363.1033,359.9328,362.1987,678295
2024-10-31,362.9870,369.3720,362.9870,367.6838,1874068
2024-11-01,367.5302,369.5621,365.0717,366.4868,1037566
2024-11-04,366.0221,366.0221,362.8488,362.8488,1672337
2024-11-05,362.6951,362.6951,359.4147,360.7448,1417107
2024-11-06,361.8694,366.4208,360.6814,364.3355,1837189
2024-11-07,365.1768,369.2757,364.7118,367.7512,1091013
2024-11-08,367.2896,367.2896,365.0341,365.8687,1903256
2024-11-11,366.1280,368.7922,364.8915,368.7922,2278802
2024-11-12,368.9930,373.3438,368.9930,370.5110,1428786
2024-11-13,370.5266,371.0538,368.9634,370.6106,1553546
2024-11-14,370.0328,370.0328,367.4974,367.4974,1462698
2024-11-15,368.3638,373.3778,367.7956,371.2700,1968900
2024-11-18,371.6116,374.9412,371.6116,372.8756,1884350
2024-11-19,373.2653,377.6693,373.2653,374.0536,896656
2024-11-20,375.2682,380.4278,375.2682,380.0013,3255400
2024-11-21,380.5822,386.6924,380.5822,386.6924,2262250
2024-11-22,385.6635,385.6635,380.2283,380.2283,2385657
2024-11-25,379.9190,382.2504,378.7847,379.1080,928685
2024-11-26,380.0406,383.5597,380.0406,381.9960,1657676
2024-11-27,382.3103,385.4458,380.7514,385.3665,1585656
2024-11-28,385.7829,387.3844,380.3864,387.3844,1302280
2024-11-29,386.7877,388.2776,384.4028,384.4028,1379755
2024-12-02,384.4000,386.6665,383.9053,384.3827,514758
2024-12-03,384.2039,385.4910,381.9084,381.9084,1272037
2024-12-04,380.4068,381.2507,377.5280,377.5280,1734356
2024-12-05,377.6375,380.1255,376.7880,379.1824,1336019
2024-12-06,380.6439,383.7061,380.6439,383.7061,2000426
2024-12-09,384.1900,386.5988,381.9787,386.5988,1214348
2024-12-10,386.5937,389.9596,386.5812,386.5812,731674
2024-12-11,386.3688,386.4495,383.1820,383.1820,1977420
2024-12-12,382.9232,383.8483,381.5053,381.5053,1715752
2024-12-13,380.9648,383.1299,379.3905,379.3905,1534513
2024-12-16,379.4226,380.5761,378.9417,379.5885,725475
2024-12-17,381.2564,385.7691,381.2564,385.7691,2457250
2024-12-18,386.9417,392.8151,386.9417,392.8151,3260361
2024-12-19,392.9557,395.0277,392.8450,394.7278,1320509
2024-12-20,392.6572,392.6572,383.5063,383.5063,4226242
2024-12-23,383.4382,383.9035,380.4889,382.7048,974199
2024-12-24,383.1259,386.0503,380.4749,385.7920,1318516
2024-12-25,387.7384,395.4879,387.7384,393.8504,1635519
2024-12-26,392.5160,392.8393,387.7549,389.2883,1770272
2024-12-27,389.4319,390.5616,387.9384,390.2379,1556033
2024-12-30,389.9181,389.9181,387.9831,389.2354,1190305
2024-12-31,389.1017,389.1017,385.1700,388.7892,788502
2025-01-01,388.6157,392.3504,386.7931,386.7931,1174389
2025-01-02,388.2776,393.3955,386.6431,393.3955,2035365
2025-01-03,394.0005,398.8989,393.3538,397.0652,1675397
2025-01-06,396.6778,396.6778,393.4227,395.3491,1071064
2025-01-07,395.9591,398.7719,395.9591,398.5366,1168203
2025-01-08,398.6600,399.7731,398.6297,399.7731,951289
2025-01-09,400.8223,405.7207,400.8223,405.7207,1674927
2025-01-10,403.7459,403.7459,399.4434,399.8913,1746458
2025-01-13,399.6185,399.8088,397.1067,398.9802,870166
2025-01-14,399.3175,400.7275,396.7615,400.7275,1296637
2025-01-15,399.9102,399.9102,395.0654,395.0654,2660784
2025-01-16,394.5782,394.9434,392.6644,392.6644,956620
2025-01-17,393.3563,395.9339,392.9995,395.9339,1235599
2025-01-20,395.5722,397.3066,394.3625,394.6317,1011537
2025-01-21,394.9382,396.5971,393.4316,395.7928,1055564
2025-01-22,394.2415,397.3722,389.1368,389.1368,1660898
2025-01-23,389.0550,391.2983,386.8099,388.8944,873005
2025-01-24,389.5358,393.0548,389.5099,392.7510,1932075
2025-01-27,392.7811,393.8111,391.9205,393.3040,1019584
2025-01-28,396.2431,404.6522,396.2431,404.6522,2571158
2025-01-29,404.3994,406.0842,403.8188,403.8188,912621
2025-01-30,403.5065,403.5065,399.0762,402.7945,1406779
2025-01-31,403.4299,406.9425,402.7485,404.9300,948754
2025-02-03,405.5270,409.2753,404.7472,407.9915,2470340
2025-02-04,408.4315,411.9398,408.4315,409.2620,897198
2025-02-05,409.1465,410.1291,407.4997,408.0031,997610
2025-02-06,407.7573,408.5760,406.0581,407.1976,1011474
2025-02-07,406.8802,409.2825,405.4315,405.9909,1241115
2025-02-10,405.9790,406.1813,403.4305,405.7987,1150386
2025-02-11,405.6345,406.2048,401.3869,405.3111,818585
2025-02-12,404.3163,404.3163,399.7571,400.1163,1359226
2025-02-13,399.8941,400.0185,394.5204,398.2969,1080859
2025-02-14,397.2653,398.1582,392.2097,392.2097,2407008
2025-02-17,392.3924,393.0156,390.7596,392.7344,622622
2025-02-18,392.6278,396.3014,391.0299,391.0299,979868
2025-02-19,390.8154,390.8154,386.6311,388.9549,1248541
2025-02-20,388.9994,391.2285,388.2885,389.6519,731044
2025-02-21,389.3487,389.7663,387.4946,388.6998,1108288
2025-02-24,389.4366,393.7619,386.9489,391.7367,787457
2025-02-25,392.2849,396.7514,392.2849,394.2719,1656947
2025-02-26,393.7104,396.9550,392.6423,392.6423,1151683
2025-02-27,392.8322,394.4982,392.7719,393.2182,1304485
2025-02-28,393.8746,397.4835,393.7481,396.2062,1737030
2025-03-03,395.6926,395.6926,391.9641,394.3393,1276466
2025-03-04,394.2090,395.0948,392.0451,392.6712,964019
2025-03-05,392.8083,394.5163,392.4152,393.6498,1210754
2025-03-06,393.5732,393.8108,390.9603,393.3513,1095105
2025-03-07,392.7035,393.1945,390.0553,390.0553,1298793
2025-03-10,390.4383,396.1756,390.4383,395.9644,3023870
2025-03-11,396.6061,401.6685,396.6061,400.0590,1664064
2025-03-12,401.3018,405.7531,400.7670,405.3921,2012229
2025-03-13,404.9700,406.0416,403.8926,403.8926,1566827
2025-03-14,404.4643,409.8805,404.4643,406.4899,1632498
2025-03-17,405.9821,407.0504,403.8308,404.1427,1797351
2025-03-18,404.2752,406.1319,403.7253,405.6702,1259875
2025-03-19,405.3305,405.3305,403.0949,404.2421,788191
2025-03-20,402.7744,403.0243,398.2282,399.2790,1896946
2025-03-21,400.0138,403.9647,399.2387,401.5007,2088790
2025-03-24,403.2517,408.7597,403.2517,408.7411,2295783
2025-03-25,409.2106,411.4071,407.1193,411.4071,1512718
2025-03-26,412.3925,416.1798,412.3925,416.1798,2519786
2025-03-27,416.6586,422.5467,416.6586,419.3029,1709787
2025-03-28,419.2718,420.9377,417.0000,418.7747,1103715
2025-03-31,419.4773,421.9763,416.9692,421.9763,1256041
2025-04-01,423.2861,426.1457,422.3143,426.1457,1515054
2025-04-02,426.0952,426.0952,422.5838,425.4180,1325834
2025-04-03,424.1312,424.1312,420.4411,421.7150,1658199
2025-04-04,421.6956,424.6241,421.6445,421.6445,1143267
2025-04-07,423.4429,426.8316,423.2409,426.8316,2319932
2025-04-08,426.6335,427.0226,423.3387,424.0443,1340158
2025-04-09,424.1706,425.8692,422.1654,424.6716,1350890
2025-04-10,424.5703,427.2418,424.2182,424.2517,919012
2025-04-11,424.2528,425.9987,422.8966,424.2740,925386
2025-04-14,424.6764,429.1132,423.2182,428.4171,1346829
2025-04-15,427.7035,427.7035,421.7216,421.7216,1562719
2025-04-16,422.3958,426.7299,422.3958,426.4178,2409052
2025-04-17,425.7417,425.7417,418.9815,424.0750,1561818
2025-04-18,424.8105,427.0733,424.6934,426.6371,1194036
2025-04-21,426.8205,427.8434,426.0624,427.2199,757008
2025-04-22,426.1509,426.3094,422.4102,422.4102,1512065
2025-04-23,422.7836,425.5345,421.0342,425.0799,1865318
2025-04-24,424.6815,424.6815,420.2728,423.6380,1185078
2025-04-25,423.3519,427.0755,422.5221,422.5221,1343364
2025-04-28,422.5303,426.5353,422.5303,422.5840,1031602
2025-04-29,422.1781,423.2092,420.2360,421.3110,1024351
2025-04-30,421.5694,422.2904,420.3637,422.2904,975837
2025-05-01,422.3355,424.4348,421.9418,422.8399,1517358
2025-05-02,422.8686,423.3798,419.9447,423.3798,1531617
2025-05-05,423.1518,423.4870,418.3672,422.3793,835242
2025-05-06,422.4560,422.9884,420.6170,422.9722,859842
2025-05-07,423.1273,425.1808,421.8136,425.1808,1370349
2025-05-08,425.0275,426.1503,422.7860,423.8563,1186150
2025-05-09,425.1800,428.9259,425.1800,428.9259,2274753
2025-05-12,426.7618,426.7618,419.7901,421.3626,1840155
2025-05-13,422.3903,427.0490,421.4390,427.0490,1793454
2025-05-14,430.2118,436.3267,430.2118,436.3267,3015933
2025-05-15,436.5999,437.2869,435.2929,437.2869,1366569
2025-05-16,436.9943,436.9943,430.6227,435.9024,918057
2025-05-19,436.5581,441.6601,436.5581,438.5309,1948234
2025-05-20,438.2351,438.7054,433.3595,433.8028,1031445
2025-05-21,433.9459,435.0062,431.4017,435.0062,1518211
2025-05-22,434.8740,435.9935,433.0008,433.3232,1610244
2025-05-23,433.0620,436.4859,431.3937,431.3937,1113031
2025-05-26,429.8106,429.8106,425.9457,426.4192,1798598
2025-05-27,426.9045,428.4566,424.1226,428.1689,1515557
2025-05-28,428.2139,433.3880,428.2139,428.5543,1314545
2025-05-29,428.7969,433.4017,428.2859,433.1970,1629791
2025-05-30,433.1371,433.8553,429.6699,432.8802,1419248
2025-06-02,432.2941,433.5129,430.9612,430.9612,1707769
2025-06-03,431.1728,435.6904,431.1728,433.9271,1141585
2025-06-04,433.9918,440.0530,433.6014,434.8551,994513
2025-06-05,434.3623,437.3992,432.4847,432.4847,1220800
2025-06-06,432.4180,434.6794,430.2485,431.3455,1579246
2025-06-09,431.3205,431.9899,429.9691,431.0622,744464
2025-06-10,430.8787,430.8787,427.7475,429.3693,863303
2025-06-11,429.5514,430.0805,424.3248,430.0805,1103134
2025-06-12,429.8854,429.8854,425.9061,427.3612,1524137
2025-06-13,427.3432,431.3461,427.2239,427.2239,620675
2025-06-16,427.6822,430.1540,426.8436,429.7206,1368221
2025-06-17,429.0801,429.0801,425.0093,426.3378,1370897
2025-06-18,425.8307,425.9997,423.2258,424.4291,1306911
2025-06-19,424.3202,424.3202,421.5981,423.1937,892320
2025-06-20,423.4256,424.8210,423.4256,424.8210,1730412
2025-06-23,425.3037,431.1717,422.1819,431.1717,2046770
2025-06-24,430.5992,431.4999,427.3307,428.6664,1579308
2025-06-25,428.9989,431.3435,428.9989,430.0351,1806705
2025-06-26,429.9298,432.2828,428.2216,429.6507,964315
2025-06-27,429.6780,432.8571,429.0411,430.0988,1367754
2025-06-30,430.0642,430.0642,427.0081,429.7374,861039
2025-07-01,428.4982,430.5343,424.9170,424.9170,1279017
2025-07-02,425.2662,427.7471,423.5940,427.1967,1201093
2025-07-03,428.0037,430.3645,425.8284,430.3645,1315430
2025-07-04,430.2598,432.6484,428.9242,428.9242,734763
2025-07-07,428.7852,429.5552,426.4786,426.4786,1833933
2025-07-08,425.4533,425.4533,422.9727,423.3075,1517027
2025-07-09,423.3383,424.7554,421.4482,423.8128,773823
2025-07-10,423.9420,425.6949,421.1645,425.6949,1831005
2025-07-11,425.6088,426.4341,423.9822,425.3144,1180579
2025-07-14,425.8296,427.4104,422.9303,427.4104,804747
2025-07-15,428.0519,435.1083,428.0519,435.1083,2586953
2025-07-16,435.2823,438.5921,434.8378,438.5921,1141947
2025-07-17,438.2440,438.2440,434.5166,436.8813,1385870
2025-07-18,436.2918,438.9332,431.7631,432.5645,1343648
2025-07-21,432.8766,433.5653,429.1121,433.5653,727552
2025-07-22,434.2819,436.3016,432.5938,435.9816,732511
2025-07-23,437.2368,440.8715,436.7147,440.0921,1495353
2025-07-24,440.4005,441.9983,434.3146,441.9983,1129829
2025-07-25,442.3073,446.4898,442.3073,443.5210,1367314
2025-07-28,442.4533,442.4589,438.9992,439.3455,2402451
2025-07-29,439.9312,445.6771,439.9312,442.2861,1640328
2025-07-30,441.8178,443.3284,440.3753,440.3753,2381108
2025-07-31,440.2181,440.9567,437.9225,439.8925,1115147
2025-08-01,439.2695,439.2695,436.4521,437.5207,1054745
2025-08-04,436.1843,436.1843,430.1310,430.5209,2165225
2025-08-05,430.7941,432.8762,430.2429,432.8762,1695603
2025-08-06,431.7410,431.7410,423.3307,423.3307,3574337
2025-08-07,422.8290,422.8290,419.9959,421.4963,1462620
2025-08-08,420.9532,420.9532,418.0032,419.9371,1175155
2025-08-11,420.5082,421.8340,419.2585,421.6469,1982782
2025-08-12,422.7864,427.1352,421.7110,425.4576,2074212
2025-08-13,425.2101,427.7098,423.6955,424.7192,983475
2025-08-14,425.5983,427.3136,421.5234,427.3136,1459061
2025-08-15,428.7969,434.8962,428.7969,433.5440,1877213
2025-08-18,433.7300,435.7075,431.9605,434.1832,956922
2025-08-19,432.1289,432.3335,427.6591,427.8341,1605422
2025-08-20,428.6378,434.3345,427.1722,433.9051,3329108
2025-08-21,434.1306,437.5902,432.1338,437.5902,1391629
2025-08-22,437.5234,437.7562,433.7764,437.0922,1325289
2025-08-25,436.8464,436.8464,432.7977,434.1465,1900383
2025-08-26,435.1030,440.5493,434.7917,439.4640,1545618
2025-08-27,438.8864,441.3200,436.1739,436.8901,1643882
2025-08-28,437.8031,441.0132,437.3906,441.0132,1704110
2025-08-29,442.2662,444.8286,442.0029,444.6252,1948023
2025-09-01,446.3569,449.6831,443.9781,449.6831,3190866
2025-09-02,448.6949,448.6949,445.1173,445.6825,1765823
2025-09-03,444.9736,444.9736,442.1653,442.7696,1702353
2025-09-04,443.3036,445.2814,441.9385,445.2814,1381882
2025-09-05,447.1807,452.5591,446.4216,452.5591,1159452
2025-09-08,452.7583,457.5343,452.7583,454.3640,1211543
2025-09-09,453.9994,456.1746,451.9915,451.9915,1672463
2025-09-10,452.0578,453.0250,449.0582,452.8063,1057652
2025-09-11,452.5024,454.1129,450.6423,450.6423,965326
2025-09-12,449.7698,451.5934,445.9037,447.2782,1364811
2025-09-15,446.9963,450.1756,445.4283,445.4283,995797
2025-09-16,446.9310,452.1939,444.4115,452.1939,1668831
2025-09-17,453.7644,456.7582,451.9920,456.7582,918385
2025-09-18,458.0031,460.5478,455.9342,460.5478,1315443
2025-09-19,460.2928,460.5184,457.8590,459.1180,1122524
2025-09-22,458.9119,458.9119,454.8689,458.5018,798317
2025-09-23,458.7727,462.0069,458.7727,459.5658,1318355
2025-09-24,461.2748,468.1510,461.2748,468.1510,2269944
2025-09-25,466.6856,466.6856,460.8440,460.8440,2047565
2025-09-26,460.7119,463.4441,458.6974,458.6974,865919
2025-09-29,458.8575,461.4095,458.8575,459.3798,1099059
2025-09-30,459.2914,459.9044,457.0758,457.8989,1546947
2025-10-01,457.5062,458.0012,455.2645,456.6669,956132
2025-10-02,455.6059,455.6059,449.4282,450.6579,2564691
2025-10-03,449.1038,449.1038,442.8881,444.4556,2133422
2025-10-06,445.2306,450.1703,445.2306,448.6768,1119665
2025-10-07,449.0201,455.2146,449.0201,452.7090,1998627
2025-10-08,452.5751,456.0306,451.6679,452.2678,1010104
2025-10-09,451.2934,451.2934,445.0687,448.0177,1533068
2025-10-10,447.5839,450.0510,445.1725,445.1725,1426876
2025-10-13,445.3440,446.2212,442.2806,446.0007,1353913
2025-10-14,446.7394,450.3516,446.7394,450.1811,1900079
2025-10-15,449.9485,450.1403,446.9006,446.9006,1699018
2025-10-16,446.6096,448.9105,444.1389,444.1389,1227858
2025-10-17,444.9728,448.4574,444.9728,446.5402,1796984
2025-10-20,446.7578,450.5139,446.7578,450.4847,1671592
2025-10-21,450.7726,451.4194,448.5277,451.4194,1601829
2025-10-22,451.9338,457.5028,451.9338,457.5028,2744039
2025-10-23,457.1094,459.0392,455.9326,455.9326,1164620
2025-10-24,456.0123,457.2939,451.8507,457.2939,1474205
2025-10-27,458.0369,460.0217,455.9078,459.5850,1637489
2025-10-28,457.5521,457.5521,451.6141,452.6405,1714356
2025-10-29,451.9022,451.9022,445.6955,446.2104,1494494
2025-10-30,446.8007,450.9526,446.8007,449.3067,1469797
2025-10-31,449.2025,449.4396,447.6859,448.9384,1022252
2025-11-03,448.0655,449.2151,445.7776,445.7776,1114042
2025-11-04,445.9578,448.6245,445.9578,448.6245,1465196
2025-11-05,448.9063,451.5355,448.9063,449.4925,1382087
2025-11-06,449.5936,451.1945,448.6837,450.6376,1524925
2025-11-07,450.8923,453.7368,450.4227,453.7368,1896276
2025-11-10,452.9486,454.7601,448.6535,448.8230,1992449
2025-11-11,448.7663,448.7663,443.9332,447.7855,834091
2025-11-12,447.4832,449.6263,445.0767,445.5522,1392543
2025-11-13,445.3898,445.3898,441.3828,444.0898,2103776
2025-11-14,444.7574,448.8764,444.7574,448.4438,1529371
2025-11-17,448.1996,449.6081,443.7251,445.2058,2333067
2025-11-18,445.3691,446.8606,444.2247,446.8606,1804647
2025-11-19,446.8385,448.4241,445.8703,446.5749,916587
2025-11-20,447.1225,456.5766,445.6317,449.3597,913178
2025-11-21,447.3189,450.2311,437.7317,437.7317,1445848
2025-11-24,434.3582,435.9614,426.7319,426.7319,2153021
2025-11-25,425.9112,427.9712,413.8815,424.0454,856349
2025-11-26,424.2606,426.1763,419.4199,426.1763,936772
2025-11-27,425.0088,426.4873,412.1114,418.1006,1381123
2025-11-28,414.9596,416.3812,404.2267,404.2267,2159408
2025-12-01,402.0628,404.7001,393.0140,393.0140,3042240
2025-12-02,391.5599,391.5599,383.5387,387.6056,1559381
2025-12-03,386.1574,386.1574,377.0331,382.2222,1430926
2025-12-04,382.8528,389.5680,382.8528,384.6841,651616
2025-12-05,386.9884,395.0675,386.1280,395.0675,1669307
2025-12-08,393.1708,393.1708,386.0755,389.2252,1115206
2025-12-09,391.1790,396.8834,386.6274,396.8834,981595
2025-12-10,396.5765,398.5503,389.6984,394.6409,893468
2025-12-11,394.0525,394.2856,386.1628,391.9283,1401700
2025-12-12,391.8825,395.3709,391.7660,391.7660,1371913
2025-12-15,393.8737,406.7840,393.8737,398.3748,1676118
2025-12-16,398.5386,400.6182,395.3407,400.3606,1111242
2025-12-17,399.6659,399.6659,388.4766,393.1989,1332801
2025-12-18,392.1849,393.5623,385.3517,385.5741,1572680
2025-12-19,385.9176,388.4125,380.8870,388.4125,1960718
2025-12-22,388.2963,388.2963,378.8664,386.1912,847315
2025-12-23,386.4252,389.6694,384.9469,387.0010,1581570
2025-12-24,388.6571,393.7924,383.2471,393.7924,1052605
2025-12-25,396.2575,403.9301,396.0731,402.1088,1556005
2025-12-26,405.7867,426.0515,405.7867,426.0515,2851372
2025-12-29,429.3540,442.2015,429.3540,436.5137,1930339
2025-12-30,438.7796,452.0574,438.7796,446.7483,1567597
2025-12-31,446.5090,448.0284,442.9316,443.8838,1489375
