ts,open,high,low,close,volume
2010-01-04,100.1649,101.9853,100.1649,101.2547,2755213
2010-01-05,101.2388,102.0676,101.1609,101.1609,1050725
2010-01-06,100.6574,100.6574,99.6458,99.6458,1665986
2010-01-07,99.7438,100.5799,99.0408,100.5799,1952875
2010-01-08,100.2970,100.6455,99.1882,99.3566,1790219
2010-01-11,99.4437,100.3910,99.4437,100.1252,1341228
2010-01-12,99.8311,99.9234,99.1984,99.1984,1696307
2010-01-13,99.1971,99.4420,98.8685,99.1799,1356080
2010-01-14,99.1216,99.1216,98.2910,98.3452,1603022
2010-01-15,98.0500,98.0500,97.0169,97.0169,1919048
2010-01-18,96.9149,97.3615,96.0710,96.0801,1512786
2010-01-19,95.9717,96.0935,94.7651,95.3402,1665979
2010-01-20,95.7851,97.1163,95.6212,96.7336,1990399
2010-01-21,96.6737,96.6737,95.7598,96.3728,1744086
2010-01-22,96.5410,97.2648,96.5410,97.0106,1566090
2010-01-25,97.0001,97.0815,96.6858,96.9402,1141675
2010-01-26,97.0780,97.7147,97.0780,97.7147,1595091
2010-01-27,97.7478,99.0262,97.7478,98.0814,1702048
2010-01-28,97.9216,98.0594,97.0442,97.2379,1834311
2010-01-29,97.3286,98.6532,97.1206,97.9834,1135131
2010-02-01,98.0391,98.3838,97.2012,98.3838,1402754
2010-02-02,98.4435,99.3070,98.4435,98.6605,2073775
2010-02-03,98.7838,100.3466,98.7055,99.9174,2545638
2010-02-04,99.8293,100.0398,98.5702,98.5702,1251183
2010-02-05,98.8262,99.3257,98.4613,99.3257,1601285
2010-02-08,99.0201,99.3191,98.2365,98.3549,1108769
2010-02-09,98.4370,99.2373,98.2888,98.9001,1383495
2010-02-10,98.9568,99.7330,98.9568,99.7152,2320291
2010-02-11,99.6365,99.8541,99.1805,99.3517,1086329
2010-02-12,99.3829,99.8265,98.8969,99.6677,1695534
2010-02-15,99.3652,99.3652,98.1719,98.6012,1831089
2010-02-16,98.6374,99.0736,97.9804,98.8123,1511170
2010-02-17,99.1261,100.2394,99.0243,99.8343,1305725
2010-02-18,99.7589,100.3893,99.3358,99.3358,1928611
2010-02-19,98.9689,99.0814,97.4106,97.7588,2064770
2010-02-22,97.9420,98.9339,97.6110,98.6338,1660774
2010-02-23,98.6105,98.7382,98.1005,98.4153,1114385
2010-02-24,98.4748,99.3996,98.4748,98.7417,1920588
2010-02-25,98.3390,98.3390,97.3740,97.3740,1478754
2010-02-26,97.3067,97.3067,95.9353,97.0821,1301696
2010-03-01,96.9988,97.0107,96.1215,96.3629,1225882
2010-03-02,96.3868,96.7816,96.0131,96.5303,1292508
2010-03-03,96.5143,97.1508,96.1515,96.2548,955976
2010-03-04,95.7924,95.7924,94.4894,94.4894,2625558
2010-03-05,94.7578,95.4756,94.6057,95.4087,1512486
2010-03-08,94.8861,94.8861,93.1603,93.9107,2165944
2010-03-09,93.9515,94.5473,93.7094,94.2889,1349824
2010-03-10,94.5869,95.7454,94.5869,95.6301,1160733
2010-03-11,95.6320,96.2214,95.5994,95.6416,1021078
2010-03-12,95.7983,96.3844,95.5914,96.3844,1306129
2010-03-15,96.1862,96.7946,93.7081,94.4700,1119773
2010-03-16,94.9511,97.9746,93.3055,97.9746,1330613
2010-03-17,98.6258,102.3980,98.6258,100.6049,1476958
2010-03-18,100.6880,102.3517,100.6880,101.7561,1062853
2010-03-19,102.0256,105.0224,101.9533,105.0224,1870378
2010-03-22,104.3196,104.3196,99.8211,100.8641,1199481
2010-03-23,100.8070,101.1082,100.0033,100.2676,1129631
2010-03-24,99.7663,99.7736,97.9400,97.9400,1609277
2010-03-25,98.1133,101.5317,97.8778,99.4749,1171820
2010-03-26,99.7990,100.8826,99.1320,100.8826,1328441
2010-03-29,100.9429,101.2730,98.6404,101.2730,1384017
2010-03-30,101.2522,103.6847,100.9788,101.0381,1535010
2010-03-31,101.4180,105.3003,101.4180,102.5059,761652
2010-04-01,102.3429,102.3429,100.6199,101.5023,840995
2010-04-02,102.9847,105.9864,101.7577,105.9864,2902055
2010-04-05,106.7146,108.9346,105.4430,108.4624,1261310
2010-04-06,108.5520,109.9794,108.5520,109.6643,1277531
2010-04-07,109.1377,109.1377,107.0749,107.0749,2408201
2010-04-08,107.0202,107.5613,106.8726,106.8726,1443374
2010-04-09,106.6505,106.9890,105.7306,105.9888,971697
2010-04-12,106.9724,109.1085,106.9724,108.8640,1869112
2010-04-13,108.5976,108.5976,106.6509,107.2499,1975128
2010-04-14,107.1383,107.3599,106.2561,106.3752,1458871
2010-04-15,106.1503,106.3539,105.2312,105.5926,1487759
2010-04-16,105.4973,105.8455,104.8006,105.3087,1021274
2010-04-19,105.3600,105.7742,104.6907,105.6057,801819
2010-04-20,105.3012,105.3012,103.1600,103.3402,3149620
2010-04-21,103.3819,103.4757,102.4734,103.4757,1142301
2010-04-22,103.3863,103.6822,102.4637,102.4637,1966501
2010-04-23,102.3204,102.3204,100.9755,101.7288,1603385
2010-04-26,101.3595,101.3595,99.5517,99.9852,2011546
2010-04-27,99.7589,99.8412,98.8206,99.2945,1592343
2010-04-28,99.2875,99.2875,97.8208,99.2600,1033963
2010-04-29,99.2797,99.7312,98.7453,99.3699,1134882
2010-04-30,99.1642,99.1642,98.0855,98.6958,1060671
2010-05-03,98.4675,98.4675,96.3581,96.3581,2370845
2010-05-04,96.6832,97.5557,96.4353,97.5557,1955754
2010-05-05,97.5489,98.3887,97.5358,97.5358,1199596
2010-05-06,97.8013,98.9486,97.6171,98.6574,2183325
2010-05-07,98.3642,98.3642,96.6205,96.6205,2692469
2010-05-10,96.8316,97.7008,96.8316,97.3352,1001822
2010-05-11,97.0189,97.3046,95.4482,95.8245,2456722
2010-05-12,95.7606,95.7606,94.3497,95.2021,1456159
2010-05-13,95.0619,95.1136,94.2804,94.2804,1604310
2010-05-14,94.2883,94.4312,93.8908,94.4312,923908
2010-05-17,94.3419,94.9201,93.7055,94.1739,1645243
2010-05-18,94.0049,94.0049,93.5205,93.5205,1255825
2010-05-19,93.2489,93.6687,92.6014,92.6014,1804569
2010-05-20,92.4728,92.4728,91.7670,91.7670,1568884
2010-05-21,91.9204,93.2312,91.9204,92.8684,2811086
2010-05-24,92.7192,92.7192,91.1745,91.3479,2284721
2010-05-25,90.9886,90.9886,90.0164,90.0164,1659515
2010-05-26,90.4418,93.3766,90.2976,93.3766,2665592
2010-05-27,93.4590,94.9486,92.2627,93.6681,890365
2010-05-28,92.8763,92.8763,89.3069,89.3395,2761380
2010-05-31,89.1919,89.4912,88.0847,88.0847,3270082
2010-06-01,88.0334,88.0686,87.3213,87.8810,1240267
2010-06-02,87.9307,88.0277,87.4688,88.0277,983399
2010-06-03,87.8284,88.4740,87.3522,87.3522,1234261
2010-06-04,87.3312,87.5096,86.2235,87.2344,1358705
2010-06-07,87.1996,87.4910,86.5841,87.0858,980278
2010-06-08,87.3234,88.1913,86.9698,87.8456,1212101
2010-06-09,87.8111,88.4610,87.6198,87.6198,1455818
2010-06-10,87.6435,88.2679,87.3471,87.8668,1061335
2010-06-11,88.0444,88.3977,87.4557,88.3977,1433706
2010-06-14,88.5163,89.9980,88.5163,89.5853,2008975
2010-06-15,89.4767,89.4767,88.6956,89.2638,1071680
2010-06-16,89.3340,90.0043,89.1201,90.0043,1162414
2010-06-17,90.0572,90.4062,89.7553,90.2307,612481
2010-06-18,89.8801,89.8991,87.6789,87.6789,3463001
2010-06-21,87.3764,87.3764,86.1895,86.6393,2277780
2010-06-22,86.6848,87.5866,86.6848,86.8341,1213874
2010-06-23,86.8501,87.6005,86.8435,87.0060,1254839
2010-06-24,87.2088,87.8551,86.6504,87.8551,1878410
2010-06-25,87.4422,87.7110,86.6670,86.6670,1297824
2010-06-28,86.7136,87.4291,86.7136,86.8145,1215820
2010-06-29,86.7640,86.7640,85.8254,86.6027,1214128
2010-06-30,86.5079,86.6721,86.2382,86.2945,1535945
2010-07-01,86.3057,86.5670,85.8164,86.3638,1214241
2010-07-02,85.9393,86.0972,84.5417,85.0954,2521274
2010-07-05,85.3385,86.1389,85.0704,86.0572,1961271
2010-07-06,85.8116,85.8543,85.2488,85.2488,2137861
2010-07-07,85.2500,85.5176,84.7558,85.2542,1115125
2010-07-08,85.2060,85.3087,84.6232,84.9057,1204657
2010-07-09,85.3268,87.0252,85.3268,87.0252,3394504
2010-07-12,86.9296,87.5089,86.2660,86.2660,1717607
2010-07-13,86.1917,86.8537,85.5790,85.9156,940953
2010-07-14,86.0609,86.8922,86.0609,86.5955,1236772
2010-07-15,86.6493,86.8084,85.5612,86.8084,894031
2010-07-16,87.2607,88.8419,87.2607,88.1603,1850499
2010-07-19,88.0704,88.0704,87.2438,87.5084,1523085
2010-07-20,87.6691,88.6146,87.6691,88.4131,1629414
2010-07-21,88.0916,88.0916,87.0786,87.3469,1813784
2010-07-22,87.3639,87.6951,86.8439,87.4427,1193878
2010-07-23,87.3463,87.4748,86.4036,86.6339,1429690
2010-07-26,86.8883,87.8879,86.6156,87.6145,2068870
2010-07-27,87.8367,88.4453,87.6379,88.2743,1149920
2010-07-28,87.9647,87.9647,87.0666,87.0666,1867338
2010-07-29,86.9097,86.9097,85.1389,85.1389,1477841
2010-07-30,84.8630,84.9427,84.1692,84.1692,1605388
2010-08-02,84.0782,84.0782,83.3465,83.4313,2045912
2010-08-03,83.4831,84.1235,83.4831,84.1235,1872219
2010-08-04,84.3291,84.9273,84.3291,84.9273,1901314
2010-08-05,84.7913,84.7931,83.8826,84.4930,1463955
2010-08-06,85.0258,86.3062,85.0258,86.3062,2500245
2010-08-09,86.2308,86.2308,85.5161,85.8420,2161697
2010-08-10,85.8213,86.2573,85.3906,85.7328,1407874
2010-08-11,85.7625,86.5564,85.6866,86.1760,1910609
2010-08-12,86.3720,87.0737,86.3720,86.8661,1412427
2010-08-13,86.9998,87.9181,86.7499,87.8504,1795094
2010-08-16,87.7582,87.9017,87.0372,87.5511,1797059
2010-08-17,87.4152,87.8726,86.9911,87.0931,1113401
2010-08-18,86.8796,87.3647,86.3931,86.3931,2392387
2010-08-19,86.4246,86.5540,85.5492,86.5540,852396
2010-08-20,86.5088,86.8844,86.0520,86.3605,1007371
2010-08-23,86.4047,87.1711,86.1152,87.0202,1243082
2010-08-24,87.3249,88.7626,87.3249,88.3975,1834953
2010-08-25,88.6557,89.2159,88.1847,89.2159,2280874
2010-08-26,89.2345,90.1825,89.1515,89.2851,932660
2010-08-27,89.4686,90.7562,89.4686,90.5440,2057182
2010-08-30,90.3311,90.7882,89.7232,89.8731,1738660
2010-08-31,89.7089,89.7663,89.1498,89.1498,2000708
2010-09-01,88.9939,89.7084,88.3060,88.4849,1323982
2010-09-02,88.4524,88.9428,87.9334,88.3237,1006785
2010-09-03,88.2859,88.4759,87.8025,88.0581,1349407
2010-09-06,88.0145,88.1689,87.3931,87.9067,661742
2010-09-07,88.0548,90.1458,88.0548,89.9636,2928408
2010-09-08,90.2263,90.9323,90.1967,90.8244,1462135
2010-09-09,90.8351,91.0764,90.3934,90.9798,900303
2010-09-10,90.5461,90.5461,89.3332,89.3332,1655793
2010-09-13,89.2735,89.2735,88.5223,88.5223,1002547
2010-09-14,88.6745,89.2396,88.5035,89.2396,905096
2010-09-15,89.1732,89.5363,88.1753,88.1753,1626766
2010-09-16,88.6198,89.8241,88.2797,89.8241,2048050
2010-09-17,89.9426,91.1657,89.8066,91.1657,2596861
2010-09-20,91.2389,92.4776,90.9991,92.4776,1056153
2010-09-21,92.3318,93.0794,92.0005,92.0551,1439983
2010-09-22,91.9881,91.9881,90.8464,91.0745,1562718
2010-09-23,91.2608,93.6495,90.9408,93.6495,2965299
2010-09-24,93.8051,95.0112,93.6576,94.6618,1681808
2010-09-27,94.5124,95.1615,94.1213,94.1213,1723388
2010-09-28,94.1929,95.2532,94.1929,94.7261,2127879
2010-09-29,94.9569,96.9967,94.9569,96.9723,2928887
2010-09-30,96.9991,97.3966,96.7983,97.3966,1111091
2010-10-01,96.8019,97.1497,95.6588,95.6588,1966283
2010-10-04,95.5345,95.5345,94.6259,95.2876,2111407
2010-10-05,95.3737,96.5688,95.2977,95.7365,1629887
2010-10-06,95.6214,95.6214,94.6487,95.3097,1648835
2010-10-07,95.2553,95.7503,95.0395,95.1105,1281635
2010-10-08,95.2663,95.7491,95.2663,95.7190,1326071
2010-10-11,96.3859,98.0715,96.3859,97.8175,1723532
2010-10-12,97.9792,99.5056,97.9792,99.5056,2068366
2010-10-13,99.7743,100.3610,99.3861,100.3212,1460074
2010-10-14,100.2834,100.5816,99.7135,100.1091,1561483
2010-10-15,99.8386,99.8423,98.8658,99.2716,1515498
2010-10-18,99.2075,99.2474,98.2257,98.4618,1401681
2010-10-19,98.7386,100.1238,98.7386,99.2961,1261727
2010-10-20,99.3022,99.6044,98.8431,99.3423,823875
2010-10-21,99.6327,101.2385,99.6327,100.7783,941631
2010-10-22,100.6494,100.6494,99.5461,99.5461,1391558
2010-10-25,99.5815,100.6668,99.5815,100.0893,1501508
2010-10-26,100.2010,101.1113,100.2010,101.0354,1572878
2010-10-27,100.8103,100.8103,99.7414,100.3055,1920941
2010-10-28,100.5888,101.6437,100.0978,101.6437,1756213
2010-10-29,101.7068,102.7261,101.7068,101.8270,1271512
2010-11-01,101.7989,101.7989,101.1348,101.5217,1019968
2010-11-02,101.8271,102.6566,101.7747,102.6566,1395740
2010-11-03,102.7736,104.3667,102.6755,104.0514,1458158
2010-11-04,104.0448,104.5950,103.7030,103.9749,1221083
2010-11-05,104.5741,106.1005,104.2075,106.1005,1436018
2010-11-08,106.2503,107.1869,105.8356,106.5648,1156339
2010-11-09,107.2628,108.8126,107.2628,108.8126,2404677
2010-11-10,109.2500,110.1046,108.8207,110.1046,2853439
2010-11-11,109.9001,109.9001,108.7941,108.7941,1411441
2010-11-12,109.0299,110.0779,109.0299,109.8455,1608513
2010-11-15,109.5233,109.5233,107.6645,107.6645,2098506
2010-11-16,107.4438,107.4438,106.1779,106.5920,1787405
2010-11-17,106.1568,106.4039,105.0627,105.0627,1488377
2010-11-18,104.9774,104.9774,104.0597,104.4195,1506412
2010-11-19,104.4134,104.7766,103.9314,104.3849,828903
2010-11-22,105.1559,106.9315,105.1559,106.9178,2523657
2010-11-23,106.8482,107.7683,106.4098,106.6736,1994614
2010-11-24,106.5835,106.6352,104.9211,105.6575,2626424
2010-11-25,105.4343,105.8599,103.9930,103.9930,2511741
2010-11-26,104.0693,105.4205,103.7958,104.8976,1223356
2010-11-29,104.9632,105.2524,104.4698,105.2524,1040268
2010-11-30,105.7851,107.2660,105.6566,107.2660,1534436
2010-12-01,107.4711,108.3673,107.4711,108.3673,1595672
2010-12-02,108.7225,110.4091,108.5652,110.4091,2485035
2010-12-03,110.4126,111.5045,110.4126,110.4264,663195
2010-12-06,110.8597,112.1350,110.8084,112.1350,1959922
2010-12-07,111.5229,112.9559,107.2894,107.7477,1830750
2010-12-08,108.0483,110.0516,107.0091,109.7304,1064777
2010-12-09,109.8668,110.8909,106.5139,110.8909,1561393
2010-12-10,111.4143,113.7147,111.4143,112.7043,1493319
2010-12-13,112.4815,113.6188,111.9723,111.9723,1110662
2010-12-14,111.6216,111.8709,109.1647,109.7157,1298309
2010-12-15,110.1804,111.2436,109.3999,111.2436,1574466
2010-12-16,111.1875,111.5021,109.9588,110.9687,1202715
2010-12-17,111.0758,111.7785,110.6075,111.7785,1747664
2010-12-20,111.8744,112.9498,111.8600,112.2716,1106086
2010-12-21,112.2292,112.2292,111.1365,112.1297,771109
2010-12-22,112.0288,112.0288,111.0242,111.0929,1562995
2010-12-23,110.6676,110.6676,108.9431,108.9431,1677223
2010-12-24,109.1399,110.0919,109.0038,110.0919,1477519
2010-12-27,110.4772,111.7298,110.4772,111.2314,1696081
2010-12-28,111.6026,113.2524,111.6026,113.2524,2015186
2010-12-29,113.3023,113.7388,112.7162,113.4583,1383555
2010-12-30,113.5592,114.2555,113.3330,114.2555,2124072
2010-12-31,114.2231,114.2231,113.6559,113.8592,1000050
2011-01-03,113.7270,113.7270,112.7812,113.3295,2052197
2011-01-04,113.3097,113.7240,112.5562,113.2315,851432
2011-01-05,113.2132,113.2404,112.0898,113.1279,801775
2011-01-06,113.0399,113.4342,112.8570,112.8570,863933
2011-01-07,112.8115,113.3680,112.6122,112.7214,980850
2011-01-10,112.9249,114.3292,112.9249,113.5695,1452177
2011-01-11,113.5508,113.9957,113.4579,113.4579,760821
2011-01-12,113.4542,114.1168,113.2889,113.4050,826105
2011-01-13,113.6477,114.3672,113.0856,114.1843,2266219
2011-01-14,114.2051,115.1494,113.5255,114.4926,1504637
2011-01-17,114.6212,115.8321,114.5145,115.8321,1963127
2011-01-18,115.8287,116.8342,115.3550,115.8037,761985
2011-01-19,115.9379,117.2859,115.9379,117.2062,1942209
2011-01-20,117.3448,118.0936,116.8213,118.0936,1659344
2011-01-21,118.1462,118.5433,117.8597,118.4435,1847791
2011-01-24,118.1290,118.2333,116.7813,117.5027,1803579
2011-01-25,117.3881,117.4582,116.3093,117.0194,1808554
2011-01-26,116.9953,117.2855,116.3259,116.7763,723404
2011-01-27,116.7037,116.7051,116.2415,116.2415,1484487
2011-01-28,116.4357,117.4919,115.7011,117.0929,2204257
2011-01-31,116.6304,116.6304,114.8475,114.8475,1613302
2011-02-01,114.9885,116.0751,114.9449,115.4655,1327111
2011-02-02,115.4682,115.4872,114.5480,115.4872,977863
2011-02-03,115.5099,115.8421,115.0869,115.6299,1211172
2011-02-04,115.7391,116.7132,115.2143,116.3204,1799280
2011-02-07,116.0568,116.4909,114.8739,115.4365,1369251
2011-02-08,115.4371,116.5999,115.1592,115.4469,1159029
2011-02-09,115.5449,117.5072,115.5449,116.3874,1891620
2011-02-10,116.5984,117.5056,116.5169,117.0435,1845237
2011-02-11,117.1592,117.8223,116.3027,117.7909,1685046
2011-02-14,117.8790,119.0483,117.8790,118.1974,1425864
2011-02-15,118.2803,119.1911,117.7097,118.9198,1702677
2011-02-16,119.2121,121.2350,119.2121,121.2350,3130979
2011-02-17,120.9177,120.9177,119.8461,120.0770,1859748
2011-02-18,120.3600,121.9367,120.3600,121.9367,1666308
2011-02-21,122.1522,123.3969,122.1522,123.2234,1641179
2011-02-22,122.6768,122.6768,120.3473,120.7009,2915636
2011-02-23,120.2791,120.2791,119.0100,119.0576,1200070
2011-02-24,118.9625,118.9625,118.2566,118.7695,712656
2011-02-25,118.9797,120.6673,118.9797,120.4829,2455451
2011-02-28,120.0801,120.0801,118.8267,119.0609,1567121
2011-03-01,118.8301,119.3687,117.5139,118.0083,1334016
2011-03-02,117.7689,117.7689,116.0548,116.8630,805966
2011-03-03,116.8178,118.1625,115.8373,116.2241,1252070
2011-03-04,116.3542,117.0770,115.5627,117.0770,1469799
2011-03-07,117.5345,119.9229,117.5345,119.9229,3882481
2011-03-08,119.9657,120.6466,118.7043,120.6466,1427264
2011-03-09,120.5840,120.9422,119.5896,120.2925,1031354
2011-03-10,120.0796,120.4490,119.4853,119.6642,992387
2011-03-11,119.5119,119.6755,118.6623,119.2241,1151144
2011-03-14,118.9432,118.9432,117.7070,117.7070,1880020
2011-03-15,118.3754,119.8741,118.3754,119.8676,2383361
2011-03-16,119.9327,121.9066,119.9327,120.7165,1401636
2011-03-17,121.0415,122.5446,120.9271,122.5446,2052742
2011-03-18,122.2988,122.5302,121.5604,121.5604,1245707
2011-03-21,121.6459,122.1351,121.1828,121.8527,841524
2011-03-22,121.8461,122.3592,121.3351,121.8190,676890
2011-03-23,121.3808,121.3808,119.2227,119.2227,3463378
2011-03-24,118.9685,119.6694,117.9951,117.9951,1543900
2011-03-25,117.9597,118.8610,117.8499,117.8742,834237
2011-03-28,117.9213,118.6048,117.2557,118.1220,1583932
2011-03-29,117.9155,117.9155,115.6959,115.8414,1920998
2011-03-30,115.7656,116.4342,114.6085,114.6085,1732357
2011-03-31,114.7885,115.6189,114.7885,115.3195,1144335
2011-04-01,115.5344,116.4362,115.5256,116.4362,1675281
2011-04-04,117.1081,119.1758,117.1081,119.1758,3193884
2011-04-05,118.9673,118.9673,116.5520,116.5520,3448510
2011-04-06,116.8302,118.8558,116.8302,118.8558,2245724
2011-04-07,119.0580,120.6117,119.0580,119.6324,1420571
2011-04-08,119.6603,119.8485,118.8052,119.7543,707748
2011-04-11,119.6189,119.6189,118.4789,119.0535,1846101
2011-04-12,118.9562,118.9562,117.8603,118.4628,1349618
2011-04-13,118.9896,120.9204,118.9896,120.0261,1330522
2011-04-14,120.5846,122.1278,120.5475,122.1278,2057976
2011-04-15,122.5858,125.3937,122.5099,125.3025,2211658
2011-04-18,125.2538,125.6745,124.3378,125.1222,967002
2011-04-19,124.9180,125.3837,123.4237,123.4237,2694768
2011-04-20,123.3389,123.3389,121.9581,122.1290,2246773
2011-04-21,122.5527,124.0834,122.5527,123.9424,2136356
2011-04-22,124.0266,124.5113,123.0399,124.3471,1004238
2011-04-25,124.4046,125.2661,124.1407,125.2661,1769890
2011-04-26,125.3673,126.4721,124.9815,126.4721,1152449
2011-04-27,126.7012,127.7298,126.6205,127.4660,2635378
2011-04-28,127.2480,127.2480,125.4223,125.4223,2275275
2011-04-29,125.4961,126.7138,125.3899,125.6468,1173397
2011-05-02,125.8792,127.0323,125.8792,126.9404,1654123
2011-05-03,126.8475,126.8475,125.2158,126.1690,1991645
2011-05-04,126.2562,126.5666,125.1069,126.5651,1193165
2011-05-05,125.5937,125.5937,123.0851,123.2458,3123442
2011-05-06,123.4291,125.9899,123.2804,125.9899,3393242
2011-05-09,126.2378,127.7134,125.6561,127.4481,1400688
2011-05-10,127.4127,127.7908,126.3591,127.1819,638128
2011-05-11,127.2808,128.9988,127.2808,127.5648,1137341
2011-05-12,127.4538,127.5823,126.4102,126.8735,1543648
2011-05-13,126.8497,127.2922,126.4096,126.4096,1390392
2011-05-16,126.5017,127.1453,126.0676,126.9072,1135692
2011-05-17,126.4686,127.0292,125.4507,125.6218,2558548
2011-05-18,125.8132,126.7974,125.2939,126.7974,2299515
2011-05-19,126.7961,126.7961,125.8361,126.7889,1292138
2011-05-20,126.8422,128.8472,126.8238,127.1838,1797117
2011-05-23,127.3004,129.1314,127.3004,127.6272,1171861
2011-05-24,127.6179,128.3014,127.0919,127.5041,1179971
2011-05-25,127.2593,128.0990,126.3367,126.3681,2018422
2011-05-26,126.2794,126.2794,124.9673,124.9673,966328
2011-05-27,124.7175,125.1211,123.4616,123.4616,1507492
2011-05-30,123.3419,124.0432,122.3711,122.8457,1135869
2011-05-31,122.5646,122.5646,120.6669,120.8327,1679860
2011-06-01,120.3005,120.3005,118.4069,118.8191,2220733
2011-06-02,118.5474,118.7728,117.7061,117.7061,1329572
2011-06-03,117.7088,118.2395,117.3823,117.7262,1189012
2011-06-06,117.4983,118.0473,116.7778,116.9513,980174
2011-06-07,116.9150,117.5424,116.2105,116.6491,1674622
2011-06-08,116.9676,118.1914,116.9676,118.1287,2587362
2011-06-09,118.4385,119.9096,118.4385,119.9006,2252148
2011-06-10,119.6639,120.2311,118.0993,118.0993,2327551
2011-06-13,118.2184,118.9924,117.7301,118.6269,1556979
2011-06-14,118.2417,118.8805,117.4138,117.4138,2716638
2011-06-15,117.6215,118.6901,117.5892,118.6901,1479859
2011-06-16,118.7407,119.2874,118.3231,119.2874,976109
2011-06-17,119.3293,120.0556,118.9777,120.0556,1097072
2011-06-20,120.4055,121.8538,120.4055,121.3686,2310581
2011-06-21,121.6999,122.4342,120.6687,122.4342,1947297
2011-06-22,122.4807,122.8595,121.8605,122.8526,1366855
2011-06-23,122.7275,122.7275,121.8023,122.3102,1193626
2011-06-24,122.5453,123.5446,121.8152,123.5446,2615176
2011-06-27,122.9231,122.9231,120.0608,120.1591,2644381
2011-06-28,120.4170,122.5693,120.4170,121.6598,1649508
2011-06-29,121.6059,121.6059,120.6303,120.6650,2023617
2011-06-30,120.5541,120.7612,119.4511,119.4511,1867898
2011-07-01,119.9322,122.1751,119.8745,122.1751,4031605
2011-07-04,121.7071,122.5178,120.6694,120.6694,1779884
2011-07-05,120.4848,120.4848,118.8996,119.9308,1113280
2011-07-06,120.3619,121.7159,120.3619,121.7159,2221009
2011-07-07,121.7451,122.6555,121.5273,122.0392,1093581
2011-07-08,122.0952,123.3681,122.0952,122.8362,1210821
2011-07-11,122.8325,124.1748,122.5770,122.8092,672122
2011-07-12,123.0353,123.4571,122.6824,123.4571,1374014
2011-07-13,123.0452,123.2276,121.3816,121.3816,1563505
2011-07-14,121.7684,123.0744,121.7684,122.6574,2062716
2011-07-15,122.7037,123.0739,122.5486,122.7999,1471433
2011-07-18,122.4577,122.4577,120.7183,121.4137,1499103
2011-07-19,121.4358,122.4785,121.4358,121.6106,1116500
2011-07-20,121.6863,122.6596,121.3341,121.8283,1185148
2011-07-21,121.7911,122.8872,121.3944,121.5912,1470794
2011-07-22,121.8098,123.7653,121.7396,123.2551,1228635
2011-07-25,123.4590,124.3794,123.4590,124.3794,1405666
2011-07-26,124.3763,125.3606,124.3697,124.3697,920238
2011-07-27,124.3622,125.4116,124.0008,124.3343,1169474
2011-07-28,124.3086,124.3086,123.3594,124.1770,1113973
2011-07-29,124.1834,124.2339,123.4041,124.2339,1166757
2011-08-01,124.2964,125.4004,124.2215,124.5391,921158
2011-08-02,124.9073,126.7529,124.8778,126.7529,2778714
2011-08-03,126.6829,128.0586,126.5435,126.5435,737102
2011-08-04,126.9806,128.4064,126.9806,128.0812,2282147
2011-08-05,128.3125,129.4976,127.9457,129.2742,1745869
2011-08-08,129.4312,130.4635,128.2268,130.4635,865062
2011-08-09,130.4373,131.0485,129.5774,130.3867,917159
2011-08-10,130.4304,130.8554,130.1469,130.6023,991588
2011-08-11,130.4831,131.5906,129.8434,129.8434,1184208
2011-08-12,129.8996,130.7903,129.8996,130.7582,1325245
2011-08-15,130.4842,130.5485,129.0650,129.5319,1325816
2011-08-16,129.5078,130.5192,129.1597,129.4368,849833
2011-08-17,129.8251,131.0531,128.9311,130.6129,2631997
2011-08-18,130.4232,131.2316,129.3247,129.9143,1711163
2011-08-19,129.7962,130.6373,129.2356,129.4148,1585496
2011-08-22,129.5736,130.8654,129.2614,129.9508,2038003
2011-08-23,130.0253,130.4063,129.2833,130.2743,1065682
2011-08-24,130.3115,130.5071,129.9381,130.3983,1498424
2011-08-25,130.6748,132.4121,130.3981,131.6622,1508121
2011-08-26,131.7547,133.0227,131.7547,133.0227,1262688
2011-08-29,132.6267,132.9503,131.1552,131.1552,2427981
2011-08-30,130.1454,130.2169,127.3431,127.3431,3042333
2011-08-31,127.3200,128.3426,127.0998,127.0998,1200589
2011-09-01,126.4147,126.4147,124.5639,124.5735,3123538
2011-09-02,124.5547,124.5547,123.3679,124.3272,1040425
2011-09-05,124.2271,124.2271,123.3140,123.4191,1652769
2011-09-06,123.5733,124.2908,123.4805,123.9730,1078338
2011-09-07,123.9819,124.4313,123.1628,124.0911,1278003
2011-09-08,124.9764,127.0898,124.9764,127.0898,3004627
2011-09-09,127.0935,127.5605,126.4261,127.1022,627528
2011-09-12,126.6538,126.6538,123.5625,124.1296,2467261
2011-09-13,124.7534,126.0323,124.1510,126.0323,1387047
2011-09-14,126.1588,126.6823,126.1359,126.3992,1019626
2011-09-15,126.3547,126.9040,126.1305,126.1305,729294
2011-09-16,126.4604,128.2609,126.4604,127.9163,1861917
2011-09-19,128.0840,128.4835,127.2650,128.4835,1298343
2011-09-20,129.3458,131.1661,129.3458,131.1661,2691999
2011-09-21,130.4203,130.4203,128.0543,128.6396,1859626
2011-09-22,128.8441,129.6140,128.7236,129.5439,1493753
2011-09-23,129.6537,130.0594,129.1074,130.0594,1334995
2011-09-26,129.9596,130.2515,128.4105,128.8003,1654945
2011-09-27,128.3626,128.3626,124.9213,124.9213,3748222
2011-09-28,124.2758,124.9335,122.5523,122.6570,1676102
2011-09-29,122.5627,123.3447,122.2892,122.2892,1242914
2011-09-30,122.4114,123.4668,121.4839,123.1300,1769201
2011-10-03,122.9519,122.9519,121.6647,121.7600,1907569
2011-10-04,121.9893,124.0021,121.8256,123.4458,2117193
2011-10-05,123.4262,123.7737,123.1639,123.3098,1042353
2011-10-06,123.1039,123.5414,120.6005,120.6005,2521303
2011-10-07,120.8013,121.9677,119.3948,121.9677,1327806
2011-10-10,121.8794,123.0192,121.2342,121.4472,1454514
2011-10-11,120.9490,121.3102,119.5941,119.5941,3808801
2011-10-12,119.4302,119.9899,117.6730,117.6730,2222006
2011-10-13,118.0064,119.4513,117.8979,118.9869,1939309
2011-10-14,119.1666,119.7977,118.8257,119.7977,1496204
2011-10-17,119.6445,120.8214,117.7087,117.8378,2109027
2011-10-18,118.0783,118.8526,117.7020,118.8526,2515078
2011-10-19,118.7690,118.9886,117.9931,118.5399,1910137
2011-10-20,118.6756,119.9473,118.1795,119.3410,1707296
2011-10-21,119.1783,119.1959,117.5178,117.5369,1780823
2011-10-24,117.6522,118.2867,116.9837,118.2867,2182808
2011-10-25,118.2576,119.2254,118.0154,118.0154,1132932
2011-10-26,118.0254,118.8010,117.9568,118.0828,1044853
2011-10-27,118.2980,119.2824,117.5979,119.2824,2482121
2011-10-28,119.3104,119.9796,119.2755,119.5472,1079614
2011-10-31,119.6988,120.8472,119.6988,120.8472,2115160
2011-11-01,120.6782,121.2611,118.9744,119.5368,2169200
2011-11-02,119.7925,121.9976,119.7925,121.9976,3303182
2011-11-03,122.0966,123.0613,122.0966,122.8950,1461641
2011-11-04,123.1123,124.1635,122.9935,123.6242,723124
2011-11-07,123.6783,125.0275,123.6783,124.6667,1804914
2011-11-08,124.6654,125.6743,124.2027,124.6626,789001
2011-11-09,124.5705,124.5705,122.6373,123.2432,1523060
2011-11-10,123.3874,125.0474,123.3874,123.7074,1240403
2011-11-11,124.0501,125.0309,123.9076,125.0309,1612311
2011-11-14,124.9921,125.2218,124.4065,124.6881,1184727
2011-11-15,124.3479,124.3479,122.4962,123.1351,1580677
2011-11-16,123.3113,124.4875,122.8322,124.0477,2053642
2011-11-17,124.3789,125.3197,123.6900,125.0018,1657840
2011-11-18,125.1505,126.4255,125.0187,126.4255,2854013
2011-11-21,127.5852,130.4198,127.5852,130.4198,1494055
2011-11-22,130.6987,132.6674,130.6987,131.7135,1974464
2011-11-23,131.8456,133.3716,131.8456,132.0972,1172920
2011-11-24,132.1534,132.4903,131.6799,132.3194,1003721
2011-11-25,132.3719,133.8611,132.3719,132.9436,1596779
2011-11-28,133.1373,133.5737,132.5711,133.5737,1051937
2011-11-29,133.7145,135.2097,133.1196,135.2097,1173175
2011-11-30,134.9188,134.9188,133.2444,133.9873,2012854
2011-12-01,133.6920,134.4163,133.1298,133.1298,1781100
2011-12-02,133.4724,135.5344,133.4724,135.5344,3306301
2011-12-05,134.5285,134.5285,131.8283,132.3767,2371566
2011-12-06,132.3649,132.4787,131.4466,132.3381,1688695
2011-12-07,132.2394,132.7404,131.5497,131.9406,1128305
2011-12-08,131.9045,132.2893,131.4407,131.7264,657426
2011-12-09,131.5545,131.5545,129.6978,129.6978,3115744
2011-12-12,129.9627,130.8413,129.5991,130.6817,1274096
2011-12-13,131.1979,132.6940,131.1979,132.6940,1721407
2011-12-14,132.6372,133.1419,132.0842,132.5215,1196968
2011-12-15,132.5849,132.7194,132.1112,132.7194,1660244
2011-12-16,132.8569,133.2293,131.8028,133.2293,1447873
2011-12-19,132.7535,132.7535,129.1725,129.5516,2707581
2011-12-20,129.7208,131.1935,129.7208,130.2004,2159673
2011-12-21,130.2414,130.7370,129.5954,130.4182,984942
2011-12-22,130.3584,130.3584,129.1087,129.5185,1018330
2011-12-23,129.5299,129.9317,129.1547,129.6663,1133905
2011-12-26,129.8651,130.4916,129.1965,130.4916,1607840
2011-12-27,130.6482,131.2576,130.4468,131.0375,1287696
2011-12-28,130.1559,130.4846,128.4362,128.4362,3185173
2011-12-29,128.3025,128.3025,126.0836,127.2046,1388013
2011-12-30,127.3522,129.9441,126.9006,129.9441,2925091
2012-01-02,129.8899,130.2664,129.4659,129.7837,792448
2012-01-03,130.4148,133.0906,130.3888,133.0906,2939354
2012-01-04,132.3262,132.3262,127.3950,129.9713,2347041
2012-01-05,130.0939,132.2467,128.1791,131.4995,1210384
2012-01-06,131.5049,133.5908,131.1870,131.5485,1194434
2012-01-09,131.4875,131.4875,127.9361,130.4628,1365294
2012-01-10,130.9801,132.0261,127.4298,132.0261,1543310
2012-01-11,132.0896,135.3349,131.5809,132.2444,866250
2012-01-12,133.2195,136.6552,131.3010,135.3716,1680697
2012-01-13,134.9847,135.4443,133.0895,133.0895,1655934
2012-01-16,133.7310,137.6531,133.7310,137.6531,1637290
2012-01-17,138.1468,139.7172,138.1468,139.7172,2692278
2012-01-18,139.6631,140.1197,139.1938,139.1938,919821
2012-01-19,138.8541,138.9788,137.7957,138.0409,1280606
2012-01-20,138.2001,138.7419,137.3792,138.5842,1020889
2012-01-23,138.7843,139.7367,138.2777,139.5925,1268098
2012-01-24,139.5822,140.6495,139.5097,139.5097,1592591
2012-01-25,139.9041,141.2358,139.3556,141.1652,1904006
2012-01-26,141.2429,141.8668,140.7404,141.8668,659027
2012-01-27,141.8418,141.8418,140.9621,141.3994,1538448
2012-01-30,143.0588,148.5010,143.0588,148.5010,1862077
2012-01-31,149.1649,157.0139,148.3762,150.8380,2195744
2012-02-01,150.7987,150.9831,149.4539,150.6915,2141450
2012-02-02,150.8938,152.4327,150.8938,152.1257,1770453
2012-02-03,152.0050,152.0050,150.9868,150.9868,2037372
2012-02-06,150.5516,152.0641,149.7190,149.7190,1963248
2012-02-07,149.8969,151.5584,149.8969,150.3094,1785218
2012-02-08,150.2760,151.5868,150.0321,150.2001,944414
2012-02-09,150.1095,150.1095,148.8702,149.9109,1707294
2012-02-10,150.3278,153.0524,150.3278,152.8777,2541994
2012-02-13,153.0635,154.0059,152.9316,153.6224,2298400
2012-02-14,154.0593,156.0271,154.0593,155.6195,3709859
2012-02-15,155.3128,156.0878,154.4628,154.5946,1585103
2012-02-16,154.7374,156.5485,154.0107,155.5115,1382734
2012-02-17,154.9341,154.9341,152.8832,152.8832,1807882
2012-02-20,152.8064,153.1806,152.0004,152.4576,1352416
2012-02-21,152.4655,152.7651,151.0604,152.5530,905860
2012-02-22,152.5494,154.2626,152.5386,152.5386,640360
2012-02-23,152.4815,152.4815,151.3399,151.9201,1332919
2012-02-24,152.4578,153.9038,152.1276,153.8216,2164228
2012-02-27,154.0119,154.4614,152.0540,154.4614,1824188
2012-02-28,154.5301,155.5271,153.4499,155.5271,1397370
2012-02-29,155.0063,155.4875,153.7294,153.7294,1768626
2012-03-01,154.1751,156.2956,153.3345,155.6654,1572915
2012-03-02,155.4625,155.4625,153.6665,154.5383,1211467
2012-03-05,154.6126,155.1470,154.1103,154.8960,1829268
2012-03-06,154.6687,155.0440,153.8688,153.9168,1553046
2012-03-07,154.8342,157.2817,154.5474,157.2817,2710713
2012-03-08,157.5751,158.9461,157.5751,158.4836,2185486
2012-03-09,158.6778,159.1963,158.3307,159.1567,1459806
2012-03-12,159.0267,159.0267,158.1822,158.6651,1475581
2012-03-13,159.1243,160.6164,158.8941,160.6164,1687763
2012-03-14,160.9817,162.8949,160.7141,162.5914,1746489
2012-03-15,161.7114,161.7114,159.7876,159.7876,2455666
2012-03-16,159.6986,159.9805,158.4931,159.3875,1355007
2012-03-19,159.4587,160.2195,159.4587,159.9937,1442012
2012-03-20,160.0402,160.1363,158.7615,160.1363,1249108
2012-03-21,160.5531,161.8926,160.4673,161.8926,1544607
2012-03-22,161.8667,162.3406,160.6132,161.8107,779404
2012-03-23,160.8330,160.8330,158.6346,158.6346,2182526
2012-03-26,158.1024,158.2400,156.4235,156.4235,2404929
2012-03-27,156.4586,157.4534,156.4033,156.8843,1108779
2012-03-28,156.9779,157.8281,156.7842,157.6503,2402704
2012-03-29,157.6771,158.7037,157.5084,158.1320,1253018
2012-03-30,158.2598,159.7334,157.8862,159.7334,2500389
2012-04-02,159.5550,159.6357,158.8617,159.0147,1182167
2012-04-03,159.3858,161.6307,159.3858,161.6307,3121415
2012-04-04,161.5659,161.8927,160.6757,160.6757,1088989
2012-04-05,161.1133,164.2535,160.6189,164.2535,1681609
2012-04-06,164.1738,165.1289,163.9000,163.9000,959228
2012-04-09,163.2031,163.4750,161.2828,161.3251,3235105
2012-04-10,161.8385,163.8087,161.8385,163.8087,2543777
2012-04-11,163.8210,164.2205,162.8157,164.0440,1475571
2012-04-12,164.2320,165.5239,163.2208,165.5239,2063148
2012-04-13,165.6459,167.0198,164.4709,166.7881,914319
2012-04-16,166.7742,168.0618,166.2578,166.7422,1309075
2012-04-17,166.1945,167.2046,165.0911,165.0911,2369972
2012-04-18,164.6915,164.7433,162.5924,163.3118,1658919
2012-04-19,164.0795,166.7496,164.0795,165.8181,2967326
2012-04-20,165.5785,165.5785,163.0546,163.4236,1798154
2012-04-23,163.2783,163.2783,161.8963,161.9717,1439522
2012-04-24,162.2029,163.3186,161.7733,163.0457,2641104
2012-04-25,162.8802,163.7500,161.4441,161.4441,2270443
2012-04-26,161.6568,162.7809,160.6820,162.6074,1375679
2012-04-27,162.3712,162.4270,161.1322,161.4010,1373396
2012-04-30,161.5044,163.2791,161.5044,162.6338,1429664
2012-05-01,162.6891,165.0983,162.5673,163.0085,1469708
2012-05-02,163.2616,165.8054,163.2616,165.8054,2812947
2012-05-03,164.8743,164.8743,161.3251,162.0647,3830199
2012-05-04,162.1050,162.3217,160.6183,162.3217,1180325
2012-05-07,162.0273,162.7927,159.9245,160.1811,1894941
2012-05-08,159.9037,159.9037,158.5570,158.5570,1271973
2012-05-09,158.4941,159.2289,158.0466,158.2472,1562360
2012-05-10,158.1219,159.1070,157.3854,157.3854,1054919
2012-05-11,157.2983,157.3829,156.4833,156.9724,2340104
2012-05-14,157.1792,158.1053,156.2305,158.0561,2013788
2012-05-15,157.7700,158.9079,157.0788,157.0788,1523453
2012-05-16,156.8410,158.1214,155.8427,155.8427,2019342
2012-05-17,155.9847,156.6830,154.7131,156.4162,1049603
2012-05-18,156.2704,157.0469,155.5481,155.7112,1264249
2012-05-21,155.7210,155.8863,154.3663,155.8290,910585
2012-05-22,155.9570,157.4350,155.9570,157.4350,2409390
2012-05-23,157.7724,159.1327,157.7724,158.4480,1390735
2012-05-24,157.9423,157.9423,155.8999,155.8999,2227404
2012-05-25,156.6337,158.0575,156.5836,158.0575,3472862
2012-05-28,160.6573,166.3212,159.2521,165.6293,2318867
2012-05-29,166.0444,167.9428,164.3692,167.9428,1475676
2012-05-30,167.5259,167.5259,163.3587,164.1630,1684478
2012-05-31,164.6466,168.9075,164.6466,167.9090,2186908
2012-06-01,168.2988,172.3233,167.7739,169.2985,1025546
2012-06-04,168.9946,171.3439,164.8942,168.2818,813763
2012-06-05,168.5715,171.8714,167.4963,169.2737,1226036
2012-06-06,169.1111,171.7011,166.5274,167.4049,1207070
2012-06-07,167.4158,169.2169,167.0096,167.4460,1655261
2012-06-08,167.5513,168.9541,165.0398,168.9541,2217669
2012-06-11,168.9751,170.6762,167.6386,169.0510,1253304
2012-06-12,170.6086,179.6796,170.6086,178.6802,1822025
2012-06-13,178.3240,179.9205,175.0995,177.6054,1212733
2012-06-14,176.4512,176.4512,171.4744,174.2255,1423507
2012-06-15,173.2201,177.0278,171.0986,171.0986,1339681
2012-06-18,171.4471,177.2815,167.5996,177.2815,2712606
2012-06-19,179.1053,185.7232,179.1053,185.1475,2552741
2012-06-20,186.2462,196.9229,186.2462,196.9229,2264889
2012-06-21,197.4815,199.2675,195.3605,199.2675,1263130
2012-06-22,199.0780,199.3503,197.7780,197.7780,1054196
2012-06-25,197.4180,197.4951,195.8573,196.1905,1793345
2012-06-26,196.5010,198.5256,195.2935,197.2798,1342052
2012-06-27,196.8952,196.8952,194.1604,195.4492,1285086
2012-06-28,194.5722,195.1022,192.2541,192.7489,2019868
2012-06-29,192.6579,192.6579,190.0125,192.3457,1259180
2012-07-02,193.3184,195.7618,193.3184,195.7618,3123467
2012-07-03,195.5891,195.5891,193.7437,194.4684,2137809
2012-07-04,194.2841,195.3408,191.4694,191.4694,2094082
2012-07-05,191.5065,191.8952,190.7717,191.7100,895471
2012-07-06,191.3690,191.7674,189.1167,189.6770,1621242
2012-07-09,190.0483,191.6898,190.0483,191.3325,1803272
2012-07-10,191.2333,191.2333,190.1749,190.8581,1622050
2012-07-11,191.1003,192.8882,190.9876,191.7973,1436445
2012-07-12,191.9413,193.2906,191.1169,192.2202,978416
2012-07-13,192.0449,192.0449,190.5714,191.2698,1381315
2012-07-16,191.5213,194.6539,190.7538,192.0162,1437592
2012-07-17,192.7541,194.5200,192.2614,194.2782,1905222
2012-07-18,194.1268,196.0145,193.2765,193.2765,1383572
2012-07-19,193.4403,195.3148,193.4403,195.3148,1332574
2012-07-20,195.4321,195.9055,194.8020,195.9055,1207857
2012-07-23,195.9036,196.7470,195.1481,195.8937,894556
2012-07-24,195.9817,196.3556,194.7775,196.1742,1446314
2012-07-25,196.5634,199.6445,196.5634,198.0413,2146375
2012-07-26,198.6594,199.9080,197.5472,199.9080,2316242
2012-07-27,200.3551,204.0974,200.3551,204.0974,3349149
2012-07-30,204.0173,204.9086,202.9540,203.7345,875636
2012-07-31,203.7780,205.6923,203.7780,203.8720,1694606
2012-08-01,203.0402,203.0402,200.6248,200.6248,2721287
2012-08-02,200.4566,200.6523,199.5050,199.7724,1475443
2012-08-03,199.5718,200.3356,197.7705,197.7705,2256486
2012-08-06,198.4898,201.3922,198.4898,200.5159,1897224
2012-08-07,200.0632,200.2895,198.9149,199.1118,1350437
2012-08-08,199.2041,199.7236,197.2015,199.5924,1509554
2012-08-09,199.3245,199.3245,197.6506,198.7570,1035459
2012-08-10,200.1012,202.7056,200.1012,202.7056,2675878
2012-08-13,202.6951,204.1075,201.6422,202.5682,1479738
2012-08-14,202.6512,203.8239,201.2353,202.8422,1360544
2012-08-15,203.0531,203.5117,201.7656,203.5117,1760126
2012-08-16,203.2076,203.2076,200.8685,201.6626,1760958
2012-08-17,202.1216,204.9172,202.1216,203.7728,2936029
2012-08-20,203.7877,205.0202,203.0692,204.0579,1204865
2012-08-21,203.9450,205.6613,203.1090,203.2149,1602842
2012-08-22,203.9710,205.4670,203.9710,205.4670,2463821
2012-08-23,205.5335,208.5639,205.5335,206.1514,1440359
2012-08-24,206.3512,207.4896,206.1758,207.4896,1511009
2012-08-27,207.2886,207.2886,204.9426,206.3838,1716904
2012-08-28,205.8669,205.8669,202.0852,202.0852,2703727
2012-08-29,201.6317,201.6317,198.5207,198.5207,2053352
2012-08-30,197.7013,198.4524,195.9296,195.9296,1507240
2012-08-31,196.0550,196.8657,195.5569,196.6623,1675793
2012-09-03,196.3929,196.8787,194.4031,194.7112,1886183
2012-09-04,194.8775,195.8407,194.7531,195.6194,2021662
2012-09-05,195.8831,197.7072,195.0407,197.7072,2215425
2012-09-06,197.7888,198.1956,196.3846,197.9737,963124
2012-09-07,199.7653,203.4047,198.7509,203.4047,5538969
2012-09-10,203.3487,204.0939,202.7982,202.9960,1310883
2012-09-11,203.0915,203.4208,201.9087,203.3326,1317881
2012-09-12,203.8947,205.2248,203.4337,205.2248,1826151
2012-09-13,205.3404,207.0492,205.1486,205.5609,958827
2012-09-14,204.8647,204.9268,203.0002,203.0002,1710854
2012-09-17,203.0368,203.4079,201.9656,203.2077,846413
2012-09-18,203.4493,204.4779,202.6875,203.9919,2384395
2012-09-19,203.4022,203.8001,200.4370,200.4370,2640706
2012-09-20,200.8992,202.1400,199.5885,201.9135,1804047
2012-09-21,202.3016,203.8775,202.3016,203.5238,1505143
2012-09-24,203.2069,203.2069,201.6980,201.6980,1288417
2012-09-25,201.4277,201.6321,200.0496,200.0496,1028501
2012-09-26,200.0868,201.6420,200.0868,200.3282,1143402
2012-09-27,200.4464,203.2699,198.7918,201.3667,1404272
2012-09-28,201.5597,202.9352,197.0120,201.9326,918512
2012-10-01,202.3729,209.8719,202.3729,208.3925,2038543
2012-10-02,208.4140,210.3478,204.8005,208.6621,1471951
2012-10-03,208.6124,216.8142,207.2609,208.0960,1058864
2012-10-04,209.0479,213.0716,209.0479,211.2259,1780856
2012-10-05,208.9026,208.9026,201.1262,204.0163,1763764
2012-10-08,205.1840,211.4901,202.2555,209.8306,1647399
2012-10-09,208.1883,212.9266,205.0830,205.0830,1354091
2012-10-10,204.9915,204.9915,200.8195,204.4374,1660275
2012-10-11,204.3637,207.5597,202.9373,203.9882,1488178
2012-10-12,203.3713,204.9365,197.7283,199.7513,1707915
2012-10-15,198.4238,198.7730,192.2322,192.2322,2428648
2012-10-16,192.6161,197.9488,192.6161,197.9488,1568627
2012-10-17,197.4171,203.6545,193.1904,193.1904,1462558
2012-10-18,192.6738,194.8731,188.7383,190.2175,1912882
2012-10-19,189.5697,189.5697,178.4056,178.8384,2538015
2012-10-22,176.7188,177.7942,171.8827,171.8827,1853803
2012-10-23,171.2270,171.2270,165.8634,168.7701,1666871
2012-10-24,168.2778,168.4028,165.0258,167.0702,1569251
2012-10-25,167.5176,170.1079,164.1786,170.1079,1302974
2012-10-26,171.0391,177.6287,169.1109,177.6287,1442185
2012-10-29,177.2769,179.0527,172.4270,172.5356,1191707
2012-10-30,172.5092,173.6224,171.5557,172.4176,1559511
2012-10-31,171.5983,173.1033,167.9613,169.8412,1442254
2012-11-01,170.4306,175.0228,170.4306,174.5607,1821705
2012-11-02,174.7828,179.5478,174.7828,178.5991,2238287
2012-11-05,178.4286,182.8043,177.1188,177.1188,643994
2012-11-06,176.9766,178.5182,173.3345,176.5303,1390679
2012-11-07,174.7531,175.2112,163.7420,171.1760,1838523
2012-11-08,171.4690,174.4811,168.8856,173.2913,2180239
2012-11-09,173.1837,178.0065,172.8801,172.8801,2059263
2012-11-12,170.2304,172.0703,163.3444,163.3444,2382386
2012-11-13,163.7778,170.5466,163.7325,167.6518,1658657
2012-11-14,166.6422,166.6422,160.4474,163.9116,1288998
2012-11-15,165.7912,172.0020,165.7912,171.5424,2743531
2012-11-16,173.5555,181.6749,172.9482,181.6749,2369405
2012-11-19,182.3145,194.3171,181.6269,184.1097,1307108
2012-11-20,180.7490,180.7490,166.3042,166.5447,4032788
2012-11-21,165.3089,165.3089,159.9691,162.9661,1707963
2012-11-22,161.4949,161.4949,155.7715,157.9862,1145568
2012-11-23,158.0287,158.8708,157.8009,158.5130,874306
2012-11-26,159.5756,162.4555,158.9028,162.1010,3841539
2012-11-27,162.8582,164.9135,162.8582,164.9135,1766454
2012-11-28,165.1374,166.9169,163.6352,166.9169,1914218
2012-11-29,166.7895,167.7891,165.9690,166.1490,829583
2012-11-30,165.8774,166.7961,164.7717,164.7717,1571254
2012-12-03,164.7446,164.7446,159.6404,164.6623,942768
2012-12-04,164.6668,166.1898,164.1371,164.6846,832702
2012-12-05,165.1909,175.0468,165.1909,174.6559,3867676
2012-12-06,174.3625,174.3625,171.5077,173.5049,1333046
2012-12-07,173.5133,175.7173,169.8116,173.5405,975927
2012-12-10,173.0872,173.4667,171.6914,172.2344,1340951
2012-12-11,172.2333,173.1942,171.6480,172.2138,959726
2012-12-12,172.5003,173.5729,172.5003,173.5729,2333934
2012-12-13,173.3249,173.3249,170.3139,170.3139,1832867
2012-12-14,170.4419,172.0987,170.0083,172.0938,1286778
2012-12-17,173.1769,176.9031,173.1769,176.9031,2093967
2012-12-18,176.9580,178.0611,176.2019,177.2174,1033839
2012-12-19,176.1854,176.7822,173.8861,173.8861,2914708
2012-12-20,173.4220,173.4220,171.0915,172.1340,2388545
2012-12-21,172.4699,174.4547,172.2368,173.3496,2166424
2012-12-24,173.2381,173.2381,171.5233,172.5522,1749823
2012-12-25,172.5999,173.3164,172.1226,172.8340,824941
2012-12-26,173.2127,174.6316,172.3873,174.6316,1772864
2012-12-27,174.9774,177.0546,174.6434,177.0546,2255324
2012-12-28,177.1513,178.7628,176.6764,177.4248,1204473
2012-12-31,178.1243,187.9345,176.7015,187.9345,2210904
2013-01-01,184.9490,184.9490,173.0371,173.0371,3121589
2013-01-02,174.3340,178.0394,173.1007,178.0394,2167669
2013-01-03,178.2758,179.4276,178.2758,179.4276,1466444
2013-01-04,179.5345,181.4123,178.9601,180.5254,1090429
2013-01-07,180.7025,182.0458,180.7025,181.5047,1303503
2013-01-08,181.4838,182.9848,181.2467,181.2861,1284965
2013-01-09,182.2020,184.6360,181.6851,184.6360,1733943
2013-01-10,184.6165,184.7220,183.1453,184.4778,1048229
2013-01-11,184.5570,185.6834,183.8056,184.8607,1128863
2013-01-14,185.8643,188.0787,185.8643,187.9911,2562259
2013-01-15,188.0709,188.8555,186.2244,188.5185,1259448
2013-01-16,187.9626,189.0825,185.3300,185.3742,2046038
2013-01-17,185.1945,185.7317,183.9387,184.1635,879732
2013-01-18,184.2470,185.9577,184.1664,185.7428,1549682
2013-01-21,185.6806,185.6806,183.2810,185.0368,1535044
2013-01-22,184.6892,185.4287,183.5368,183.5368,1924362
2013-01-23,183.4212,183.4212,181.6676,182.1586,1589356
2013-01-24,182.1437,183.5507,181.9620,182.1000,1335066
2013-01-25,180.9498,180.9498,177.7871,178.5561,2070911
2013-01-28,178.5311,178.8267,178.0809,178.4771,785997
2013-01-29,178.5620,180.0525,178.5620,179.2071,1140421
2013-01-30,179.2136,180.3032,178.9459,179.2368,700046
2013-01-31,179.1292,179.6596,177.8605,178.4517,1376787
2013-02-01,178.3087,178.8877,177.8070,178.0123,1120390
2013-02-04,178.1181,179.8866,178.0184,179.7728,1795698
2013-02-05,179.6444,179.6444,178.2308,179.2242,1040428
2013-02-06,179.1140,179.1382,177.1899,177.5557,2650097
2013-02-07,177.9227,179.1775,177.9227,178.6923,1192475
2013-02-08,178.7700,179.6589,178.7700,179.2958,1365867
2013-02-11,179.3577,180.2125,178.8509,180.2125,1367974
2013-02-12,179.9115,180.7704,179.2725,179.2725,1674463
2013-02-13,178.5256,178.5256,176.3763,176.6316,2986370
2013-02-14,176.8381,178.6604,176.5698,178.6604,2040112
2013-02-15,178.8622,180.2662,178.4380,179.9877,1981786
2013-02-18,180.4322,181.4778,179.6150,181.4778,1786282
2013-02-19,181.9933,183.5865,181.9933,183.5865,1667580
2013-02-20,183.6057,183.9214,182.9308,183.8131,1244469
2013-02-21,183.6343,183.6343,181.4717,181.4717,2157591
2013-02-22,181.4783,183.7877,181.3470,181.5493,1029644
2013-02-25,181.6402,181.9652,180.7935,181.9529,1584685
2013-02-26,181.8866,182.8435,180.4943,181.6544,1960823
2013-02-27,181.2493,181.3421,180.1686,180.2744,2309575
2013-02-28,180.6764,182.3449,180.6764,182.0274,968505
2013-03-01,181.5865,182.6261,179.7680,180.0019,2185305
2013-03-04,179.6985,180.5100,177.9671,178.4559,1980228
2013-03-05,178.5464,180.7661,178.5464,180.1969,1604733
2013-03-06,180.0876,181.0274,178.1699,179.5975,1303766
2013-03-07,179.3244,179.5311,178.0552,178.0552,2034860
2013-03-08,178.0303,178.8621,177.6788,177.6788,1530142
2013-03-11,177.3008,177.3008,173.8328,173.8537,2487217
2013-03-12,173.9439,175.0141,173.5109,174.8787,1552067
2013-03-13,175.0062,177.1126,174.7177,176.3036,1694840
2013-03-14,176.1917,176.9159,175.4259,175.5533,1008061
2013-03-15,175.3814,175.3814,173.8441,174.6904,1469339
2013-03-18,174.3522,174.3522,172.2092,172.7535,1377724
2013-03-19,171.9398,171.9398,170.1613,170.1613,2464999
2013-03-20,169.9838,169.9838,168.4507,168.4507,2871425
2013-03-21,168.4058,169.5800,167.4091,168.0042,1145455
2013-03-22,168.4097,171.3910,168.4097,171.3787,2572186
2013-03-25,171.6977,173.1211,171.6977,172.4768,1515536
2013-03-26,172.4553,173.3412,172.1114,172.3833,1132295
2013-03-27,172.0161,173.0395,170.4281,170.4896,2599876
2013-03-28,170.4018,170.6791,168.8484,170.0919,1640056
2013-03-29,170.2249,171.2396,169.6172,171.0299,857112
2013-04-01,170.5803,170.5803,168.7135,169.6336,1419888
2013-04-02,169.6926,170.1046,169.3346,170.0826,852654
2013-04-03,170.0657,171.7593,169.9527,169.9527,814784
2013-04-04,168.9746,168.9746,166.7013,166.7013,3551057
2013-04-05,166.9257,167.6089,165.0952,167.6089,1251800
2013-04-08,168.1851,171.0669,167.9323,171.0669,2064310
2013-04-09,170.8072,171.1990,169.4071,169.4071,1844334
2013-04-10,169.5235,170.7851,168.9108,170.4048,1817147
2013-04-11,170.3600,170.3760,169.6392,169.7630,1306412
2013-04-12,169.0764,169.0764,167.5185,167.5185,1882973
2013-04-15,167.1836,168.2846,166.2430,166.2430,1778241
2013-04-16,166.1430,166.9764,165.6422,165.6574,1412454
2013-04-17,165.5516,166.1094,164.2872,165.1128,1221361
2013-04-18,165.0631,165.0631,163.4835,164.2584,1925821
2013-04-19,164.4140,164.7304,163.8657,164.7212,1159781
2013-04-22,164.8490,165.9746,164.2363,165.9746,1330469
2013-04-23,166.0660,167.0455,166.0660,166.6724,1227260
2013-04-24,166.8058,168.8510,166.8058,167.3937,1182745
2013-04-25,166.9249,166.9249,164.9641,164.9641,1843008
2013-04-26,164.8019,164.8019,163.4460,164.4895,1397720
2013-04-29,164.4961,165.6865,164.4961,164.5259,924661
2013-04-30,164.5772,165.4791,164.5377,165.1296,1517525
2013-05-01,165.8888,169.4462,165.8888,167.9635,2461766
2013-05-02,168.0353,169.4722,166.5394,168.8816,1311554
2013-05-03,169.0950,171.9298,169.0950,169.9343,1286400
2013-05-06,170.1158,171.2233,170.1158,170.8230,2206917
2013-05-07,171.0043,171.9115,171.0043,171.5352,1291640
2013-05-08,172.0771,173.1502,172.0771,173.1502,2231340
2013-05-09,173.2769,174.8118,173.2769,174.3469,1453669
2013-05-10,173.9989,174.6654,172.6975,172.6975,2095799
2013-05-13,173.1627,174.5252,173.1627,174.5252,1480553
2013-05-14,173.8816,173.8816,169.3760,169.3760,4033975
2013-05-15,169.3146,169.3146,167.6821,168.8986,1983123
2013-05-16,169.1683,170.0519,168.3863,170.0519,1364330
2013-05-17,170.1173,172.0245,169.2585,170.3079,1089767
2013-05-20,170.8099,172.0523,170.8099,172.0523,1506766
2013-05-21,172.1521,174.8631,172.1521,172.6999,1404750
2013-05-22,172.6635,173.8152,171.9210,172.2649,1447148
2013-05-23,172.0691,172.2819,168.4095,168.4095,1531404
2013-05-24,168.4515,169.0727,168.1671,168.8677,1233784
2013-05-27,169.0828,170.8309,169.0472,170.5242,2564074
2013-05-28,170.7216,172.6435,170.7216,171.4904,2280339
2013-05-29,171.1664,171.1664,167.9887,167.9887,3208548
2013-05-30,168.4726,170.9187,168.4726,169.4398,1396297
2013-05-31,168.9310,168.9310,166.8727,167.9546,2438007
2013-06-03,168.5158,169.9087,168.3227,169.6343,1827161
2013-06-04,169.5900,170.0637,168.7098,169.4917,894711
2013-06-05,169.3093,170.1542,167.8297,167.8297,2228707
2013-06-06,167.9353,169.0503,167.8267,168.3606,833625
2013-06-07,167.9699,168.6348,166.7808,166.7808,1270769
2013-06-10,166.4413,166.4413,164.4214,164.4714,2220735
2013-06-11,164.8493,165.6499,164.7794,165.6499,2943318
2013-06-12,166.0449,169.0014,166.0449,167.4287,2435634
2013-06-13,168.2648,170.7641,168.2648,170.7641,2380176
2013-06-14,170.5949,171.8739,169.4781,169.4781,1894649
2013-06-17,169.7006,170.3659,168.7019,170.3659,1718734
2013-06-18,170.2428,170.2428,167.9938,169.6186,1540337
2013-06-19,169.4136,169.6429,167.5301,167.5684,1661626
2013-06-20,168.3055,170.5042,168.3055,170.5030,2890336
2013-06-21,170.6509,171.7473,170.6509,171.7473,1231876
2013-06-24,171.9324,173.7421,171.9324,172.8960,1652694
2013-06-25,173.1046,174.1963,173.1046,173.5986,1591922
2013-06-26,174.4023,176.3370,173.1203,176.3370,1852894
2013-06-27,176.4562,177.9055,175.8797,177.4194,1549781
2013-06-28,177.3733,178.7641,176.9573,176.9573,1619249
2013-07-01,176.8813,178.0801,176.7320,176.7320,1684520
2013-07-02,176.5775,178.1444,175.8530,175.8530,1795181
2013-07-03,175.8962,176.4823,175.0648,176.4823,1388638
2013-07-04,176.4394,177.1574,175.6724,175.9184,1544916
2013-07-05,176.3231,177.4797,175.5158,177.4797,1891714
2013-07-08,177.3185,178.3410,176.8454,176.8744,1841807
2013-07-09,176.9474,177.9372,176.1259,177.5590,1096104
2013-07-10,178.5705,180.6726,177.8741,180.6726,3453656
2013-07-11,179.9239,181.0381,178.4192,178.4192,2623889
2013-07-12,178.0235,178.9803,177.2378,177.2378,1760589
2013-07-15,177.5035,180.5623,177.5035,180.3370,3531343
2013-07-16,180.4442,183.8258,180.4442,182.2836,2260996
2013-07-17,182.2074,183.4708,181.1271,181.1271,1589618
2013-07-18,180.9594,181.7619,179.6314,179.6314,2008468
2013-07-19,180.0285,183.8176,180.0285,182.0585,2181473
2013-07-22,182.5165,184.2251,182.5165,184.2251,2344240
2013-07-23,184.2687,185.9276,183.4143,184.7880,1281063
2013-07-24,184.9608,185.7985,184.2702,185.7580,2128437
2013-07-25,185.6786,186.8750,184.5635,184.5635,1339279
2013-07-26,184.3458,184.7087,182.1042,182.1042,2322975
2013-07-29,181.8369,183.7716,180.5994,180.5994,2339989
2013-07-30,180.3168,180.6428,179.6783,179.7340,1615633
2013-07-31,179.8562,180.5637,179.3819,180.1072,1036219
2013-08-01,179.3303,179.3303,174.9436,175.3130,3695544
2013-08-02,175.3524,175.8168,174.6312,175.8092,1528911
2013-08-05,175.7945,176.3154,175.0009,175.7541,1444692
2013-08-06,175.9098,178.8716,175.9098,177.0869,1574633
2013-08-07,177.6551,179.5525,177.6551,179.2068,2065627
2013-08-08,179.3963,180.0725,178.2445,179.9223,1357913
2013-08-09,179.7353,179.7353,178.3400,179.1737,1462040
2013-08-12,179.2727,180.5916,178.7192,180.5916,1680108
2013-08-13,180.4869,180.8872,179.1644,179.5414,1674950
2013-08-14,179.9458,181.3948,179.7380,181.3948,2178329
2013-08-15,181.8002,184.4564,181.3772,184.3920,2827084
2013-08-16,185.0848,186.8902,184.9535,186.5111,1085295
2013-08-19,187.0659,189.2201,186.5469,188.9756,1783721
2013-08-20,188.9808,189.3137,187.4771,188.9929,1204941
2013-08-21,189.1287,189.8074,188.7902,189.6205,1631201
2013-08-22,189.5097,189.5097,187.9299,188.7993,1508046
2013-08-23,188.3463,188.3463,186.3762,187.1154,1390468
2013-08-26,187.4387,188.1014,185.8164,188.1014,1356216
2013-08-27,188.2142,189.4966,186.7751,189.0051,1455806
2013-08-28,189.5620,190.9913,189.5620,190.7171,1144733
2013-08-29,190.6446,190.6446,189.6657,190.5053,1056576
2013-08-30,190.8148,192.2580,190.8148,191.7822,2420743
2013-09-02,190.8780,190.8780,188.6484,189.0712,1895628
2013-09-03,189.6812,191.4105,188.4006,191.4105,2046758
2013-09-04,191.5356,192.5986,191.3380,192.1767,1192663
2013-09-05,191.5787,191.5787,189.9922,189.9922,1947505
2013-09-06,189.9779,190.9181,189.8872,189.9457,1361642
2013-09-09,190.3073,191.0711,189.8847,190.9859,1711732
2013-09-10,190.0586,190.1456,188.3412,188.3412,1578922
2013-09-11,188.1310,188.9616,187.5756,187.7284,1376482
2013-09-12,188.1183,188.8573,186.1618,188.8573,1233856
2013-09-13,188.6484,189.4538,186.7344,187.6198,2212719
2013-09-16,187.9003,189.3549,187.7887,188.7540,1201245
2013-09-17,188.6256,190.3098,187.9316,187.9316,1804988
2013-09-18,187.7476,187.7875,186.7044,187.2136,1279275
2013-09-19,187.1376,187.2204,185.0958,186.9874,867891
2013-09-20,186.9539,188.2979,186.6062,186.6339,948130
2013-09-23,186.9958,188.6235,186.9958,188.5797,2644478
2013-09-24,188.5524,189.4039,186.3150,188.3893,739683
2013-09-25,187.8421,187.8898,186.2650,186.2650,2756514
2013-09-26,185.5560,186.9058,184.1162,184.1162,1774253
2013-09-27,184.1836,185.9067,184.1836,185.4612,3011767
2013-09-30,186.2306,191.6172,186.2306,188.9316,2470332
2013-10-01,188.7410,188.7410,186.1692,187.6325,2519963
2013-10-02,187.2949,187.2949,185.1685,185.3365,1488268
2013-10-03,185.5879,188.6517,185.5879,187.7169,2323488
2013-10-04,188.1831,190.0821,187.8200,189.0534,2086768
2013-10-07,188.8366,189.8213,186.0892,186.0892,2333227
2013-10-08,186.3576,187.8099,186.3576,187.2615,748143
2013-10-09,187.3287,188.4802,185.7819,188.4802,1388617
2013-10-10,188.9591,190.5338,188.0293,190.5338,2719254
2013-10-11,191.0543,192.1181,189.9737,192.1181,2255756
2013-10-14,192.7368,195.5953,192.2047,195.5953,3306426
2013-10-15,195.7357,196.7095,195.4024,196.2373,1254706
2013-10-16,195.7679,196.2613,194.0095,194.0095,3247463
2013-10-17,194.2119,196.4183,193.8180,195.6476,1815725
2013-10-18,195.4399,197.1472,194.9894,194.9894,1450444
2013-10-21,195.0456,195.8349,193.4276,195.8349,1157566
2013-10-22,195.3614,195.3614,191.2343,191.2343,2489313
2013-10-23,191.1746,191.1746,189.7059,190.4330,1234395
2013-10-24,190.1616,190.1616,186.3375,186.3375,2589837
2013-10-25,186.9312,188.5101,186.3148,188.2125,1627226
2013-10-28,188.5310,190.3527,187.6479,189.4318,1707374
2013-10-29,190.0036,192.6624,190.0036,191.7907,2194515
2013-10-30,191.5189,191.5189,189.4624,190.4582,1632816
2013-10-31,190.8325,192.3981,190.2799,192.3981,2139986
2013-11-01,192.2526,192.2526,189.9844,190.9736,1608489
2013-11-04,190.9404,190.9404,189.2677,190.8533,2409966
2013-11-05,190.7201,190.7201,188.6876,189.5032,1380404
2013-11-06,189.2210,189.7193,186.5296,186.5296,1878046
2013-11-07,186.7201,188.5073,186.7201,187.1422,1636724
2013-11-08,187.3197,189.0177,186.0542,189.0177,2025400
2013-11-11,189.3320,191.3990,189.3320,190.6997,1974494
2013-11-12,190.4360,190.8168,189.6284,189.8060,1458766
2013-11-13,189.6269,189.6269,187.4819,188.9362,1225230
2013-11-14,188.8298,189.2903,187.0147,187.0147,2907086
2013-11-15,187.6814,189.7361,187.6814,189.2736,1971865
2013-11-18,188.7858,189.5396,185.2583,186.6564,2191862
2013-11-19,187.3961,189.9545,187.3961,189.9545,1580777
2013-11-20,190.3911,192.2833,190.3911,192.1743,1783832
2013-11-21,192.3510,193.5435,191.6121,192.9030,1091638
2013-11-22,193.1803,193.9295,192.2993,193.9295,1447866
2013-11-25,193.8904,193.9672,192.9328,193.5211,1564173
2013-11-26,193.4054,193.4054,191.5834,192.8691,985174
2013-11-27,192.7866,194.0873,191.6365,191.6365,2495176
2013-11-28,191.2968,191.2968,188.5496,188.9161,3012139
2013-11-29,188.8430,189.2745,187.6204,188.0200,1712887
2013-12-02,187.9097,188.1575,185.9525,185.9852,1988819
2013-12-03,185.3824,185.3824,183.4455,183.8538,1991010
2013-12-04,184.2086,187.9726,184.2086,187.0853,1887965
2013-12-05,187.0273,187.7008,186.8117,186.8986,957438
2013-12-06,186.2596,186.2596,184.6841,184.6841,2006498
2013-12-09,184.1133,184.1133,182.3405,182.3493,2485476
2013-12-10,182.1566,182.5274,180.3901,180.3901,1819023
2013-12-11,180.1167,180.7890,179.5659,179.5868,1083361
2013-12-12,179.7360,180.4537,179.0562,180.4537,1285425
2013-12-13,181.3256,184.1715,180.6401,184.1715,4357756
2013-12-16,184.1052,184.4284,182.8451,183.7591,1694620
2013-12-17,183.3472,183.6137,182.5806,182.5806,2012574
2013-12-18,182.4380,182.4380,180.1862,181.5857,1031609
2013-12-19,181.3766,182.0695,180.3976,180.9629,1508915
2013-12-20,180.6194,180.8617,178.4202,178.4202,3053585
2013-12-23,178.3818,179.0434,178.1565,178.1936,1418640
2013-12-24,178.1609,178.1609,175.8985,177.9034,1255397
2013-12-25,177.9819,179.6066,177.4284,178.3183,961945
2013-12-26,178.5546,180.7387,177.5022,179.5870,3237355
2013-12-27,179.4878,180.2514,178.2406,178.9570,1579535
2013-12-30,178.8096,179.9376,177.6583,177.6583,1748617
2013-12-31,177.4758,177.9971,174.5414,175.1860,1684912
2014-01-01,175.7740,178.5252,175.7740,177.6993,1936332
2014-01-02,177.1851,177.4841,175.8524,175.8524,2313622
2014-01-03,175.8784,176.4329,175.8784,175.9944,1281677
2014-01-06,175.8529,175.8529,173.9743,175.2731,1476494
2014-01-07,175.2471,176.1042,173.5657,175.1606,1886434
2014-01-08,175.2350,176.1436,175.2076,176.0062,1036908
2014-01-09,175.5286,175.5286,172.7238,174.5863,1782073
2014-01-10,174.4474,174.8458,172.8891,174.0928,2173519
2014-01-13,174.2393,176.2872,174.2350,176.2872,1845605
2014-01-14,176.6810,178.1611,176.6365,177.7309,1698414
2014-01-15,177.5292,178.6358,174.9506,175.8031,2577186
2014-01-16,175.8616,176.0251,174.5910,176.0251,1160577
2014-01-17,175.9018,176.2219,174.8045,175.2550,2015099
2014-01-20,175.5122,177.5787,175.5122,177.3499,2393167
2014-01-21,176.6984,176.6984,175.1691,175.1691,1677854
2014-01-22,175.2116,177.1358,175.2116,175.3380,1207902
2014-01-23,175.4839,176.9216,175.4699,175.8499,1661689
2014-01-24,175.7511,175.7511,172.8713,173.9103,1620310
2014-01-27,174.4475,176.1779,174.4475,176.1779,1768755
2014-01-28,176.2249,176.3560,174.9172,176.3260,891017
2014-01-29,176.5702,177.6173,176.5702,177.3448,2200297
2014-01-30,177.3157,178.9919,176.1959,176.9138,1265788
2014-01-31,176.9495,177.7867,176.9495,177.1937,1413055
2014-02-03,177.0699,177.1285,175.4037,176.6225,1478358
2014-02-04,176.6224,177.9305,176.5987,176.6204,1138227
2014-02-05,176.4545,176.4545,174.5367,175.7813,2085707
2014-02-06,175.7853,176.1988,175.0572,175.7961,1107494
2014-02-07,175.9240,177.0897,175.9240,176.6130,1466988
2014-02-10,176.5962,177.0078,175.8830,176.5069,687533
2014-02-11,176.8963,179.4422,176.8963,178.6794,2986387
2014-02-12,178.5408,179.5591,177.1151,178.1378,1400423
2014-02-13,178.3687,180.2337,178.3687,179.4398,3048447
2014-02-14,179.3131,179.8448,178.8531,178.9062,1477721
2014-02-17,179.6056,181.4165,179.5999,181.4165,2577008
2014-02-18,181.5370,182.8577,181.2211,182.8577,2362113
2014-02-19,182.9886,183.8199,181.5454,183.8199,2174872
2014-02-20,183.9203,184.4121,182.9175,184.1649,1755642
2014-02-21,183.9854,184.2305,183.3312,183.4050,1931153
2014-02-24,183.2184,183.2359,182.0152,182.8121,2390754
2014-02-25,183.1382,184.2092,182.5802,184.0868,1323393
2014-02-26,184.3945,186.7035,182.6090,186.0483,1866246
2014-02-27,186.2368,186.9096,185.1056,186.8381,1802973
2014-02-28,187.3749,188.5925,187.3220,188.5925,2013723
2014-03-03,187.7823,188.8020,185.0462,185.5809,1735278
2014-03-04,185.8057,187.2265,185.1703,186.8770,1427077
2014-03-05,187.0560,187.4850,185.9289,187.4850,1830558
2014-03-06,186.9964,187.2643,185.0330,185.8286,2733619
2014-03-07,185.6519,185.6519,182.0718,182.7389,2168223
2014-03-10,183.6530,186.8376,183.6530,185.7023,2708392
2014-03-11,185.1317,185.9256,183.8552,183.8552,2535298
2014-03-12,183.5176,183.7402,181.1840,181.1840,2831889
2014-03-13,181.6344,183.3631,180.7548,183.3631,3530663
2014-03-14,182.9256,182.9354,179.1745,180.2839,2354695
2014-03-17,180.7135,181.7690,180.6526,181.7690,1346647
2014-03-18,181.8813,183.7439,180.8840,182.7000,1375102
2014-03-19,182.8151,183.3188,182.4287,183.0677,1081946
2014-03-20,182.5383,182.5383,178.6973,179.8719,3457363
2014-03-21,179.7872,179.7872,177.7455,178.6277,1721668
2014-03-24,178.8443,181.3275,178.8443,180.3640,3586562
2014-03-25,180.3620,181.6024,180.3039,180.3533,1031399
2014-03-26,180.7960,183.1878,180.7960,183.1878,2372433
2014-03-27,183.1700,183.5645,182.2079,183.0380,1259746
2014-03-28,183.1010,184.4232,183.0411,183.3554,1489771
2014-03-31,183.0991,183.0991,181.3679,181.9174,2011497
2014-04-01,181.6895,181.8243,179.8226,179.8226,2036878
2014-04-02,180.0383,182.0800,180.0383,180.5434,1833151
2014-04-03,180.9238,183.8916,180.9238,183.8916,3591725
2014-04-04,183.6854,183.6854,182.3143,182.6289,2972396
2014-04-07,182.8737,183.9972,181.9955,183.7924,1405526
2014-04-08,183.9562,185.6901,183.8630,185.3044,1555175
2014-04-09,185.1951,185.1951,182.7878,183.6869,1424504
2014-04-10,183.8348,185.2127,183.8228,184.5842,1673927
2014-04-11,184.6819,187.4105,184.6819,185.7111,1006691
2014-04-14,186.7420,191.2516,186.7420,189.5110,1009560
2014-04-15,188.8521,188.8521,176.3047,179.8355,2102719
2014-04-16,177.3031,177.3031,168.0324,168.0324,3668857
2014-04-17,165.0669,165.0669,157.1187,158.2591,1759142
2014-04-18,158.4706,163.6612,157.0796,159.0412,1379087
2014-04-21,157.8607,161.4093,154.9700,154.9700,1329555
2014-04-22,154.1046,154.1734,150.0763,151.8052,1915865
2014-04-23,151.9670,153.5392,151.9670,152.9724,1320672
2014-04-24,153.4282,154.5998,152.7038,154.5998,1840031
2014-04-25,154.6417,155.1007,153.7882,154.7303,1228728
2014-04-28,155.1356,156.4818,153.2916,156.4818,1702048
2014-04-29,156.7321,157.2362,155.3686,157.2362,1103267
2014-04-30,157.0807,157.0807,155.8823,156.6198,2072277
2014-05-01,155.3135,155.3135,151.2707,151.2707,2207904
2014-05-02,151.6918,153.3319,151.3963,153.3230,2923580
2014-05-05,153.1041,153.1041,149.9001,151.0997,1858754
2014-05-06,151.3765,153.7520,151.1510,153.7520,1500710
2014-05-07,153.8063,154.7675,152.9523,154.7675,2127098
2014-05-08,154.8792,155.9890,154.0628,155.1405,1410938
2014-05-09,154.6228,154.6228,152.4628,152.6834,1876577
2014-05-12,152.3091,152.3091,150.3366,150.3366,2987611
2014-05-13,150.5686,151.2743,149.3108,151.2743,2030528
2014-05-14,151.3540,152.5145,151.1275,151.9200,1491110
2014-05-15,152.1200,153.2445,152.1200,152.5367,1667847
2014-05-16,152.5442,152.6668,151.1508,152.6668,1819612
2014-05-19,152.6549,153.2127,152.6062,152.6062,1442956
2014-05-20,152.5959,152.9817,151.4815,152.5258,1420178
2014-05-21,152.8981,156.8066,152.8981,156.6069,3855540
2014-05-22,156.5222,156.5222,154.9825,155.1849,1720367
2014-05-23,155.2440,156.2554,155.0560,155.6071,1413424
2014-05-26,155.7049,156.7813,155.4497,156.5601,2013555
2014-05-27,156.3194,156.5330,155.6340,155.7016,965382
2014-05-28,155.5849,155.6899,154.3150,154.4924,1259424
2014-05-29,154.5604,155.5507,154.5604,154.8246,1343040
2014-05-30,155.4942,157.6916,155.4942,157.3175,1878359
2014-06-02,158.0801,160.0736,157.4378,160.0736,2866005
2014-06-03,160.1563,161.8758,160.1563,160.6579,1234142
2014-06-04,161.4023,163.3360,161.4023,163.0982,2257780
2014-06-05,163.5055,166.8288,163.3637,166.2912,2203585
2014-06-06,166.5630,168.0603,166.3571,167.8327,1484020
2014-06-09,167.9386,169.7427,167.9386,168.2168,2092879
2014-06-10,168.8586,170.7116,165.1276,170.7116,1883702
2014-06-11,173.3284,180.4847,172.1163,180.4847,3418509
2014-06-12,181.0403,185.6747,181.0403,182.8099,1899754
2014-06-13,181.6413,182.6240,174.4837,174.4837,2226482
2014-06-16,174.6795,180.8926,174.6795,177.4224,1656656
2014-06-17,179.8386,189.3191,179.8386,189.3191,4410049
2014-06-18,188.6332,188.6332,181.9129,186.6067,1236658
2014-06-19,182.7473,182.7473,168.9886,168.9886,5082680
2014-06-20,168.3972,172.6986,165.9606,165.9606,2264056
2014-06-23,167.2049,169.7744,165.3961,169.6261,1527112
2014-06-24,170.6787,177.3737,170.4727,173.2153,2602210
2014-06-25,174.5005,179.4812,174.5005,177.1287,1736336
2014-06-26,177.1812,182.1669,177.0188,178.0521,1045018
2014-06-27,178.1021,180.2709,178.1021,178.9690,1821895
2014-06-30,180.0673,182.9854,180.0673,182.9854,4308485
2014-07-01,182.7913,182.7913,180.2859,181.4915,2508331
2014-07-02,181.1198,182.2804,179.5053,180.2407,2480382
2014-07-03,180.2874,181.0690,178.7593,181.0690,1316002
2014-07-04,181.5401,182.9931,181.0641,182.9931,1919664
2014-07-07,182.9247,182.9247,181.1095,181.8675,2481393
2014-07-08,181.6990,181.6990,178.9100,178.9100,4064987
2014-07-09,178.6807,178.6807,176.8995,176.8995,1681245
2014-07-10,177.5003,179.5478,177.5003,179.5478,2270812
2014-07-11,180.0064,182.2149,180.0064,181.6785,2368155
2014-07-14,182.0384,183.5413,180.8277,183.1948,1843288
2014-07-15,183.5365,184.5108,183.3138,184.5108,1152535
2014-07-16,184.0113,184.2837,181.8405,182.9742,1489849
2014-07-17,182.7092,184.5247,181.7874,181.7874,1212467
2014-07-18,181.9426,183.0713,181.9426,182.3170,1523701
2014-07-21,181.8573,181.8573,180.6328,180.7890,2263581
2014-07-22,181.0424,182.4137,180.7854,182.2014,2551079
2014-07-23,182.2863,183.2107,182.2711,182.9782,2054002
2014-07-24,183.0262,183.9624,182.0095,183.2676,1148292
2014-07-25,184.2443,186.8469,182.0971,186.2743,3639983
2014-07-28,186.6339,188.7110,186.4896,188.5868,1338081
2014-07-29,188.7775,189.8934,188.7775,189.4858,1976874
2014-07-30,189.4437,189.6681,187.8102,188.9645,1549773
2014-07-31,189.2036,191.1524,189.2036,189.7847,1060817
2014-08-01,190.0781,191.1154,188.9481,191.1154,1148486
2014-08-04,190.8888,191.9536,189.2127,189.8415,2073295
2014-08-05,189.9717,190.2857,188.5060,190.2857,1369202
2014-08-06,190.5243,192.7875,190.2228,191.2197,1853089
2014-08-07,191.2971,192.6560,191.2971,192.0423,1613534
2014-08-08,192.0221,192.2523,191.4037,191.6403,1966273
2014-08-11,191.5327,191.8665,190.1027,191.3032,1180697
2014-08-12,191.5058,193.2351,191.5058,193.2351,2171383
2014-08-13,193.2300,194.5383,192.8882,193.2107,1029803
2014-08-14,192.9241,193.6429,191.2037,192.0087,1565860
2014-08-15,191.4842,192.5680,189.9950,189.9950,1905170
2014-08-18,191.1583,194.5611,191.1583,194.1667,2267599
2014-08-19,193.6335,193.6681,190.5366,191.1126,2851724
2014-08-20,191.8915,194.5704,191.1885,194.5704,2002656
2014-08-21,194.4764,196.2260,194.2547,194.2811,1625958
2014-08-22,194.2265,194.8734,193.1472,193.6879,1524354
2014-08-25,194.0912,195.5449,193.2461,195.5449,1644926
2014-08-26,195.7155,197.5619,195.7155,196.7293,1393451
2014-08-27,196.9990,199.4903,196.9990,198.5794,1554729
2014-08-28,199.2378,200.7251,198.8707,200.7251,3252518
2014-08-29,200.9563,202.5124,200.2001,201.6340,1261899
2014-09-01,201.8751,205.8923,201.8751,205.8423,2873739
2014-09-02,205.8728,206.3790,205.1809,206.3118,1615746
2014-09-03,206.2776,206.4335,205.3545,205.9263,1069427
2014-09-04,205.9664,206.6521,205.3862,206.0668,1194347
2014-09-05,205.7061,207.1874,204.8539,205.0109,1230957
2014-09-08,205.2962,207.3628,205.1766,207.3628,1716300
2014-09-09,207.2692,207.6211,205.9135,206.0864,1950398
2014-09-10,206.6163,209.0917,206.4147,209.0917,2947068
2014-09-11,208.8120,208.8760,207.6812,208.2658,1297237
2014-09-12,208.2085,208.5092,205.3967,207.9411,1383421
2014-09-15,207.9777,209.0503,207.9777,208.5411,1226231
2014-09-16,208.2943,208.7790,207.1347,207.7655,1246674
2014-09-17,207.3658,207.8149,206.1618,206.6243,1038080
2014-09-18,206.5821,208.4335,206.1650,206.3488,1554848
2014-09-19,206.3749,206.5843,205.0834,206.5843,1349481
2014-09-22,206.3874,207.0569,205.8112,205.8680,1273213
2014-09-23,206.9514,209.6539,206.4970,209.6539,2537673
2014-09-24,210.5706,214.2340,210.5706,213.5711,3000246
2014-09-25,213.5943,214.8354,213.1444,213.9678,1513937
2014-09-26,214.0583,215.2757,213.1925,215.2757,1054132
2014-09-29,215.5353,217.2077,215.5353,216.2134,1690085
2014-09-30,216.4509,218.5655,216.4509,216.9322,1282265
2014-10-01,216.8853,220.9672,214.8685,216.6929,914462
2014-10-02,220.1915,228.0362,218.2772,227.7578,2131619
2014-10-03,226.4132,230.6085,223.6989,223.6989,1265603
2014-10-06,218.7463,218.7463,207.2102,207.2102,2343574
2014-10-07,206.3570,206.7851,200.1450,200.1450,1956380
2014-10-08,202.1051,210.5472,199.1833,206.6156,1932512
2014-10-09,204.1812,204.1812,192.6560,198.1894,2507386
2014-10-10,197.5727,197.5727,187.8197,187.8197,3478927
2014-10-13,186.4200,186.4200,180.4601,180.5634,1705518
2014-10-14,181.8427,192.8500,181.8427,192.4187,4684659
2014-10-15,194.1713,204.1170,193.8739,202.1685,2708026
2014-10-16,201.1653,203.9942,198.0829,198.0829,1767786
2014-10-17,197.2187,197.9772,192.6802,195.2287,1844429
2014-10-20,192.8699,192.8699,184.3436,188.4762,3403718
2014-10-21,188.6061,189.3131,187.9497,189.3131,1120179
2014-10-22,188.3357,189.6414,181.4558,181.4558,2737625
2014-10-23,179.5931,180.5206,173.1565,173.1565,1680605
2014-10-24,172.4614,176.2035,170.6373,170.6373,1751819
2014-10-27,170.9815,174.7463,170.9388,174.7463,1941097
2014-10-28,172.9865,172.9865,166.8946,167.5120,2753743
2014-10-29,167.5524,170.8405,165.8968,168.2409,1280327
2014-10-30,168.8597,170.1851,166.0073,170.0809,1350142
2014-10-31,169.2347,169.4359,161.9696,162.2367,1867044
2014-11-03,161.9173,163.1283,158.8370,160.5136,1451572
2014-11-04,160.4913,164.3326,160.4116,160.4116,2260752
2014-11-05,159.8308,159.8308,154.9222,154.9222,2479952
2014-11-06,155.5178,159.2511,153.9358,156.8452,1566620
2014-11-07,155.7243,156.3492,150.9983,152.1106,2146232
2014-11-10,152.6067,154.6469,151.9105,153.9252,1492885
2014-11-11,154.4377,157.3711,152.8949,155.5780,1291831
2014-11-12,156.1524,157.7081,153.3174,157.7081,1530102
2014-11-13,156.7514,156.7514,150.2587,154.5970,2524211
2014-11-14,154.4446,157.2914,153.4932,153.9850,1051809
2014-11-17,155.2287,165.2741,155.2287,165.2741,2755587
2014-11-18,165.6387,172.0320,165.1410,172.0320,1890614
2014-11-19,172.1409,174.3476,171.3836,174.1116,1455104
2014-11-20,174.3631,175.9204,172.0673,175.9204,1291757
2014-11-21,175.6607,175.6607,168.7503,175.0836,1198282
2014-11-24,173.4608,174.9997,167.6725,169.1009,2024798
2014-11-25,171.5451,177.1487,170.1952,177.1487,2888692
2014-11-26,178.6589,185.1317,178.6589,185.1317,1908199
2014-11-27,183.9095,183.9095,178.4814,181.0100,1898588
2014-11-28,181.5333,184.5971,180.2468,183.1889,1086820
2014-12-01,181.4676,182.3124,177.0603,177.0603,1797081
2014-12-02,175.7022,179.1812,171.8852,172.4065,1454399
2014-12-03,172.6288,176.4281,171.0485,173.1394,1810467
2014-12-04,174.5156,178.3917,170.5987,177.1582,1682179
2014-12-05,177.1533,177.1533,172.1743,177.1276,1062806
2014-12-08,177.2490,179.1599,175.4620,179.1599,1451592
2014-12-09,179.1588,184.8078,179.1478,179.1478,1895969
2014-12-10,178.7695,180.5249,172.4182,172.4182,2099711
2014-12-11,171.0046,171.0046,162.3141,165.0351,1992357
2014-12-12,163.9245,165.7840,161.1448,161.1448,1742493
2014-12-15,161.2450,163.7355,161.2450,161.4743,1152005
2014-12-16,162.7874,167.3266,162.1454,167.1954,2341333
2014-12-17,166.5090,167.2863,160.9598,161.7819,2118203
2014-12-18,161.9819,166.9871,161.9819,162.6188,1099341
2014-12-19,162.4130,165.0220,160.5931,160.5931,1855018
2014-12-22,161.0298,165.4716,160.4964,165.4716,2235041
2014-12-23,164.4618,164.7769,160.6814,162.0323,1829301
2014-12-24,162.1560,162.8686,160.1927,162.8686,1395452
2014-12-25,163.8075,165.7802,163.0178,165.7802,1692313
2014-12-26,168.8516,175.0836,168.6924,175.0836,3138915
2014-12-29,173.9048,173.9048,169.1504,170.6680,3002427
2014-12-30,171.2084,173.8244,167.5912,173.5237,2073158
2014-12-31,171.8519,171.8519,162.2519,162.2519,3015437
2015-01-01,162.5435,165.6376,160.3867,163.8794,1814805
2015-01-02,162.0778,162.0778,156.6767,156.6767,1895455
2015-01-05,156.1058,156.1058,151.2154,152.2961,2097233
2015-01-06,152.2111,153.6946,151.3607,151.3607,2093633
2015-01-07,150.3528,150.3528,143.9672,144.9236,2461029
2015-01-08,145.0180,147.0904,145.0180,146.7452,1373950
2015-01-09,145.8562,146.4893,143.2207,143.2207,2261360
2015-01-12,142.6010,144.5411,137.5537,139.1801,2684795
2015-01-13,139.2348,141.9994,138.7242,139.5065,1598863
2015-01-14,137.9607,139.2908,134.8263,134.8263,2470420
2015-01-15,133.4761,133.4761,129.0113,130.6842,2234770
2015-01-16,129.4300,129.9502,126.8288,126.8288,2365576
2015-01-19,127.1501,130.3906,127.0342,130.3906,2229775
2015-01-20,129.7586,129.7586,122.9876,126.1583,1398915
2015-01-21,126.8807,129.8694,125.9544,129.8694,1900490
2015-01-22,130.6084,135.0801,128.7284,133.9267,1581682
2015-01-23,134.1748,135.5424,134.1748,134.9543,1920323
2015-01-26,135.3817,136.2729,135.2146,136.2729,1269970
2015-01-27,136.3484,137.7192,136.3484,137.0367,1396424
2015-01-28,136.7459,136.7459,134.4303,134.7001,2957702
2015-01-29,134.6152,134.6152,133.2954,134.2820,1081520
2015-01-30,134.3907,135.2185,133.9518,135.1555,2624635
2015-02-02,134.9951,136.4509,133.6253,133.8043,2287103
2015-02-03,133.9806,135.6356,133.9806,135.5277,2172759
2015-02-04,135.3813,135.3813,133.1544,134.0679,2630741
2015-02-05,134.1934,135.1223,133.8639,134.6709,1230824
2015-02-06,134.8067,136.1809,134.8067,136.1686,2312972
2015-02-09,136.2765,137.0845,136.1708,136.5679,1229723
2015-02-10,136.1879,136.1879,134.9422,135.0571,2883914
2015-02-11,135.0276,135.0276,130.9805,134.9039,798084
2015-02-12,135.3241,138.5652,134.7498,136.4423,1084683
2015-02-13,135.9840,138.9899,134.4205,134.9351,1825414
2015-02-16,135.5646,136.9515,132.0652,136.9515,2289064
2015-02-17,136.3781,137.3759,134.6653,135.0755,1492789
2015-02-18,135.0354,139.1152,134.8069,134.8069,1016238
2015-02-19,133.3700,135.8483,128.3028,128.3028,2270955
2015-02-20,128.4864,131.1401,128.2272,129.4356,1308101
2015-02-23,129.6347,131.3776,128.6025,130.4181,961075
2015-02-24,131.4903,135.0284,131.0540,134.1951,1521462
2015-02-25,134.2070,134.5019,133.6177,134.4222,1334231
2015-02-26,133.9353,134.0162,131.7559,131.9845,2730242
2015-02-27,132.1810,132.9799,131.9308,132.6041,1039631
2015-03-02,132.4195,132.8281,131.8343,131.8343,1429745
2015-03-03,131.7796,133.1982,131.6457,131.6457,1891604
2015-03-04,131.5803,132.1574,131.2772,131.2772,1913172
2015-03-05,131.5800,133.7207,131.5800,132.8015,3562210
2015-03-06,133.0317,133.8997,132.4607,133.8997,1399375
2015-03-09,134.5345,136.5334,134.5345,136.5314,2711650
2015-03-10,136.5338,137.9057,136.5338,136.5398,1278438
2015-03-11,136.6060,137.5175,136.6060,137.5175,1182346
2015-03-12,137.4974,138.0522,136.7143,137.4567,1740629
2015-03-13,137.2224,137.3053,135.8962,136.3076,1914698
2015-03-16,136.2412,136.7367,135.4232,135.8562,2119103
2015-03-17,135.8855,136.3346,134.9565,136.2821,1873755
2015-03-18,136.3758,136.9637,135.2613,136.9637,1798591
2015-03-19,137.5897,139.0832,136.9038,139.0832,3146445
2015-03-20,139.5217,141.8490,139.5217,140.3912,1967541
2015-03-23,140.4046,141.0087,140.0663,140.4648,940292
2015-03-24,140.7129,142.0297,140.0391,141.9312,1427957
2015-03-25,141.9504,142.7319,141.7094,142.1127,1304576
2015-03-26,142.2370,143.9267,142.0450,143.1166,2092954
2015-03-27,143.2132,143.9718,141.6177,143.9718,1410110
2015-03-30,144.1615,145.1807,144.0855,145.0554,1351756
2015-03-31,145.1407,146.0329,144.7481,146.0329,2077646
2015-04-01,146.4365,147.9636,146.4244,147.9636,2244368
2015-04-02,147.9113,148.3821,147.0745,147.6876,1432943
2015-04-03,147.4272,147.4272,146.3639,146.7564,1797418
2015-04-06,146.4797,146.7239,144.5370,144.5370,2083902
2015-04-07,144.7704,147.0069,144.7704,145.5027,1635360
2015-04-08,145.5372,145.6822,144.2482,145.6822,1362251
2015-04-09,144.6805,144.6805,142.2258,142.6075,2693797
2015-04-10,142.7988,144.1227,142.7988,143.1758,1145136
2015-04-13,143.1526,144.1527,143.0577,143.0577,1445265
2015-04-14,143.0726,143.4777,142.6656,143.1116,1202598
2015-04-15,143.0530,143.2197,141.5829,142.7768,1507402
2015-04-16,142.5154,142.8116,141.6988,142.0263,1292206
2015-04-17,141.7414,142.0205,140.8038,141.0828,1687251
2015-04-20,141.4372,142.7383,141.4372,142.7383,2214020
2015-04-21,142.9851,144.7248,142.6085,143.5347,1441345
2015-04-22,143.4079,144.6180,142.8903,142.8903,1301583
2015-04-23,143.3826,144.6484,143.3826,144.6354,2444857
2015-04-24,144.9293,147.4750,144.5374,147.4750,4124384
2015-04-27,147.4605,147.6930,146.3617,147.3442,1039441
2015-04-28,148.0168,150.3463,148.0168,150.0185,4005629
2015-04-29,149.9801,149.9801,148.3312,149.8679,1125313
2015-04-30,150.3190,151.3111,149.8569,151.3111,1509090
2015-05-01,151.7116,152.8467,151.6897,152.8467,2044202
2015-05-04,152.5479,153.1050,151.8129,151.8129,1429716
2015-05-05,151.9941,153.7959,151.9941,153.7959,2894815
2015-05-06,153.7780,153.7780,152.1660,153.6579,1283846
2015-05-07,153.5336,154.4143,152.6157,152.9597,1116453
2015-05-08,153.0358,153.9010,152.8604,153.4444,1283298
2015-05-11,153.3855,153.5623,152.3062,152.4332,1781675
2015-05-12,152.4553,152.8563,151.1822,152.6708,2555713
2015-05-13,152.7814,153.4015,151.8249,153.0579,1684771
2015-05-14,153.2098,154.1869,152.7281,153.6817,1402979
2015-05-15,153.1747,153.1747,151.2758,152.0967,1895249
2015-05-18,151.2796,151.2796,147.2699,147.2699,3925690
2015-05-19,147.3700,149.3262,147.3700,148.2445,1183634
2015-05-20,147.8773,148.6628,147.1848,147.1848,2976765
2015-05-21,147.4149,148.9277,146.9204,148.9277,1672073
2015-05-22,148.9476,150.1653,148.9476,149.1854,1305319
2015-05-25,148.9588,149.5123,148.0982,148.0982,2297375
2015-05-26,148.4935,150.5106,148.4367,149.7322,3242328
2015-05-27,150.1892,151.4506,149.9028,151.3852,1588920
2015-05-28,151.2879,151.5234,150.3046,150.8923,1009610
2015-05-29,151.1886,151.8942,150.1141,151.8942,2978534
2015-06-01,151.5720,151.7178,150.6105,150.6105,2166549
2015-06-02,150.7583,152.1490,150.7583,151.4615,1465296
2015-06-03,151.6179,152.8299,151.5601,152.3844,1850274
2015-06-04,152.1196,152.2652,151.5560,151.5632,1859078
2015-06-05,152.0133,154.3036,151.8550,154.3036,2299026
2015-06-08,153.6433,153.6433,151.3686,151.8259,2470316
2015-06-09,151.5583,151.5583,149.8848,150.3033,2607202
2015-06-10,150.5653,152.9400,150.5653,152.6973,2359240
2015-06-11,152.6507,153.8011,151.5449,152.3316,1459564
2015-06-12,152.1937,152.1937,150.9568,151.9293,1173141
2015-06-15,152.1313,155.0848,151.6987,154.5686,1993360
2015-06-16,154.6454,155.6060,154.6454,154.9202,1218656
2015-06-17,155.4305,157.4725,155.4305,157.2173,2557627
2015-06-18,157.0154,157.0154,155.8963,156.3542,1678916
2015-06-19,156.2996,157.5662,155.5570,155.5570,1602958
2015-06-22,155.5270,155.5270,153.5002,155.2940,1511770
2015-06-23,155.4550,157.9891,155.4225,157.8795,3125171
2015-06-24,157.7960,159.1779,156.8483,157.0276,1685585
2015-06-25,157.9299,160.2014,156.4049,160.2014,2627502
2015-06-26,160.1851,160.3401,159.1730,159.9451,632468
2015-06-29,159.9455,160.6668,159.5575,159.9482,1875583
2015-06-30,159.7110,159.7110,158.3667,158.9253,802825
2015-07-01,158.0668,158.0668,155.4477,156.1429,2973675
2015-07-02,156.2359,157.4610,155.9267,156.7590,881134
2015-07-03,156.3950,156.3950,154.3993,154.3993,1974448
2015-07-06,154.1399,154.2462,152.9660,152.9660,2251464
2015-07-07,152.8529,152.8529,151.3365,152.5802,1436765
2015-07-08,152.6431,153.3048,151.7198,153.1446,1593572
2015-07-09,152.6909,152.6909,150.3025,150.8108,2413878
2015-07-10,151.2899,152.2233,151.2421,152.1961,3403895
2015-07-13,152.0809,152.9408,151.5825,151.5825,1591782
2015-07-14,151.4364,151.4364,148.7366,150.9496,3003475
2015-07-15,150.9515,151.9344,150.8852,150.9733,783768
2015-07-16,151.3361,152.8367,151.3361,152.5078,1860785
2015-07-17,152.5097,153.6326,151.7881,152.5200,730525
2015-07-20,152.2130,152.5995,151.1915,151.1915,2639068
2015-07-21,151.3039,152.6860,150.7817,151.5960,1486728
2015-07-22,151.0903,151.6137,149.2515,149.2515,2466196
2015-07-23,149.5572,151.1154,149.5384,151.1154,1261421
2015-07-24,151.1584,151.4238,150.4397,151.2992,1367841
2015-07-27,151.9176,154.4274,151.9176,153.0736,1609951
2015-07-28,153.0207,153.5137,151.7430,152.7751,1318579
2015-07-29,153.0880,154.2462,152.9643,154.2462,1758282
2015-07-30,154.8430,157.3223,154.2307,156.8607,2634429
2015-07-31,156.8471,156.9146,156.1329,156.7957,1538296
2015-08-03,156.8095,157.0064,156.0309,157.0064,1165136
2015-08-04,157.2555,157.7603,156.0391,157.7603,1225156
2015-08-05,158.1059,159.6844,157.3556,159.6844,2219680
2015-08-06,159.3705,159.3705,157.9925,158.1197,2426760
2015-08-07,157.9887,159.2654,157.4503,157.4503,1345420
2015-08-10,157.2135,157.7201,156.4594,156.5356,1442628
2015-08-11,155.9054,156.2556,154.5522,154.7230,2452649
2015-08-12,157.2729,164.6206,157.2729,162.8441,2028908
2015-08-13,162.8152,165.1460,161.2621,162.4305,840062
2015-08-14,162.4060,163.1502,158.7564,162.2327,1264924
2015-08-17,162.2015,166.5996,162.0819,162.0819,1008637
2015-08-18,162.3901,165.4681,160.8367,163.7779,1162107
2015-08-19,162.5971,164.5407,155.7717,155.7717,3123362
2015-08-20,154.7153,156.3921,151.7368,151.7368,2156703
2015-08-21,150.7704,153.4206,148.4259,148.4259,2667750
2015-08-24,149.0941,152.6831,149.0941,150.6191,1766692
2015-08-25,150.4599,153.9467,149.3713,150.1517,1248678
2015-08-26,149.7627,151.6618,148.0986,148.0986,2027126
2015-08-27,148.6744,153.9076,148.6744,153.4022,3998472
2015-08-28,153.5635,161.4825,153.5635,155.9304,2644246
2015-08-31,156.0980,158.1584,153.6232,157.3900,1893967
2015-09-01,153.4332,153.4599,145.3362,145.3362,2912503
2015-09-02,144.8919,145.5698,139.3724,140.3120,2032394
2015-09-03,141.6129,146.5543,141.6129,146.3348,1964890
2015-09-04,146.0871,147.4149,143.3849,144.3994,1223210
2015-09-07,144.4319,146.2485,142.6018,144.7158,1263867
2015-09-08,143.7523,145.9300,140.5323,140.5323,2317803
2015-09-09,139.0518,139.0518,130.6920,130.6920,2998168
2015-09-10,130.8822,133.1660,128.7631,131.2570,1176450
2015-09-11,129.8834,130.4809,125.9083,125.9083,3092127
2015-09-14,126.6244,129.1579,123.1580,129.1579,2496911
2015-09-15,129.3391,130.6737,129.3391,129.9875,1198493
2015-09-16,130.1934,132.7499,129.1301,130.7232,1311368
2015-09-17,130.8270,133.6386,129.1928,132.2944,1941761
2015-09-18,132.4722,135.6840,132.4722,133.5224,765490
2015-09-21,133.2497,134.4571,131.1440,131.3858,1504073
2015-09-22,131.6790,133.5357,131.3914,132.7930,2159448
2015-09-23,133.0155,133.5308,131.9530,133.5308,1885277
2015-09-24,133.1267,133.1267,131.8806,131.9222,2229590
2015-09-25,131.8695,133.0901,131.1039,131.1306,1169283
2015-09-28,131.1209,131.6831,130.2611,131.0260,883431
2015-09-29,131.1129,131.7071,131.0920,131.3710,1420577
2015-09-30,131.3721,131.4303,130.4418,131.3810,1327750
2015-10-01,131.3186,132.0556,130.5992,130.5992,2017191
2015-10-02,130.8478,131.9852,130.8478,131.6766,1174722
2015-10-05,132.5499,134.4611,132.5499,134.4611,3431594
2015-10-06,134.6626,138.3096,134.6626,138.1955,3079835
2015-10-07,138.2308,138.9955,138.2308,138.3028,1514779
2015-10-08,138.3132,138.5692,137.7705,138.3380,1255674
2015-10-09,138.6201,140.4129,138.6201,140.4129,2145955
2015-10-12,140.5621,141.9540,140.4654,141.3071,1815398
2015-10-13,141.6423,142.7695,141.1720,142.6984,2385985
2015-10-14,142.8726,144.8879,142.8726,143.8105,1381276
2015-10-15,143.9407,145.4474,143.9407,144.3393,816455
2015-10-16,144.5397,145.7693,144.2820,145.2541,1624561
2015-10-19,145.1929,146.2070,144.8458,144.9970,1834861
2015-10-20,145.2905,147.1711,144.5789,146.6201,2257659
2015-10-21,146.6970,147.9242,146.6970,147.1502,2870051
2015-10-22,147.2257,147.5077,146.5447,147.5077,1238070
2015-10-23,147.6449,148.1183,147.1262,148.1183,1611634
2015-10-26,147.8678,147.9683,146.5684,146.5812,1898335
2015-10-27,146.9126,149.7896,146.9126,147.9369,1583624
2015-10-28,147.9255,149.7583,147.6949,147.8934,1058639
2015-10-29,148.1311,148.6845,147.1954,148.6845,1855294
2015-10-30,149.3869,151.4625,148.6102,151.0221,2064591
2015-11-02,151.6237,152.9599,150.5937,152.9599,2440679
2015-11-03,153.0651,153.7168,152.4343,153.7168,1975583
2015-11-04,153.8665,154.8650,153.0861,154.8650,1760500
2015-11-05,155.2099,156.2722,154.6011,156.1439,2022202
2015-11-06,156.0613,156.2707,155.3871,155.3871,1689456
2015-11-09,155.4671,155.8535,154.7334,155.8535,1390488
2015-11-10,156.0409,157.3523,155.3294,157.3523,1868018
2015-11-11,157.7591,159.2731,156.4406,159.2731,2309864
2015-11-12,159.2239,159.2239,158.4016,158.9007,1577858
2015-11-13,158.7521,158.7521,156.0096,156.0096,3651900
2015-11-16,156.3038,158.6599,156.0456,158.4541,3420232
2015-11-17,158.8066,159.6636,157.5665,159.6636,1953318
2015-11-18,159.3177,159.3177,157.6816,158.6286,1581263
2015-11-19,158.1537,158.6873,156.6110,157.2541,2256895
2015-11-20,156.7578,156.8842,155.0865,155.0865,1720656
2015-11-23,154.9208,155.0879,153.5757,153.5757,1837632
2015-11-24,153.3595,153.3595,152.3490,152.9379,1724321
2015-11-25,152.6611,152.6611,150.1961,151.0613,1616266
2015-11-26,151.1837,152.4332,150.7695,151.7331,1393487
2015-11-27,151.4581,151.4581,149.0982,149.6059,2284033
2015-11-30,149.5721,149.8743,149.0856,149.5024,1505870
2015-12-01,149.3498,149.3498,147.5616,148.9988,1687783
2015-12-02,148.9582,149.9317,148.7288,148.7288,1399505
2015-12-03,148.8062,150.7425,148.8062,149.7955,2127827
2015-12-04,149.2702,149.3672,147.9204,147.9204,2304048
2015-12-07,147.6432,147.6432,146.1937,146.5947,1364004
2015-12-08,146.8901,148.5496,146.3351,148.1787,1986780
2015-12-09,147.9837,147.9926,144.6433,145.3338,3298878
2015-12-10,144.8361,144.8361,143.3491,143.3491,5268392
2015-12-11,143.9271,145.4802,143.4411,145.4802,2216317
2015-12-14,145.5047,145.7639,144.4913,145.7639,1591703
2015-12-15,145.7142,145.7142,144.1209,144.8460,2427159
2015-12-16,145.0577,145.8381,144.0863,145.8381,1887176
2015-12-17,145.8649,146.8088,145.5471,146.0105,1148472
2015-12-18,146.0440,146.2837,145.1452,146.2837,1486899
2015-12-21,146.3702,147.8661,146.3702,146.6875,1221452
2015-12-22,146.7362,148.8792,146.7362,147.0663,993553
2015-12-23,146.5370,146.8441,145.0337,145.0337,1624243
2015-12-24,144.3151,144.3825,142.4797,142.4797,2281135
2015-12-25,142.3619,143.3695,142.1024,142.1024,1497954
2015-12-28,142.2964,143.7876,142.2964,142.9670,2466956
2015-12-29,142.7198,143.7151,141.7303,141.7303,1555535
2015-12-30,141.4705,141.6809,140.1477,140.1805,2715448
2015-12-31,140.4264,141.6470,140.1891,141.6470,2131403
2016-01-01,140.8629,142.0367,139.2086,139.2086,3158941
2016-01-04,139.3041,141.7962,139.1764,140.6386,1460267
2016-01-05,140.6779,141.0421,139.9758,140.7743,1199712
2016-01-06,140.7953,141.3808,139.9164,141.0672,987511
2016-01-07,141.1157,141.7773,141.0706,141.4983,1610272
2016-01-08,141.9694,143.4767,141.9694,142.9084,1777819
2016-01-11,143.0035,144.5782,142.1109,144.5782,2292742
2016-01-12,144.8808,147.1876,144.8808,147.1876,3914788
2016-01-13,147.1503,148.2239,146.8984,146.8984,1213820
2016-01-14,146.6590,146.8051,145.5323,145.9637,2535192
2016-01-15,145.8358,146.1478,144.2981,144.9925,2440689
2016-01-18,143.8761,143.8761,137.8140,141.0937,1876795
2016-01-19,141.7019,148.6217,140.6302,147.4164,3482451
2016-01-20,146.6029,147.3294,140.5860,140.5860,2970198
2016-01-21,140.1626,140.1626,138.6093,139.2932,2524422
2016-01-22,139.6101,141.3435,139.6101,141.3435,1741673
2016-01-25,141.2808,141.5028,139.6221,140.9563,1743752
2016-01-26,140.8536,141.3155,139.4783,140.5002,1405341
2016-01-27,139.5726,139.7493,137.4354,137.7874,2392263
2016-01-28,139.9446,149.7072,139.9446,147.6419,2699797
2016-01-29,147.7155,149.5843,147.7155,148.8586,1342363
2016-02-01,149.0979,153.1608,148.5427,150.4133,637472
2016-02-02,151.7006,156.2595,150.6842,156.1398,2364941
2016-02-03,155.6768,158.5661,150.2734,151.0543,1627954
2016-02-04,150.5439,150.5439,145.6296,146.5547,1951483
2016-02-05,145.5181,145.5181,138.1791,138.1791,4027191
2016-02-08,138.2917,142.8346,138.2917,139.8604,1419841
2016-02-09,140.2540,143.8673,140.2540,141.4350,1341229
2016-02-10,141.2952,144.2658,140.8950,140.8950,1335529
2016-02-11,141.2775,142.8845,139.7261,142.5131,1694669
2016-02-12,143.4012,146.8839,141.7524,146.8839,3650230
2016-02-15,147.7541,151.6010,146.0738,150.6028,2402580
2016-02-16,150.5542,154.2881,150.2231,150.2231,1508270
2016-02-17,150.1369,150.1369,145.8731,149.5031,1773159
2016-02-18,149.8927,152.9230,148.9060,152.9230,1878812
2016-02-19,152.2774,154.3112,150.6636,150.6636,2023362
2016-02-22,150.8113,151.5058,148.5697,151.1386,1038715
2016-02-23,151.3624,154.1793,148.2080,154.0323,1700939
2016-02-24,153.5544,155.0365,147.5554,147.5554,2689264
2016-02-25,150.4043,158.4428,150.4043,158.4428,2087829
2016-02-26,156.9969,158.0139,152.5747,153.3210,2252235
2016-02-29,153.3984,157.0472,153.3984,153.8626,1994423
2016-03-01,153.4431,153.4431,149.8100,151.4211,2055035
2016-03-02,151.0596,151.0596,146.0649,149.0633,1502092
2016-03-03,149.8473,156.6664,149.8473,153.3245,1877616
2016-03-04,153.4836,156.4393,152.5412,153.8332,1795018
2016-03-07,151.7413,151.7413,145.0009,145.0009,3296378
2016-03-08,143.9274,144.1582,139.7050,139.7050,2719476
2016-03-09,139.9001,145.3812,139.9001,140.8832,1481798
2016-03-10,141.0768,144.9323,141.0768,143.5062,1609250
2016-03-11,145.0187,150.7567,145.0187,148.9014,2671791
2016-03-14,149.6825,154.5384,149.6825,152.6132,1766178
2016-03-15,152.5653,153.1023,149.1931,152.3702,1548576
2016-03-16,152.9222,159.3923,152.9222,159.3923,2109153
2016-03-17,158.4182,158.4182,152.0231,154.4237,3326742
2016-03-18,155.4535,163.6288,154.3278,163.6288,3627991
2016-03-21,163.6949,168.5291,163.3212,164.6109,1316650
2016-03-22,163.2668,164.0379,159.5757,160.7057,1653385
2016-03-23,159.5373,159.7757,154.7932,154.7932,2664889
2016-03-24,154.6896,154.6896,150.5056,153.3739,2221117
2016-03-25,154.9443,160.7778,154.9443,159.6431,3505603
2016-03-28,159.9067,162.7259,159.5713,161.6810,1810738
2016-03-29,162.2523,166.8340,159.8740,166.8340,1804893
2016-03-30,167.6411,172.5954,167.6411,170.6831,1913572
2016-03-31,170.9834,174.2046,170.9834,173.6202,1483695
2016-04-01,171.5501,172.1368,164.7281,164.7281,2661414
2016-04-04,164.6804,166.9087,164.4350,164.4350,1456604
2016-04-05,164.6348,166.5250,164.6348,166.5250,2761805
2016-04-06,166.8669,167.8402,166.4437,167.8402,1770821
2016-04-07,167.8241,167.8818,167.1395,167.6982,1505921
2016-04-08,167.5945,167.6299,167.0726,167.0726,1576635
2016-04-11,167.1214,167.3941,165.5476,167.3941,1587309
2016-04-12,167.3560,168.0752,166.6821,166.6821,1058220
2016-04-13,167.3723,169.9392,167.3723,169.8425,2237170
2016-04-14,170.1308,171.6333,170.1308,171.0109,1241911
2016-04-15,171.0517,172.0225,171.0517,171.2029,1221526
2016-04-18,170.7453,171.1236,169.1380,169.1380,2270164
2016-04-19,169.2026,170.4251,168.6570,169.7668,1691167
2016-04-20,169.8620,170.7482,169.8620,170.3178,2217611
2016-04-21,170.5369,171.8317,170.1754,171.7228,2338143
2016-04-22,171.3601,171.4663,169.9800,170.3975,1307720
2016-04-25,170.3390,170.8433,169.2410,169.7519,2061300
2016-04-26,169.5614,169.5614,166.8030,167.3166,1777622
2016-04-27,166.9772,167.6580,165.7146,165.7146,1503422
2016-04-28,165.9358,167.0202,165.7253,166.7125,1914670
2016-04-29,166.8019,168.1174,165.8913,167.9449,1886479
2016-05-02,167.5806,167.5806,164.0574,166.2060,2822789
2016-05-03,164.6461,164.6461,159.2752,160.2645,1346354
2016-05-04,159.6274,159.7325,152.8411,154.4857,2465187
2016-05-05,154.9351,157.6203,152.0177,157.4838,1694421
2016-05-06,156.6826,157.5324,154.7230,154.9214,1725748
2016-05-09,155.4848,157.7299,154.0163,157.5058,1405540
2016-05-10,156.7420,157.6449,153.5260,153.6726,1261681
2016-05-11,152.9795,152.9795,146.7126,150.3009,2026104
2016-05-12,149.8386,149.8386,147.7224,148.7715,846455
2016-05-13,146.3139,146.3139,137.3568,137.4676,4822512
2016-05-16,138.1751,145.0024,138.1751,141.1412,1817330
2016-05-17,140.3811,140.3811,137.2638,138.2896,2112743
2016-05-18,139.8907,144.7051,137.8697,144.7051,2120448
2016-05-19,144.3992,144.3992,141.7524,141.7524,1125257
2016-05-20,140.5320,141.9644,137.6444,137.6444,1458861
2016-05-23,137.9481,141.7046,136.5917,138.9179,1905839
2016-05-24,139.7297,143.3588,138.2014,141.6644,1646436
2016-05-25,141.7227,143.1372,141.5014,142.1390,1652777
2016-05-26,141.1706,144.6380,134.8746,134.8746,2950534
2016-05-27,135.0938,135.7619,132.1204,135.7619,1507876
2016-05-30,135.3097,135.3097,128.9260,131.8082,2578499
2016-05-31,133.3525,136.4161,131.3957,136.4161,1362220
2016-06-01,136.1089,136.4703,133.6165,135.2068,921177
2016-06-02,135.8569,138.2918,133.7132,137.3698,1708438
2016-06-03,138.0048,144.5347,138.0048,143.1731,2399388
2016-06-06,142.8876,142.8876,138.0470,139.2410,2111999
2016-06-07,138.6122,138.6885,132.4974,132.4974,3748801
2016-06-08,132.7932,134.1692,131.2047,134.1692,2001915
2016-06-09,134.3106,136.8074,130.4608,134.9552,1793313
2016-06-10,135.2357,140.2471,135.2357,138.1895,2216463
2016-06-13,138.9164,146.6236,138.9164,146.6236,2615519
2016-06-14,148.3849,155.0308,148.3849,152.0310,3270973
2016-06-15,151.6561,152.8696,147.4478,149.6809,1632743
2016-06-16,151.4298,155.1309,147.8381,155.1309,1892694
2016-06-17,157.9030,163.5392,157.9030,163.5392,2435644
2016-06-20,163.6384,165.9455,160.9830,164.3145,1443445
2016-06-21,162.5708,162.7723,157.2619,157.8516,2061436
2016-06-22,157.1106,157.1106,150.5167,153.2138,1887801
2016-06-23,153.1253,153.8456,151.1024,152.9416,1380924
2016-06-24,152.7925,152.7925,148.2874,150.8711,872437
2016-06-27,151.8916,154.8556,151.5243,154.8556,2485423
2016-06-28,154.0195,156.1234,151.8180,151.8180,1575906
2016-06-29,151.6291,156.2705,149.9368,149.9368,1482253
2016-06-30,148.8523,149.3865,144.6018,144.6018,3178435
2016-07-01,144.4148,144.4148,137.9459,142.6180,1404142
2016-07-04,143.2959,151.0682,141.8357,147.1105,3420060
2016-07-05,144.1527,144.1527,138.2178,138.3774,2323667
2016-07-06,137.4699,137.4699,133.2385,134.8620,2036893
2016-07-07,134.6880,134.8567,132.5512,132.5512,1351483
2016-07-08,132.1531,132.1531,127.5384,128.3593,1676648
2016-07-11,127.4164,130.8419,125.5589,125.5589,2266208
2016-07-12,125.9012,130.0685,124.2529,130.0685,1793208
2016-07-13,131.1008,133.6769,130.7101,133.6769,1026201
2016-07-14,134.0541,135.6791,130.5448,134.7701,1994760
2016-07-15,134.1933,135.9319,132.4305,132.4305,1880240
2016-07-18,134.4962,139.1528,134.4962,139.1528,1976806
2016-07-19,139.5973,141.2520,138.5459,141.2520,1432496
2016-07-20,139.3708,141.8265,134.8776,134.8776,2584982
2016-07-21,135.3700,137.8720,134.8577,136.7249,1631740
2016-07-22,136.1611,136.1611,131.3446,133.9699,1643954
2016-07-25,134.1694,137.4280,134.0148,135.8971,1389740
2016-07-26,136.4230,139.2657,136.1853,138.8852,2455315
2016-07-27,138.0880,142.0041,134.2949,134.9135,1859374
2016-07-28,135.0945,136.1854,133.5115,136.1854,1246941
2016-07-29,135.3060,136.9746,133.1410,133.1410,1844210
2016-08-01,133.2222,134.0433,132.4196,134.0433,1558983
2016-08-02,133.8596,134.5560,129.7005,132.3331,1298247
2016-08-03,132.1576,134.1838,129.9102,131.1042,1410433
2016-08-04,131.5439,134.1175,130.2123,133.5296,1541188
2016-08-05,133.5982,135.7684,133.5982,133.8453,1181002
2016-08-08,133.9609,138.0728,133.9609,134.7723,2494845
2016-08-09,136.2404,139.6357,135.5543,139.6357,1447231
2016-08-10,139.4443,141.6745,134.4579,137.1990,1660503
2016-08-11,137.5929,141.3714,137.5929,139.1353,1987535
2016-08-12,139.1182,141.2300,135.8739,139.0144,1216901
2016-08-15,138.3907,138.3907,129.0650,131.5706,3365342
2016-08-16,131.6068,131.7714,129.8215,131.7714,1373208
2016-08-17,131.2573,131.2573,127.8628,129.9281,1273914
2016-08-18,130.8563,134.9193,130.8563,134.9193,2636310
2016-08-19,135.0124,137.2615,133.1404,135.2004,1198951
2016-08-22,133.9334,134.0444,126.7883,126.7883,3113297
2016-08-23,125.1964,125.1964,121.0920,121.0920,4091501
2016-08-24,120.1963,122.6417,115.7811,116.4139,2063345
2016-08-25,114.3175,114.3175,108.1562,110.4789,2737718
2016-08-26,111.2652,115.5077,110.5858,115.5077,2212325
2016-08-29,115.4612,115.8420,110.9629,115.1791,1165404
2016-08-30,114.4127,115.4159,112.3320,112.6907,2693369
2016-08-31,112.7943,117.1445,112.7943,113.5704,1549730
2016-09-01,112.3627,112.3627,108.1173,108.2893,3222867
2016-09-02,108.3096,109.6852,106.7594,108.4584,1233554
2016-09-05,108.2416,109.8299,107.2008,107.2008,2254878
2016-09-06,107.0380,107.0380,106.5311,106.6928,1504261
2016-09-07,106.5103,106.5103,105.5157,105.5157,1857747
2016-09-08,105.8043,106.6538,105.7059,106.6538,1880374
2016-09-09,106.4678,106.5167,105.7944,106.1194,2203077
2016-09-12,105.9970,106.4285,105.5092,105.5092,1685295
2016-09-13,105.7342,106.6285,105.4488,106.2711,1408309
2016-09-14,106.2375,106.4189,105.9437,106.0914,1575458
2016-09-15,106.4033,107.4222,106.4033,107.4222,2006376
2016-09-16,107.8957,109.4356,107.8957,109.4356,4515938
2016-09-19,109.6656,111.4351,109.6656,111.3003,3134615
2016-09-20,111.3437,111.4762,110.6744,111.4762,950346
2016-09-21,111.5112,111.8152,111.3448,111.6719,1166755
2016-09-22,111.4641,111.6261,110.2060,110.7670,1988395
2016-09-23,110.6969,110.6969,109.2549,110.5646,1361791
2016-09-26,110.5811,111.2030,110.0849,110.6892,1916776
2016-09-27,110.6198,110.6198,109.7428,110.2991,2619454
2016-09-28,109.9166,110.0796,109.1786,109.1786,2262142
2016-09-29,109.1313,109.7603,108.8701,108.8914,1020728
2016-09-30,109.6314,111.4975,109.6314,111.1583,2989551
2016-10-03,111.0957,111.9991,110.4580,110.4580,1588674
2016-10-04,110.8401,113.0335,110.7421,113.0335,3396035
2016-10-05,113.0138,113.5865,112.6457,112.8397,966395
2016-10-06,112.8460,113.3178,112.2163,112.8986,1027383
2016-10-07,112.9433,114.3664,112.9433,113.2724,1360707
2016-10-10,113.4325,114.2312,113.4299,113.8008,2267391
2016-10-11,114.0537,115.9845,113.6533,115.9845,4529819
2016-10-12,116.0690,117.0690,116.0690,116.3764,920357
2016-10-13,116.8015,117.7071,116.8015,117.6835,3051422
2016-10-14,117.8127,118.5248,117.8127,118.1902,1620771
2016-10-17,118.9652,120.7967,118.9652,120.7967,3260907
2016-10-18,120.4588,120.5051,119.4444,119.4444,1841414
2016-10-19,119.2901,119.9595,118.8594,118.9020,1260378
2016-10-20,118.8890,118.8890,117.7489,118.8576,1127201
2016-10-21,118.7371,118.9411,117.6168,117.9328,1915733
2016-10-24,117.8982,118.8529,117.2200,117.8296,1555930
2016-10-25,117.6970,118.1916,116.5299,116.8247,1856693
2016-10-26,116.8791,117.5830,116.5247,117.5830,2870476
2016-10-27,117.6753,118.5230,117.1207,118.5230,1954568
2016-10-28,118.2673,118.2673,116.7022,117.0921,2106941
2016-10-31,117.5410,119.0943,117.5410,119.0943,3861947
2016-11-01,119.0741,119.6347,118.5271,118.7166,1881097
2016-11-02,118.3006,119.0320,116.9634,116.9634,4071155
2016-11-03,116.6877,116.6877,115.2266,116.0616,2410795
2016-11-04,116.0004,116.2365,115.6306,115.6306,1652379
2016-11-07,115.8209,117.0554,114.8050,117.0554,1838127
2016-11-08,117.3239,118.9038,117.0080,118.9038,3731823
2016-11-09,118.8263,118.8263,117.4524,118.1192,1722742
2016-11-10,118.6522,120.3338,118.6522,119.7031,3159264
2016-11-11,119.7379,120.3586,119.1222,120.2082,2156083
2016-11-14,120.2718,121.0697,120.1590,120.9480,1393642
2016-11-15,121.0776,121.4664,120.2488,121.4664,2084389
2016-11-16,121.2447,121.4698,120.3930,120.5587,1661351
2016-11-17,120.0742,120.0742,118.3850,118.7530,5451908
2016-11-18,118.5427,118.8601,118.0760,118.1103,1542606
2016-11-21,118.2078,119.0136,117.9755,118.6307,1343238
2016-11-22,118.8085,119.5952,118.1379,119.5952,1934611
2016-11-23,120.0297,121.5973,120.0297,121.0780,2690500
2016-11-24,121.1140,121.5595,120.5969,121.5595,1748117
2016-11-25,121.5509,122.2922,121.2781,121.4530,1146457
2016-11-28,121.4205,122.3385,121.0668,121.0668,1345766
2016-11-29,121.4159,123.2555,121.4159,123.2555,2816836
2016-11-30,123.0230,123.0230,120.3466,122.4237,2309265
2016-12-01,122.3706,122.8520,121.9522,122.0051,1425107
2016-12-02,121.7812,122.5505,120.8239,120.8239,3420448
2016-12-05,120.8351,122.0049,120.6160,120.8822,1520735
2016-12-06,121.1191,122.0714,120.8379,122.0714,1902923
2016-12-07,122.2395,122.6208,121.3904,122.6208,1529486
2016-12-08,123.5736,125.4649,123.5736,125.4649,4181054
2016-12-09,125.2759,125.9219,124.4162,124.4162,3152047
2016-12-12,124.3606,125.4662,124.0684,124.0684,1243578
2016-12-13,124.0648,124.2176,123.2654,124.0164,1354782
2016-12-14,124.0485,124.2544,123.7933,124.2307,1294783
2016-12-15,124.2164,124.4440,123.2879,124.0974,999090
2016-12-16,124.0720,124.3529,123.3300,124.0004,1367775
2016-12-19,123.9322,123.9322,122.3506,123.7075,1297636
2016-12-20,124.3189,126.1899,123.1216,126.1899,4379520
2016-12-21,126.0906,126.6830,125.0938,125.8065,1813266
2016-12-22,125.6866,125.6866,125.0784,125.3965,1147113
2016-12-23,125.5539,125.9706,125.3787,125.9187,1605307
2016-12-26,126.3168,127.1156,125.1415,127.1156,2300943
2016-12-27,127.2938,128.4905,127.2938,127.6483,2652608
2016-12-28,127.4920,127.8058,126.6313,127.0673,1394971
2016-12-29,127.2865,129.0209,127.2865,128.9071,2358734
2016-12-30,129.1824,130.2368,129.0055,130.2368,2234627
2017-01-02,130.2941,130.5462,129.7799,130.4540,1685384
2017-01-03,130.9860,132.7765,130.9860,132.3599,3011172
2017-01-04,132.2897,132.7377,131.3049,131.8698,2342336
2017-01-05,132.1763,133.3585,132.1763,133.3585,1500121
2017-01-06,132.9797,133.3490,131.9686,131.9686,1963371
2017-01-09,132.0303,132.6684,131.7985,132.2192,1294073
2017-01-10,132.1686,132.5948,131.4211,132.0548,1587758
2017-01-11,131.9860,132.9098,131.4467,131.4467,1186072
2017-01-12,131.4958,132.1806,131.4958,132.1806,1822345
2017-01-13,132.1121,133.2926,131.4115,131.4115,1863258
2017-01-16,131.4851,132.6234,130.8303,131.7254,1698857
2017-01-17,132.1802,133.3582,131.6714,133.3582,1657595
2017-01-18,133.0057,134.1461,132.2000,132.2000,3602055
2017-01-19,132.2177,132.5328,131.3995,132.5328,1469393
2017-01-20,132.3936,133.4411,131.9150,131.9150,2254608
2017-01-23,132.0845,133.6735,132.0845,132.6488,1201192
2017-01-24,132.6640,132.9134,130.9604,132.9134,1595604
2017-01-25,133.1649,135.8396,133.1649,135.8396,3636509
2017-01-26,136.1977,137.7881,136.1977,137.0665,2466426
2017-01-27,137.0618,137.7824,136.8313,137.0360,1069890
2017-01-30,137.1311,138.6371,136.9979,137.3904,1892459
2017-01-31,137.4559,138.0090,137.1109,137.9158,1099439
2017-02-01,138.2315,139.6119,137.7098,139.4629,1904542
2017-02-02,138.9636,139.2727,137.1637,137.1637,2388569
2017-02-03,136.3744,136.8357,133.9870,134.4874,3107677
2017-02-06,134.9545,137.1328,134.9545,136.9264,2349802
2017-02-07,137.0187,137.7872,136.3831,137.3268,1828244
2017-02-08,136.9409,136.9409,135.1681,135.7777,4058972
2017-02-09,135.7096,136.7047,134.5989,134.5989,1825763
2017-02-10,134.4822,134.4822,133.6003,133.6003,1939992
2017-02-13,133.6111,135.3070,133.6111,133.7634,1405442
2017-02-14,133.9007,134.9355,133.6822,134.8686,1722942
2017-02-15,134.8459,135.4192,134.3965,134.7025,1193075
2017-02-16,134.3029,134.8193,132.7620,132.7620,1980681
2017-02-17,132.9942,133.9672,132.9857,133.8236,1754098
2017-02-20,133.6420,133.9908,131.0499,131.0499,2984797
2017-02-21,131.4423,134.1708,131.4423,134.1708,3717316
2017-02-22,134.8319,136.7780,134.8319,136.7780,2673397
2017-02-23,136.7534,137.4437,136.3914,136.4635,1864486
2017-02-24,136.8233,137.7937,136.7943,137.5489,1149953
2017-02-27,137.7237,138.8113,137.6864,138.7064,2404908
2017-02-28,138.4649,138.4649,137.1792,137.7536,2274339
2017-03-01,137.8096,138.1394,136.9137,138.1394,1719525
2017-03-02,137.6950,137.6950,135.5529,136.4851,1981485
2017-03-03,136.0249,136.0249,134.9213,134.9213,2926677
2017-03-06,135.2808,136.0178,134.9990,136.0178,2609686
2017-03-07,136.1704,136.5684,135.4434,136.5684,1915271
2017-03-08,136.8238,138.1881,136.8238,137.4666,2353767
2017-03-09,137.6496,138.8469,137.6496,138.0006,1792422
2017-03-10,138.1715,138.5904,137.0298,138.5591,1856832
2017-03-13,138.7077,139.1885,138.1318,139.1885,1330797
2017-03-14,139.6211,140.9825,139.6211,140.9408,2961051
2017-03-15,140.6668,140.9463,139.0547,140.0377,1582197
2017-03-16,140.7217,143.9119,140.4414,143.9119,3238833
2017-03-17,143.6880,143.6880,141.3019,141.6251,2709955
2017-03-20,141.8646,143.3211,141.1266,142.4894,1924812
2017-03-21,143.0045,144.6551,142.2217,144.3581,1907922
2017-03-22,143.9891,143.9891,141.8391,142.0263,2115432
2017-03-23,142.0845,143.4547,141.8707,142.6222,2233203
2017-03-24,143.1724,144.9097,143.1724,144.2519,2092139
2017-03-27,144.0169,144.0586,140.4499,141.2940,6394773
2017-03-28,141.5318,142.9412,141.2341,142.0653,2557522
2017-03-29,141.4565,142.7447,139.7028,139.8970,2676992
2017-03-30,139.9740,142.5252,139.8384,141.1144,3458373
2017-03-31,140.7173,141.4897,139.8613,139.8613,1633357
2017-04-03,139.5443,139.5443,138.7490,138.8940,1536098
2017-04-04,139.2373,140.9569,139.0137,140.7611,1914247
2017-04-05,141.1098,142.8138,141.1098,142.6042,2184836
2017-04-06,142.8577,144.1908,142.8577,143.7840,2189512
2017-04-07,143.8082,144.3767,142.9048,143.9863,1567303
2017-04-10,144.2003,144.9464,144.0422,144.9464,2762307
2017-04-11,145.4166,147.2895,144.3059,146.8241,2209710
2017-04-12,146.6486,146.6486,143.2090,143.7597,3031265
2017-04-13,143.5437,143.8060,142.9040,143.0723,1718936
2017-04-14,143.0553,143.7777,142.6544,142.9837,1165674
2017-04-17,143.3353,144.7297,143.2128,144.4314,1979368
2017-04-18,144.2636,144.3305,143.2143,143.7318,1706585
2017-04-19,143.9530,144.7641,142.9244,144.7641,1294106
2017-04-20,143.7310,143.7392,141.6524,141.6524,3004959
2017-04-21,141.4530,141.4745,140.2670,140.8775,2158486
2017-04-24,140.9376,142.2018,140.7348,141.3314,1750991
2017-04-25,141.3816,142.4758,141.3406,141.9730,1517809
2017-04-26,141.9632,142.3890,141.8243,141.8735,1269400
2017-04-27,141.9420,143.0195,141.2105,142.8421,1375203
2017-04-28,142.3342,143.1411,141.2089,141.2089,1288706
2017-05-01,141.2297,141.4156,139.3966,141.4156,1486495
2017-05-02,141.1944,141.1944,138.8500,138.8500,2678171
2017-05-03,138.8115,139.5031,138.3710,138.6983,1324370
2017-05-04,139.1795,141.8623,138.7483,141.8623,3008274
2017-05-05,141.9156,142.0860,140.8689,142.0860,1268898
2017-05-08,141.9057,142.6040,140.5100,141.0405,2220608
2017-05-09,140.8992,140.8992,139.6112,140.1843,1250620
2017-05-10,140.0686,140.7517,139.0401,139.0401,2395734
2017-05-11,139.5221,140.9586,139.2889,140.9586,2689529
2017-05-12,140.8810,140.8810,139.6347,139.9164,2115645
2017-05-15,139.7764,139.7764,138.9081,139.2487,1280852
2017-05-16,139.2353,139.2353,138.1629,139.2042,1042533
2017-05-17,138.9555,139.4549,137.4605,137.4605,2878595
2017-05-18,137.5807,138.3022,137.4756,137.8538,1582375
2017-05-19,138.6260,148.0350,138.6260,148.0350,4067927
2017-05-22,145.6506,145.6506,138.0517,141.2387,3110812
2017-05-23,140.1925,140.5152,137.2193,137.2193,3039970
2017-05-24,136.9334,139.4412,135.4282,136.0802,992488
2017-05-25,136.3366,138.8752,136.1676,137.8746,1180514
2017-05-26,138.0530,138.9054,136.8641,138.8609,1593004
2017-05-29,140.3077,144.4620,140.3077,143.5111,3012149
2017-05-30,143.7969,149.7517,142.4388,145.6916,1538606
2017-05-31,145.4440,145.4440,140.6758,143.0404,1889643
2017-06-01,142.3546,143.3804,138.2103,138.2103,2532950
2017-06-02,137.9976,140.3847,134.0304,134.0304,1232159
2017-06-05,133.2358,133.2358,130.0563,130.8996,2000231
2017-06-06,131.2733,136.0994,131.2733,132.6843,1834373
2017-06-07,133.0328,134.4276,129.4670,134.4276,1627044
2017-06-08,134.5054,137.8653,133.1682,134.9942,1011037
2017-06-09,134.9013,136.1008,133.6821,134.5227,1673733
2017-06-12,134.8312,136.9639,134.1709,135.7799,2191240
2017-06-13,135.5613,136.8239,130.2989,133.8371,1286407
2017-06-14,134.1010,136.6771,131.9166,136.6771,2258849
2017-06-15,136.4802,136.6794,131.0304,134.0571,1813059
2017-06-16,134.1704,138.8002,134.0660,135.1210,1960804
2017-06-19,134.7575,135.7298,132.2691,133.9129,1872431
2017-06-20,133.7613,135.8258,132.7537,133.3468,1298573
2017-06-21,132.1253,133.0370,125.8464,126.3771,3572643
2017-06-22,127.8740,135.0663,127.8740,131.9222,1842584
2017-06-23,131.5009,134.4536,130.1418,130.2354,1941889
2017-06-26,129.7145,132.0114,127.7420,127.7420,2174207
2017-06-27,125.7503,125.7503,120.6193,120.6193,3323704
2017-06-28,119.5092,119.5092,116.7837,116.7837,3007056
2017-06-29,116.5444,116.8392,112.5011,113.9365,2274872
2017-06-30,114.9073,120.4829,114.3012,120.0482,3154503
2017-07-03,120.1520,122.0070,120.0418,120.3994,1684740
2017-07-04,120.4536,122.6702,119.5501,121.1231,1091402
2017-07-05,122.7927,129.5364,122.7927,129.5364,1988652
2017-07-06,130.5737,133.6652,128.0045,133.6652,2171808
2017-07-07,132.6706,132.6706,128.5550,128.8644,2209649
2017-07-10,129.2110,133.0851,129.1367,133.0851,1478672
2017-07-11,133.2014,134.3136,132.1071,133.8905,1543066
2017-07-12,133.4117,133.4117,128.4235,132.5147,1780618
2017-07-13,132.8499,140.0360,132.8499,138.4470,2082901
2017-07-14,139.3483,141.1899,137.6493,141.1899,1409887
2017-07-17,140.9533,140.9533,140.1183,140.3108,1668616
2017-07-18,140.1276,140.1276,138.5759,139.2675,1803251
2017-07-19,139.9812,141.9711,139.9812,141.9711,3674149
2017-07-20,142.4495,144.1444,142.4445,143.5736,1828244
2017-07-21,142.3289,142.3289,139.7492,139.7492,3404691
2017-07-24,140.1702,141.3973,140.1702,141.3445,1845169
2017-07-25,141.6166,143.0201,141.6166,142.6678,1915966
2017-07-26,142.3961,142.4401,141.5759,141.6328,1284446
2017-07-27,141.7008,142.8794,140.5945,142.8794,2361756
2017-07-28,143.3930,145.8438,143.3930,145.8438,2895289
2017-07-31,146.0755,146.7137,145.3950,146.7137,2228882
2017-08-01,146.9503,148.1244,146.8222,147.6519,1403883
2017-08-02,147.4528,147.4528,145.8263,145.8263,2107995
2017-08-03,145.3927,145.3927,143.8691,143.8691,3986115
2017-08-04,143.9834,144.6722,143.4933,144.3546,1233422
2017-08-07,144.2857,144.9240,142.9992,143.6921,984219
2017-08-08,144.0013,146.9589,144.0013,146.6350,1882607
2017-08-09,147.2423,149.0027,147.2423,148.9731,2457808
2017-08-10,149.0071,149.4428,148.7688,149.2515,1487248
2017-08-11,149.2849,149.9911,148.8223,149.4098,1702825
2017-08-14,149.5617,151.6421,149.1440,151.6421,3124325
2017-08-15,151.5965,151.5965,149.6908,151.1268,1855714
2017-08-16,150.9479,151.8151,149.5786,150.6032,1314135
2017-08-17,150.6906,153.2943,150.6906,151.4123,1505361
2017-08-18,151.6231,152.7904,151.6231,152.7904,2309308
2017-08-21,152.8648,153.0436,152.3541,153.0436,1891055
2017-08-22,153.5788,154.9598,153.5788,154.9598,2446832
2017-08-23,154.7837,154.9571,153.9380,153.9802,2129503
2017-08-24,153.7615,153.8676,151.6493,152.7196,2318029
2017-08-25,152.5916,152.5916,150.3763,150.3763,3053391
2017-08-28,150.9119,152.4789,150.9119,152.4789,2463169
2017-08-29,152.1148,152.1148,150.7312,150.9731,2454061
2017-08-30,151.2077,152.8183,150.7502,152.0178,2084611
2017-08-31,151.9301,153.2385,151.0121,151.5294,1308113
2017-09-01,151.9714,155.4146,151.9714,154.2317,2786592
2017-09-04,153.1354,154.3113,144.3742,146.6152,2278126
2017-09-05,146.1520,146.1520,143.2544,144.2412,2108107
2017-09-06,142.8654,142.8654,137.7676,137.7676,3428415
2017-09-07,138.4264,139.8023,138.4264,139.8023,1611852
2017-09-08,141.0026,143.7709,141.0026,143.5021,2372898
2017-09-11,142.8753,143.2158,140.3140,140.3140,1627089
2017-09-12,142.4974,148.7297,139.9471,148.7297,4549293
2017-09-13,151.7372,159.4561,151.7372,159.4561,3505062
2017-09-14,160.3578,164.3903,158.4097,162.3601,1314467
2017-09-15,160.9711,162.7420,154.2729,156.3762,1833613
2017-09-18,157.0279,159.5604,156.7906,158.4378,1710627
2017-09-19,158.4212,158.7938,157.8171,158.3424,1354205
2017-09-20,158.2136,158.2136,156.6936,157.7717,1729060
2017-09-21,158.0917,159.1246,156.7311,159.1246,2109149
2017-09-22,159.2641,160.6107,159.0345,160.0126,1853305
2017-09-25,159.6791,159.9978,158.9008,158.9255,1326612
2017-09-26,159.1440,160.9170,159.1440,160.3773,2868992
2017-09-27,160.4147,161.1019,159.0230,161.1019,2815699
2017-09-28,160.3320,160.3320,157.9626,158.8593,2794807
2017-09-29,158.4578,161.1523,157.1782,157.1782,1490567
2017-10-02,157.5199,164.2389,157.5199,163.3882,2336629
2017-10-03,162.4938,162.6064,160.8302,160.8302,2233213
2017-10-04,160.8687,162.4968,160.6443,161.5461,1587077
2017-10-05,161.6064,161.8351,160.8985,161.8309,1417136
2017-10-06,162.3820,165.6553,162.3820,165.6553,3544436
2017-10-09,166.1687,169.0548,165.8470,169.0548,2277301
2017-10-10,169.9556,172.5008,169.2863,172.5008,4500719
2017-10-11,172.3810,172.9155,170.4955,170.4955,2327068
2017-10-12,170.4909,170.4953,169.7977,170.4331,1378893
2017-10-13,170.4863,172.3994,170.2011,171.0531,1904184
2017-10-16,171.1930,172.5732,170.8435,172.5732,2519670
2017-10-17,172.3623,172.9828,171.9209,171.9209,1535492
2017-10-18,171.6895,171.6895,169.1576,169.9842,2546830
2017-10-19,170.2217,171.6601,169.4723,171.1446,2087050
2017-10-20,170.6363,170.6363,168.3086,168.5824,3200493
2017-10-23,168.3203,169.6361,166.8731,167.3695,1903648
2017-10-24,167.3543,167.9733,166.9829,167.3070,1470428
2017-10-25,167.5690,168.6068,166.7756,168.2553,1361984
2017-10-26,168.1904,168.8028,167.5583,167.8878,945874
2017-10-27,167.9305,169.3742,167.8991,168.1955,1718583
2017-10-30,168.2338,169.8226,168.2338,168.9549,1614922
2017-10-31,169.2712,170.1853,168.7858,170.1853,1965338
2017-11-01,170.2359,170.6292,168.7556,170.6292,1903085
2017-11-02,170.4879,171.3094,169.0008,169.7150,2271312
2017-11-03,170.0490,171.6391,169.1864,171.6391,2375800
2017-11-06,172.1945,173.7006,172.1945,173.2513,993053
2017-11-07,174.3679,177.0339,174.3679,176.5200,2402844
2017-11-08,176.1042,176.2466,174.7614,174.7614,2519507
2017-11-09,175.1515,178.3900,174.8565,176.7331,2333161
2017-11-10,177.4253,180.2771,177.4253,180.0553,4272288
2017-11-13,179.9326,181.1033,179.3810,179.6121,1345769
2017-11-14,179.8396,181.7580,179.7040,181.3047,1977482
2017-11-15,181.6395,183.3088,181.6395,183.2432,2675909
2017-11-16,183.1073,183.1073,179.4638,181.3832,1611025
2017-11-17,181.2954,181.3972,179.5956,180.5788,1544880
2017-11-20,180.3659,180.3659,177.5325,178.1818,2188582
2017-11-21,175.8711,176.1907,171.2793,171.2793,5176810
2017-11-22,171.2911,171.8971,170.9308,171.3336,2151760
2017-11-23,171.3231,171.5138,170.6572,171.2700,1378781
2017-11-24,171.2417,171.6006,168.0890,170.7481,1587372
2017-11-27,170.9507,171.8749,170.8572,171.8198,2563252
2017-11-28,171.4849,172.3587,170.4162,170.4162,1214059
2017-11-29,170.3467,170.7464,168.6302,169.4255,2285429
2017-11-30,169.4559,170.6605,167.7213,170.0220,1844197
2017-12-01,170.1011,171.9456,169.4862,170.9393,1284619
2017-12-04,170.7651,170.7651,168.2363,170.1847,1845635
2017-12-05,171.6129,176.1292,167.3762,176.1292,2531403
2017-12-06,176.4743,181.7178,174.5259,181.7178,1825736
2017-12-07,181.6337,183.7314,179.0289,180.9929,1469471
2017-12-08,181.6574,183.6600,179.4706,183.6600,1143429
2017-12-11,183.5143,184.9758,179.5065,182.2036,1531420
2017-12-12,181.6576,181.6576,173.4516,173.4516,1388476
2017-12-13,173.8316,178.4427,171.5869,174.5709,1099230
2017-12-14,177.0469,187.1603,177.0469,187.1603,2208364
2017-12-15,186.3874,186.3874,181.8280,181.8280,1646756
2017-12-18,180.3492,180.3492,173.8928,173.8928,2280743
2017-12-19,175.3097,182.1452,171.9495,180.5097,2281197
2017-12-20,180.3006,181.4842,178.7879,179.2199,1300012
2017-12-21,180.4142,194.3829,180.4142,193.8605,2833586
2017-12-22,194.5852,200.3717,194.5852,196.1879,3155143
2017-12-25,195.9548,196.6658,193.6802,194.3671,2029720
2017-12-26,194.8047,204.3098,193.5778,198.8297,1660902
2017-12-27,198.3678,198.3678,191.0351,191.0351,2117232
2017-12-28,188.4218,190.3175,179.8407,181.5545,2393243
2017-12-29,183.7989,188.2302,183.7989,188.2302,2141926
2018-01-01,188.6502,194.2658,188.6502,192.2182,2676034
2018-01-02,192.9949,201.6213,192.9949,198.8595,3364575
2018-01-03,199.7843,202.7219,194.4168,202.7219,2516004
2018-01-04,199.3641,199.3641,192.8607,192.9319,3188916
2018-01-05,192.5457,195.9299,186.5014,188.0746,3495360
2018-01-08,188.8609,191.9381,184.9790,191.5316,2910946
2018-01-09,192.3802,200.0205,190.6774,196.6635,3466695
2018-01-10,196.9293,200.3627,194.7182,198.1511,1495735
2018-01-11,200.4533,206.8292,198.2004,206.7385,2248792
2018-01-12,204.9730,205.6802,200.0730,200.0730,2160185
2018-01-15,199.3281,203.6863,194.4287,196.7089,1641786
2018-01-16,198.3479,205.1821,198.3479,205.1821,2689816
2018-01-17,206.0554,212.5443,202.4495,212.5443,2131497
2018-01-18,213.3268,215.3453,210.0225,215.3453,1577510
2018-01-19,217.2082,224.1868,217.2082,220.7563,2021529
2018-01-22,219.7034,222.9013,217.5435,217.5435,1342349
2018-01-23,219.2112,224.7326,219.2112,224.7195,2110243
2018-01-24,225.5877,231.7647,220.8571,231.7647,2523869
2018-01-25,231.8493,232.5726,226.5125,232.5726,1455526
2018-01-26,230.0268,230.0268,217.8963,217.8963,2765285
2018-01-29,218.7322,223.9935,215.7216,223.9935,3161272
2018-01-30,222.0579,222.0579,208.5232,208.5232,3899754
2018-01-31,207.8270,207.8270,204.8159,206.1415,2105116
2018-02-01,205.3996,205.3996,195.5632,198.4615,2116848
2018-02-02,199.1453,202.2231,199.1451,201.9724,3423198
2018-02-05,202.8902,205.5512,202.0002,205.5512,3166362
2018-02-06,205.4923,205.4923,203.9611,204.4904,1383384
2018-02-07,205.9055,209.2893,205.9055,208.6260,3555730
2018-02-08,208.7985,210.3430,207.7358,209.3198,1215237
2018-02-09,209.3990,210.5561,208.6206,209.8492,1108779
2018-02-12,209.9000,211.7878,209.9000,210.8638,2359849
2018-02-13,211.3524,213.1597,210.2501,212.7193,2371682
2018-02-14,211.9675,211.9675,208.5501,209.8343,2739456
2018-02-15,209.6703,209.7744,208.4043,208.4734,2116948
2018-02-16,208.2958,208.2958,207.2888,207.7986,1738520
2018-02-19,208.0064,209.6659,208.0064,209.5942,2311837
2018-02-20,209.2868,209.9032,207.2942,208.3483,1989576
2018-02-21,208.2879,208.8027,207.1942,207.8843,1204809
2018-02-22,207.9314,209.6388,207.9314,208.0784,1278698
2018-02-23,208.1131,208.9523,207.1731,208.2771,1691028
2018-02-26,207.8411,207.8411,204.7978,205.2633,2441576
2018-02-27,204.7673,205.3440,203.3864,203.3864,2118020
2018-02-28,203.8536,207.2801,203.8536,207.0950,3946746
2018-03-01,207.6019,210.5196,206.8000,210.5196,2856920
2018-03-02,210.4234,211.2938,209.8468,209.9971,1259908
2018-03-05,209.9482,209.9482,207.7720,209.0846,2820050
2018-03-06,209.2653,212.2358,207.8468,209.6320,1865424
2018-03-07,210.3148,212.4448,209.2550,212.4448,1828496
2018-03-08,212.5306,213.4858,211.1993,213.1492,1693739
2018-03-09,213.3839,214.0110,211.8518,214.0110,2809693
2018-03-12,213.9712,214.7100,213.2136,213.8677,1198709
2018-03-13,214.2362,215.1882,213.7178,215.1882,1699968
2018-03-14,215.1553,215.8102,213.7940,215.0824,803548
2018-03-15,215.2600,217.4677,215.2600,215.8910,2977495
2018-03-16,215.0897,215.2038,212.4005,213.1581,2723270
2018-03-19,213.2846,215.0902,212.5410,213.7199,1428332
2018-03-20,213.9899,216.0155,211.8765,216.0155,2301504
2018-03-21,216.6625,219.1772,216.6625,217.8811,2145707
2018-03-22,217.7711,218.5404,216.8614,217.3062,1162187
2018-03-23,217.7142,220.0116,217.2577,219.7323,2046532
2018-03-26,219.5989,221.0032,218.7452,218.7452,1889659
2018-03-27,220.0473,223.5125,219.5199,222.6802,2587699
2018-03-28,222.7002,223.5016,221.6098,222.8535,1008265
2018-03-29,222.9771,224.6913,222.5644,223.4323,1347937
2018-03-30,223.7497,226.8318,222.1582,226.6689,2732539
2018-04-02,226.4516,226.6252,224.8543,225.8926,1353833
2018-04-03,225.8319,226.0988,223.8612,225.2844,1675637
2018-04-04,224.9644,224.9644,220.9653,220.9653,2461978
2018-04-05,221.4977,223.5589,220.5745,223.5589,2006901
2018-04-06,223.4023,224.1741,222.1885,222.6580,2452020
2018-04-09,222.7464,224.1357,222.0303,223.2129,1875929
2018-04-10,223.0716,223.0716,220.6007,221.5684,1326842
2018-04-11,221.5501,223.1526,220.9901,221.5030,1601496
2018-04-12,221.5676,223.4554,221.5676,222.7308,1517147
2018-04-13,222.7223,225.6502,222.6918,222.6918,1381832
2018-04-16,222.4515,222.5047,220.7994,221.6945,1822318
2018-04-17,219.4953,219.4953,215.0751,215.0751,3721030
2018-04-18,216.0210,219.0753,213.2520,218.4133,1292303
2018-04-19,216.5774,216.5774,208.9493,211.8754,2501202
2018-04-20,211.7403,213.1360,208.6061,211.4483,1135402
2018-04-23,212.4979,216.7190,210.7400,214.6793,1396773
2018-04-24,215.8588,220.4988,214.4042,218.2376,2395293
2018-04-25,217.6272,223.3538,216.1720,216.1720,2240593
2018-04-26,215.3641,215.3641,211.6294,212.5635,2242875
2018-04-27,214.1984,221.5650,212.4557,221.5650,2750442
2018-04-30,222.1554,224.5270,222.1554,224.0146,4833032
2018-05-01,223.8981,225.1340,222.4000,222.4000,1797852
2018-05-02,222.6266,224.3399,222.4852,224.3399,1635606
2018-05-03,224.3701,226.2599,223.1505,224.5286,1886770
2018-05-04,224.0035,225.4501,221.3633,221.3633,3277127
2018-05-07,221.1432,221.1432,218.3733,218.3733,2958498
2018-05-08,218.8470,222.6679,218.3307,220.8519,2812350
2018-05-09,220.9525,223.7514,220.2049,222.1669,1942216
2018-05-10,221.5717,221.6513,218.6210,219.7352,4084837
2018-05-11,220.2471,222.9657,218.4308,222.5422,2642810
2018-05-14,223.1813,224.8907,222.7142,224.6819,4268584
2018-05-15,225.4801,229.1921,225.4801,228.2463,2429080
2018-05-16,228.6118,229.3817,227.7673,229.3817,3251057
2018-05-17,229.4134,230.3449,229.2771,229.4898,1181934
2018-05-18,229.8291,233.6728,229.8291,232.3719,2558141
2018-05-21,232.0377,232.0377,229.9706,230.5459,2614322
2018-05-22,230.2560,231.9327,229.6926,229.6926,1569783
2018-05-23,230.9356,234.5787,230.9356,233.4810,2657249
2018-05-24,232.9962,233.7953,231.7236,231.7236,3658393
2018-05-25,231.9012,233.2452,230.8162,232.5105,1901756
2018-05-28,232.5824,233.5879,230.5656,232.7208,1570413
2018-05-29,233.5844,236.5274,233.5844,235.9515,2757218
2018-05-30,235.4472,235.4472,233.2799,234.2383,3914846
2018-05-31,234.4421,237.6007,234.4421,236.3989,1985113
2018-06-01,236.8889,239.6619,236.1976,238.7338,1438587
2018-06-04,238.7881,239.3749,237.6641,239.0409,1200827
2018-06-05,238.5665,240.5407,237.6744,237.6795,1504434
2018-06-06,236.7427,236.7427,232.4756,233.6601,3452571
2018-06-07,234.1710,236.3698,234.1710,236.2589,1948972
2018-06-08,236.2472,237.6279,234.2650,236.0578,1361431
2018-06-11,236.8274,241.6529,236.8274,241.1801,3879680
2018-06-12,240.8722,240.8722,238.2730,240.0540,1513899
2018-06-13,240.0245,240.9627,238.8483,239.7920,1522708
2018-06-14,239.8053,242.6786,239.8053,239.8574,1122750
2018-06-15,239.5770,240.2238,238.8956,239.0380,1648420
2018-06-18,239.0411,241.0348,239.0411,239.0546,1982000
2018-06-19,238.8332,238.8374,237.1031,237.1031,3587842
2018-06-20,236.9844,237.6887,235.2469,236.4994,2227454
2018-06-21,236.3537,236.3537,235.0164,235.4823,2012985
2018-06-22,235.7184,237.3857,233.9376,237.3857,1997061
2018-06-25,237.1992,237.1992,233.4415,234.8217,2613522
2018-06-26,234.9874,236.1523,234.9874,235.8625,2020390
2018-06-27,235.0992,235.9409,233.0800,233.5698,2166207
2018-06-28,233.9480,235.5655,233.9480,235.0439,1971367
2018-06-29,234.5510,234.5510,232.6891,233.5025,1901267
2018-07-02,233.8376,234.8395,233.7572,234.8395,2044737
2018-07-03,234.8945,235.5107,234.0739,235.0558,1641705
2018-07-04,234.9978,234.9978,231.8668,234.1794,1400116
2018-07-05,234.1050,234.1050,232.1300,232.8557,2481682
2018-07-06,232.5484,232.5484,231.0199,231.7632,2109743
2018-07-09,231.6273,231.6273,229.2117,230.9572,2890339
2018-07-10,230.9566,231.2476,228.7255,230.9522,1036789
2018-07-11,231.8599,234.1698,231.8599,233.8562,3253251
2018-07-12,234.0829,235.0616,233.0395,235.0148,1279630
2018-07-13,234.7600,235.9892,233.9674,233.9674,2012980
2018-07-16,233.2565,233.2565,230.4723,231.2326,2188918
2018-07-17,231.1885,232.2295,230.0599,230.5847,1571592
2018-07-18,230.5759,230.7318,229.0720,230.4613,1866483
2018-07-19,229.2417,229.7988,225.3935,225.7006,4179131
2018-07-20,225.0134,225.4756,223.2442,223.2790,3951310
2018-07-23,223.0346,224.0745,220.8617,220.8617,2890806
2018-07-24,221.1103,222.5426,221.1103,221.8095,1335923
2018-07-25,221.4050,221.9198,217.2079,217.2079,1849430
2018-07-26,217.4918,219.5734,217.4774,219.5734,3498220
2018-07-27,219.1463,219.1463,216.4351,216.9627,2047421
2018-07-30,217.0795,219.2612,217.0349,217.4954,1536202
2018-07-31,217.3653,217.9170,216.1302,217.0775,1530225
2018-08-01,217.0701,217.5761,215.9869,217.0562,1882973
2018-08-02,217.5205,219.4845,217.2928,218.3857,1891448
2018-08-03,218.5756,220.5848,218.5756,219.4998,2460921
2018-08-06,218.3987,218.5826,215.6520,215.6520,4030570
2018-08-07,215.9968,217.4832,215.8535,216.8340,1605075
2018-08-08,216.5225,217.0994,212.3773,212.3773,4392612
2018-08-09,212.7656,216.7715,212.7656,215.1515,4298953
2018-08-10,215.0744,215.7835,214.4633,214.4633,2456740
2018-08-13,214.4642,214.4940,213.5072,214.4751,1621579
2018-08-14,215.2043,217.7730,215.2043,217.4277,4363254
2018-08-15,217.5967,220.2931,217.5967,218.7357,1266175
2018-08-16,218.4668,219.2974,217.4541,217.6253,2164831
2018-08-17,217.7871,220.5702,217.0679,220.5702,2626794
2018-08-20,220.3982,220.3982,215.9304,217.1931,2370455
2018-08-21,216.5143,217.1270,214.7586,214.7586,2998012
2018-08-22,215.0598,216.8187,213.5981,216.8187,2286765
2018-08-23,217.0637,219.2627,216.2151,219.2627,2496799
2018-08-24,219.7312,223.0669,218.3498,222.5172,4743459
2018-08-27,222.4578,222.4578,219.4150,222.2071,1723020
2018-08-28,222.6549,223.9541,221.8845,223.9541,2667757
2018-08-29,223.7518,223.7518,220.4058,221.9053,2104038
2018-08-30,222.2040,223.0068,221.5435,223.0068,1213025
2018-08-31,223.4762,225.7345,223.4762,225.7345,2491243
2018-09-03,225.8752,226.4750,224.3088,226.4750,2293484
2018-09-04,226.6311,227.6092,225.8473,226.9914,2391969
2018-09-05,226.9830,227.8929,225.7759,226.8529,1250973
2018-09-06,226.4597,228.4760,224.9760,224.9825,3436561
2018-09-07,224.6598,224.6598,221.5186,222.3998,3458487
2018-09-10,222.7332,227.2275,222.7332,227.2275,2120722
2018-09-11,226.2836,228.2797,222.5523,222.5523,1848529
2018-09-12,223.3271,232.5207,223.3271,226.2782,1755460
2018-09-13,226.5516,227.7069,222.4502,227.7069,1623472
2018-09-14,227.7934,228.8958,224.5418,228.2533,838614
2018-09-17,227.9409,227.9409,220.4726,225.4069,2579481
2018-09-18,225.7361,230.1326,225.4237,228.5191,1496376
2018-09-19,228.2729,228.2729,223.7679,223.7679,3648045
2018-09-20,223.8103,225.6540,223.2796,224.2546,1697683
2018-09-21,221.7836,224.6140,214.0920,217.1947,3136568
2018-09-24,217.9211,223.4141,217.8731,220.4234,1851535
2018-09-25,220.2354,220.9713,215.9925,218.6168,1845885
2018-09-26,218.1203,222.3590,215.5246,215.5246,2611815
2018-09-27,215.9523,219.8227,215.2027,217.6174,1817215
2018-09-28,217.9509,222.0679,215.5763,222.0679,1532725
2018-10-01,221.0302,221.4272,215.8141,216.2755,2931328
2018-10-02,218.3055,223.8756,215.5964,223.8216,1898417
2018-10-03,225.9702,233.7558,225.9702,231.6560,2360311
2018-10-04,230.4533,230.4533,221.3507,221.3507,2151484
2018-10-05,219.8579,219.8579,213.6142,216.7655,1984415
2018-10-08,218.5977,227.6233,218.5977,222.7991,2535643
2018-10-09,221.2939,221.2939,210.3901,217.5315,1493292
2018-10-10,218.3045,222.4590,216.9810,220.4391,1287482
2018-10-11,220.1586,223.5210,213.7731,215.3053,3345964
2018-10-12,213.1629,217.1622,207.4154,209.0350,2359479
2018-10-15,208.5270,210.4662,202.1069,202.1069,4164127
2018-10-16,202.9336,207.0946,202.9336,205.4643,2233894
2018-10-17,205.0079,209.5210,202.0719,202.0719,1521017
2018-10-18,199.8133,201.8729,193.2825,193.2825,1916866
2018-10-19,189.9305,191.9200,182.0707,182.0707,2728947
2018-10-22,181.7651,181.9780,176.4596,178.6843,2188043
2018-10-23,179.8031,183.6935,178.3951,183.6935,2006547
2018-10-24,184.7266,195.8765,184.7266,195.8765,2183202
2018-10-25,195.5098,197.9048,193.0223,193.5438,1433380
2018-10-26,192.8042,193.2348,189.5545,189.5545,2836308
2018-10-29,189.6503,190.9495,186.3191,190.0953,2519699
2018-10-30,190.2317,192.2674,188.1832,190.9798,1985286
2018-10-31,190.7190,190.7190,187.4050,187.4050,2180809
2018-11-01,186.5515,186.5515,181.0622,181.1611,3473453
2018-11-02,181.8502,187.1413,181.8502,183.4416,2722454
2018-11-05,183.8081,187.4064,181.8769,185.4773,2468803
2018-11-06,185.8805,189.6643,183.9086,189.6643,3371509
2018-11-07,190.7454,193.1824,187.6701,193.1824,1476254
2018-11-08,193.5392,195.6818,191.2546,195.6818,3603402
2018-11-09,196.9264,207.0510,196.9264,205.4381,3485859
2018-11-12,204.2262,204.2262,198.9943,200.8975,2407161
2018-11-13,202.2537,206.0476,200.9156,206.0476,2820862
2018-11-14,208.5262,216.1796,207.0788,216.1796,2531039
2018-11-15,218.0559,225.8449,218.0559,222.7416,2853650
2018-11-16,222.3772,223.8757,220.3528,220.9119,1682073
2018-11-19,220.5816,222.4683,216.5349,218.4324,2678092
2018-11-20,219.4861,227.3411,219.4861,224.8370,2726009
2018-11-21,225.0819,230.9448,224.5153,225.6799,1741773
2018-11-22,226.4501,229.4863,225.9412,228.9283,2182308
2018-11-23,227.4086,230.1514,219.3161,222.8583,1840916
2018-11-26,222.7185,224.2810,220.6097,221.3545,2157539
2018-11-27,224.1324,240.1790,224.1324,237.6622,2454608
2018-11-28,236.3030,236.6923,230.5221,232.5736,1648587
2018-11-29,232.4880,238.2698,226.8700,232.2827,1957912
2018-11-30,231.6000,231.6000,229.2602,229.5205,3637580
2018-12-03,229.4858,230.9355,228.2391,229.2554,2125039
2018-12-04,229.6930,231.7657,229.6930,231.1180,1919479
2018-12-05,231.8592,235.1115,230.7955,235.1115,4184598
2018-12-06,234.9994,234.9994,232.1363,234.5171,1777269
2018-12-07,234.7545,237.5693,234.7545,236.0075,1806164
2018-12-10,236.7218,239.6866,235.5554,239.6866,2913181
2018-12-11,239.5963,241.7878,239.1944,239.1944,1089377
2018-12-12,238.8187,239.5088,237.3916,237.3916,2408443
2018-12-13,237.4509,237.7185,235.8032,237.7185,1362389
2018-12-14,238.0490,240.8795,237.5636,239.1238,1418737
2018-12-17,239.3342,239.8026,237.7839,239.8026,1523378
2018-12-18,239.8937,241.0411,237.8834,240.0721,1573368
2018-12-19,240.1434,241.1135,239.8088,240.3887,1483947
2018-12-20,240.2384,240.7612,237.8099,237.8099,2011385
2018-12-21,237.1853,237.9183,235.6148,235.6148,3671252
2018-12-24,235.3221,235.3221,231.0628,231.0628,2271259
2018-12-25,230.6376,230.6376,225.4668,225.7461,3570278
2018-12-26,225.6571,225.9737,224.2524,224.2524,2887336
2018-12-27,222.8097,223.2143,219.1566,219.1566,2759875
2018-12-28,218.8596,218.8596,214.0260,215.0912,2624619
2018-12-31,215.7051,219.9559,215.4689,219.5315,4001339
2019-01-01,219.5792,219.6942,218.0424,219.6942,1659026
2019-01-02,219.9319,220.9443,218.4187,220.9443,2028530
2019-01-03,220.9285,221.1576,218.4259,220.6927,1430456
2019-01-04,220.5658,222.3350,220.0432,220.0432,2447211
2019-01-07,219.6723,220.0374,218.3226,218.7094,1467155
2019-01-08,217.8189,217.8189,212.4401,215.8228,1885754
2019-01-09,216.1980,217.2232,211.7267,217.2232,1582308
2019-01-10,218.9705,228.9830,216.1226,228.9830,3554447
2019-01-11,226.4262,229.1073,213.3597,213.3597,2697287
2019-01-14,215.8014,222.5161,214.3330,220.8525,2612977
2019-01-15,221.3161,225.7325,219.2987,225.7325,3439903
2019-01-16,226.1682,239.8420,226.1682,229.1088,2093497
2019-01-17,228.6986,228.6986,226.7862,227.8411,1407527
2019-01-18,227.8460,229.1428,227.8460,227.8592,879707
2019-01-21,227.2094,227.2094,222.8112,224.1879,3852570
2019-01-22,224.3040,225.5347,224.1430,225.2097,2033921
2019-01-23,224.4770,224.6204,220.4129,220.8838,3460952
2019-01-24,220.3149,220.5127,217.7115,217.7115,1966383
2019-01-25,217.7527,218.8993,217.2592,218.3073,1923119
2019-01-28,219.4609,222.8138,218.4125,222.8138,3940444
2019-01-29,222.0384,222.0384,219.0286,219.6182,3591999
2019-01-30,219.2789,219.2789,216.0813,217.8202,2078106
2019-01-31,217.5867,217.5867,214.0314,214.8295,4455452
2019-02-01,214.4340,214.4340,210.5626,210.5626,2985377
2019-02-04,210.2111,211.6123,208.8764,208.8764,2318775
2019-02-05,210.3548,214.2323,210.3548,214.2323,7077123
2019-02-06,213.9545,215.6583,212.5456,213.2715,1283129
2019-02-07,213.1350,213.1350,211.1036,212.6347,1579607
2019-02-08,213.7636,216.2905,212.1581,216.2905,3460039
2019-02-11,216.7043,220.1409,216.1959,219.1322,3545901
2019-02-12,219.1981,219.5833,216.5766,219.5833,1785665
2019-02-13,219.3422,219.5173,216.9863,217.6957,2249070
2019-02-14,217.2683,217.6759,216.0248,216.2856,1783628
2019-02-15,217.3593,220.7397,217.2942,220.7397,2414931
2019-02-18,221.9581,224.3304,220.7901,224.3304,3707468
2019-02-19,224.4896,226.4877,222.2749,225.5987,2476056
2019-02-20,225.4884,225.9853,222.7129,223.4583,3096306
2019-02-21,223.2966,223.5736,221.8758,222.2207,1482347
2019-02-22,222.6744,223.7323,221.3604,223.7323,1875763
2019-02-25,224.2069,226.7684,224.2069,226.7684,3711684
2019-02-26,227.0302,228.6527,224.7849,228.6527,2068289
2019-02-27,229.2442,231.8834,229.2442,231.8834,3653073
2019-02-28,231.9938,234.7322,230.8048,232.7104,2951769
2019-03-01,232.3207,232.3207,229.9061,230.1335,3714611
2019-03-04,230.5367,231.7013,229.5055,231.7013,1478583
2019-03-05,231.9379,233.6101,231.0036,232.8271,2066900
2019-03-06,232.7112,232.7112,230.4745,231.3876,2181617
2019-03-07,231.4509,231.9049,230.2533,231.6140,2535524
2019-03-08,232.5070,235.4973,231.2187,234.3560,1933334
2019-03-11,234.7059,236.0212,234.7059,235.4245,2293740
2019-03-12,235.0256,235.4397,232.3211,234.0843,2488599
2019-03-13,234.1267,237.2752,234.1267,234.2788,1597192
2019-03-14,234.1509,235.3235,232.9348,232.9348,2826732
2019-03-15,233.2623,236.1860,233.1456,235.2986,1931723
2019-03-18,236.1554,238.3844,236.1554,238.3844,1908748
2019-03-19,238.6560,241.3816,238.3427,239.6871,2146880
2019-03-20,239.8323,241.0677,239.2108,240.5079,1909453
2019-03-21,240.6928,241.3132,239.6630,241.1138,1576797
2019-03-22,241.5860,243.0098,240.1262,243.0098,2192532
2019-03-25,243.7676,246.3994,243.7676,246.3725,2491526
2019-03-26,246.5319,249.3830,246.5319,249.1835,2621425
2019-03-27,249.0858,251.1224,247.5096,248.2906,1435071
2019-03-28,248.0530,248.0530,244.8319,246.4915,1667194
2019-03-29,246.2697,246.2697,243.8537,245.6483,1957006
2019-04-01,245.7463,246.7056,245.1469,246.5573,1984022
2019-04-02,246.0667,246.0667,242.8759,244.1656,2768960
2019-04-03,244.5141,246.2739,244.3183,246.2300,1850640
2019-04-04,246.0815,246.0815,243.3535,243.7028,2427310
2019-04-05,243.3925,243.3925,241.6791,242.5235,2514201
2019-04-08,242.1926,242.1926,239.6883,241.2286,1775608
2019-04-09,241.1706,241.1706,239.1787,240.8201,1663933
2019-04-10,241.1862,244.6742,241.1862,242.6923,1913847
2019-04-11,242.8376,243.1141,239.9123,243.1141,1664323
2019-04-12,242.7923,243.4598,240.6461,241.1641,2593857
2019-04-15,241.8878,243.7870,239.3352,243.7870,3085927
2019-04-16,243.7605,244.4953,243.5129,243.5129,1607449
2019-04-17,243.7231,244.1161,241.3219,244.1161,1907468
2019-04-18,244.5410,246.1994,243.6868,245.6780,1785580
2019-04-19,246.4248,250.6545,246.4248,249.7289,2761524
2019-04-22,249.8626,252.1845,248.9850,250.5480,1698374
2019-04-23,250.9286,254.0496,249.2528,251.8376,1893491
2019-04-24,252.2392,253.2535,250.9744,253.2535,1541798
2019-04-25,253.8173,256.5362,252.1266,256.5362,2276528
2019-04-26,256.8199,258.7254,255.8708,257.7344,2249417
2019-04-29,257.8563,258.3453,256.4907,258.1466,1647345
2019-04-30,258.4296,260.3849,258.4296,260.3849,1530862
2019-05-01,260.3393,261.3196,258.7187,259.6351,2067490
2019-05-02,259.6130,259.6360,257.9756,259.3992,1578156
2019-05-03,259.9140,261.1408,258.7524,260.8825,2407331
2019-05-06,260.8361,262.7261,260.2567,260.2567,1823865
2019-05-07,259.5329,259.5329,255.8933,257.5323,2557547
2019-05-08,258.1471,259.8482,256.1685,259.8482,1690525
2019-05-09,258.8932,258.8932,256.3657,257.0257,2133186
2019-05-10,257.6915,263.2397,257.6915,263.2397,2660869
2019-05-13,263.3995,264.3764,262.5257,263.8787,2065583
2019-05-14,265.2054,269.7388,265.2054,268.5698,4473051
2019-05-15,267.9986,268.7467,266.2801,266.2801,1831789
2019-05-16,265.8674,265.8674,263.2527,264.9589,2574085
2019-05-17,264.8047,265.8447,263.7350,264.5084,1613845
2019-05-20,264.7266,266.7537,263.5942,265.1451,1778102
2019-05-21,262.6041,262.6041,257.1392,257.6270,3899322
2019-05-22,257.5234,259.6985,256.1278,256.1278,992630
2019-05-23,256.3834,259.1223,256.3834,258.6554,2205191
2019-05-24,258.2277,258.2277,252.8421,252.8421,3730381
2019-05-27,252.2744,252.3596,249.8103,251.0629,2489997
2019-05-28,252.3538,256.4603,251.8788,254.9343,3137540
2019-05-29,255.1149,255.8017,252.3655,255.8017,1899391
2019-05-30,255.7675,256.0788,254.4304,255.4355,1666755
2019-05-31,255.6053,256.5350,254.2538,256.5350,1129210
2019-06-03,256.1891,258.1041,255.4659,255.4659,1821167
2019-06-04,256.0902,258.1746,255.4613,257.2774,2366612
2019-06-05,257.3341,258.1178,256.3840,257.8876,1670496
2019-06-06,256.9305,256.9305,254.0521,254.0521,3198833
2019-06-07,254.0051,254.4783,252.6934,253.4397,1575985
2019-06-10,252.9240,254.0013,251.3124,251.3257,2028008
2019-06-11,250.5168,250.5168,247.2947,247.2947,2600497
2019-06-12,246.9090,247.4355,244.4448,244.4448,2919986
2019-06-13,244.4786,245.1868,243.2851,244.7442,1702857
2019-06-14,245.2448,248.7360,245.2448,247.3318,2434284
2019-06-17,247.4754,250.6516,247.4754,247.7441,1289833
2019-06-18,247.7626,250.1016,247.3098,247.8714,1954983
2019-06-19,248.5422,250.5848,248.5422,250.5848,3236363
2019-06-20,250.1984,250.5689,245.9474,247.5751,1781922
2019-06-21,247.6649,248.8473,246.6724,248.3544,1408886
2019-06-24,248.3345,249.8437,247.2540,248.0863,1904016
2019-06-25,248.1432,251.7659,248.1432,248.8102,1042642
2019-06-26,248.5958,249.1651,247.1920,248.1274,1645064
2019-06-27,247.3537,247.4785,244.8753,245.8768,4222360
2019-06-28,246.0858,247.0108,245.8209,247.0108,2094017
2019-07-01,246.8930,247.4293,245.0390,246.4675,1490393
2019-07-02,246.7126,252.0782,245.8400,247.3495,2321911
2019-07-03,245.7418,248.2837,237.7812,237.7812,2429376
2019-07-04,237.7651,239.2967,235.3931,237.6932,1304458
2019-07-05,238.5732,246.2937,238.5732,243.8244,1969923
2019-07-08,244.3028,254.0462,244.3028,251.6151,2355321
2019-07-09,249.6921,250.2893,244.7365,244.7365,2907098
2019-07-10,242.3761,244.5084,237.7004,237.7004,2775469
2019-07-11,236.7187,236.7187,230.5255,232.9883,2017901
2019-07-12,229.8719,231.4755,220.9270,220.9270,2293702
2019-07-15,222.1013,226.0524,222.1013,224.7723,2124481
2019-07-16,222.0621,223.3921,212.2879,212.2879,4170664
2019-07-17,216.0854,223.6276,216.0854,223.6276,2051124
2019-07-18,222.3398,225.3748,219.7080,219.7080,1117055
2019-07-19,219.5825,222.8731,219.2424,219.2424,1038788
2019-07-22,218.4894,218.4894,211.2448,211.2448,1846802
2019-07-23,211.0430,214.0009,206.4719,210.1209,1485144
2019-07-24,209.3562,209.3562,204.7481,207.5895,2273672
2019-07-25,206.6315,208.3096,201.4322,203.5542,2430051
2019-07-26,201.9354,205.4366,195.3642,195.6868,2236727
2019-07-29,194.7204,194.7204,190.1006,191.6897,1824987
2019-07-30,191.0746,192.7301,183.8400,184.0968,2049354
2019-07-31,184.2611,188.2303,184.2611,185.5196,2500499
2019-08-01,184.7558,187.2414,182.5422,182.5422,2267380
2019-08-02,182.3116,186.1630,181.6776,181.8522,1807521
2019-08-05,181.3882,185.7545,174.8007,175.1850,2809975
2019-08-06,176.5012,185.5158,176.5012,179.6034,1398802
2019-08-07,180.1081,182.7862,176.8957,182.7862,2307169
2019-08-08,182.3400,187.1450,180.3811,180.3811,1710615
2019-08-09,181.2757,185.8308,181.2757,183.2073,3101511
2019-08-12,183.5258,185.7520,181.4311,185.7520,2034735
2019-08-13,184.7972,184.7972,181.2284,181.5894,1552535
2019-08-14,183.5545,193.8529,183.5545,190.2424,4448584
2019-08-15,189.6763,189.6763,182.4601,186.7285,2519631
2019-08-16,185.7086,185.7086,178.2672,179.1978,2114868
2019-08-19,178.0205,179.2475,172.8849,173.7321,2205936
2019-08-20,171.9408,171.9408,166.6285,167.2366,3901045
2019-08-21,166.9587,168.7226,160.9352,165.8204,2036704
2019-08-22,166.0348,168.4892,163.9774,168.4892,1827300
2019-08-23,165.6691,165.6691,157.2636,157.2636,3222008
2019-08-26,158.0353,159.6792,156.2433,159.6792,1941242
2019-08-27,160.0996,164.8008,160.0996,161.5266,1526091
2019-08-28,161.6276,167.4126,160.7254,163.1938,1762067
2019-08-29,162.0146,163.9710,156.7862,159.7069,1907755
2019-08-30,162.5317,170.2777,162.5317,170.1764,4226389
2019-09-02,171.2010,178.0095,171.2010,175.0533,2757962
2019-09-03,175.8840,182.9073,174.3025,181.3833,2377248
2019-09-04,181.3039,188.3774,181.0836,181.0836,1398934
2019-09-05,182.4165,187.0312,181.7009,186.3229,2357187
2019-09-06,185.0293,188.4222,182.5769,182.5769,1725285
2019-09-09,183.4061,189.0027,183.4061,185.5230,2427294
2019-09-10,184.2302,185.5883,174.6540,174.6540,2104280
2019-09-11,175.3869,177.3515,172.5170,177.1851,2313657
2019-09-12,177.3021,178.5445,176.4480,178.1544,1744128
2019-09-13,178.7873,179.9731,178.3534,179.9731,2469046
2019-09-16,179.7209,179.7209,176.8459,177.1745,1848998
2019-09-17,177.2664,178.3962,176.6956,177.6257,1517105
2019-09-18,177.6787,179.3625,176.9800,178.4948,2260481
2019-09-19,178.6739,179.3218,176.7716,179.3218,2159110
2019-09-20,179.2459,180.2482,177.8440,178.8286,1271010
2019-09-23,178.8207,178.8947,177.7787,178.7028,1314400
2019-09-24,179.2594,180.9673,179.2594,180.7916,2582461
2019-09-25,181.1708,184.5015,181.1708,183.2671,2688486
2019-09-26,183.1914,183.5125,181.1165,182.6456,2330917
2019-09-27,183.5582,186.4652,183.2486,186.4652,2786887
2019-09-30,185.5634,185.5634,183.1921,183.6190,4468640
2019-10-01,184.1406,186.3690,184.1406,185.9297,3250524
2019-10-02,185.9231,186.1157,185.2051,185.8875,1365830
2019-10-03,186.0625,188.7254,186.0625,187.2689,1987778
2019-10-04,188.0729,190.9853,188.0729,190.8116,4209829
2019-10-07,190.4579,191.2660,189.4976,189.4976,1687262
2019-10-08,189.4828,191.0395,189.4090,189.4090,1633338
2019-10-09,189.0044,189.1542,187.1866,188.0088,2567510
2019-10-10,188.3594,190.2912,188.1220,189.5131,2490098
2019-10-11,189.5340,189.9512,187.7519,189.6089,1169521
2019-10-14,190.9432,193.5300,187.4520,193.5300,3315457
2019-10-15,193.4549,193.8829,191.2544,192.5584,1758000
2019-10-16,192.4924,192.6402,191.2458,192.1864,967899
2019-10-17,192.1631,193.0677,191.2509,192.0801,1206139
2019-10-18,192.1225,193.5508,190.9072,192.5727,1457688
2019-10-21,192.5758,193.7993,191.8112,192.6244,1680888
2019-10-22,193.5625,196.5243,193.5625,196.2551,4441355
2019-10-23,195.8396,195.8396,192.3365,192.3365,3226510
2019-10-24,192.3212,192.5166,191.5489,192.2913,1457175
2019-10-25,193.7391,197.6319,193.7391,196.9241,2835383
2019-10-28,196.5450,197.1851,195.1339,195.5049,2562858
2019-10-29,195.4220,196.1957,194.3911,194.9196,1697732
2019-10-30,194.8972,195.2676,193.5757,194.6674,1544903
2019-10-31,194.9772,196.9617,194.4192,196.9617,1779617
2019-11-01,196.8516,197.4085,195.3507,195.6370,2718214
2019-11-04,195.4309,196.1861,194.0640,194.8853,1159532
2019-11-05,194.6416,195.4155,193.7437,194.1402,1878015
2019-11-06,193.9637,195.5595,191.4618,192.8741,2993642
2019-11-07,192.5440,192.5440,189.6245,190.1233,2726333
2019-11-08,190.3412,191.8189,190.3412,191.1270,1563801
2019-11-11,191.1167,192.4312,189.6987,191.0963,1232883
2019-11-12,193.0023,197.5733,193.0023,196.7283,4371811
2019-11-13,196.3805,196.3805,194.2243,195.0969,2678389
2019-11-14,195.3527,197.9019,195.3527,195.8876,1722700
2019-11-15,195.8083,196.1282,194.5645,195.1388,1208573
2019-11-18,195.7783,198.9997,195.7783,198.9997,2652343
2019-11-19,198.6911,199.7012,197.5561,197.5561,3926439
2019-11-20,196.9201,196.9201,194.0906,194.8413,4376108
2019-11-21,194.6895,196.5895,193.8577,194.3946,2127063
2019-11-22,194.4179,194.8001,193.1544,194.8001,2088116
2019-11-25,194.5663,194.5663,193.1353,193.3066,2424740
2019-11-26,192.3740,192.6947,190.6291,190.6295,1677830
2019-11-27,191.0174,193.5629,191.0174,193.5629,3449330
2019-11-28,192.7656,192.7656,190.0641,190.4733,3083011
2019-11-29,190.3296,190.3296,187.8691,188.5454,2522721
2019-12-02,188.5184,189.5440,187.7748,188.2132,1277375
2019-12-03,188.9601,190.5907,188.3943,190.5907,2419106
2019-12-04,190.9762,194.1451,190.9762,193.9000,2854600
2019-12-05,194.2380,196.0235,193.0303,195.9457,3452113
2019-12-06,196.1816,196.8447,194.8221,196.8447,2319415
2019-12-09,196.5788,196.5788,194.3552,194.8243,2197424
2019-12-10,194.7386,194.7386,193.2353,193.5764,2392567
2019-12-11,194.0362,195.2743,192.8157,195.2743,2030062
2019-12-12,195.5613,198.2685,195.5613,198.2685,3671221
2019-12-13,198.0887,199.9133,194.9341,194.9341,4006492
2019-12-16,195.7330,197.3027,195.0511,197.3027,3162106
2019-12-17,197.7739,200.7116,197.7739,200.4871,2867977
2019-12-18,200.5403,202.7271,200.1071,200.6459,1806360
2019-12-19,200.7323,202.0631,200.3484,201.1576,1663878
2019-12-20,201.0597,202.5060,200.4518,200.4518,1315989
2019-12-23,199.9100,199.9100,197.5664,198.4240,2253520
2019-12-24,198.5389,199.6988,197.2760,199.0297,2133378
2019-12-25,198.9052,199.1631,197.5625,198.4580,1978579
2019-12-26,198.9440,201.3621,197.9141,201.3621,3157127
2019-12-27,201.1203,202.4629,199.9909,199.9909,1652234
2019-12-30,199.9636,199.9636,198.5304,199.8666,1237558
2019-12-31,199.9716,201.8371,199.9716,201.0741,1897310
2020-01-01,200.7508,201.4622,199.4873,199.4873,2310369
2020-01-02,199.2964,200.2842,198.8120,198.9415,2122446
2020-01-03,198.4050,199.9305,196.8312,196.8312,3118044
2020-01-06,197.8028,200.2150,196.7669,200.0765,2215852
2020-01-07,200.1345,200.8316,199.0756,200.5283,2177433
2020-01-08,201.3659,203.3062,200.4815,203.3062,3254447
2020-01-09,203.7024,205.4532,203.4817,205.4532,3373014
2020-01-10,205.7660,209.5135,204.7890,206.9843,2197388
2020-01-13,206.3015,207.0755,204.4712,204.5544,2456193
2020-01-14,204.1043,204.4122,202.2879,202.3077,3785058
2020-01-15,202.9847,205.5750,202.7312,205.5750,2065557
2020-01-16,205.4036,205.4036,203.9733,204.5416,3025958
2020-01-17,204.6013,205.3008,203.3279,205.3008,2221001
2020-01-20,206.1283,208.3670,206.1283,207.7755,3380608
2020-01-21,207.7666,209.1126,206.4436,207.6299,1580585
2020-01-22,207.1700,207.1700,204.9565,205.0997,2078005
2020-01-23,205.2860,206.9854,205.2820,206.3838,1960100
2020-01-24,205.4136,205.4136,202.7176,203.6046,2632263
2020-01-27,203.6165,205.5615,202.9849,203.6735,919356
2020-01-28,203.5201,204.4907,202.6199,203.1579,2230150
2020-01-29,203.3361,205.3050,203.1775,203.8654,1960343
2020-01-30,203.9137,204.1132,201.3499,204.1132,2558141
2020-01-31,204.3078,206.3689,204.3078,204.9038,2339708
2020-02-03,205.9671,208.8940,205.9671,208.3669,2525159
2020-02-04,207.2312,207.9327,204.7275,205.0654,2388282
2020-02-05,205.2853,206.1326,204.2855,206.1326,1619224
2020-02-06,206.8112,209.3399,205.6439,209.3399,3723261
2020-02-07,209.5868,212.3316,209.1559,211.8705,2344586
2020-02-10,211.5928,211.5928,208.8534,210.4635,3098110
2020-02-11,210.8162,214.3248,210.8162,213.4910,2959567
2020-02-12,213.4309,214.2427,211.6574,213.1055,1682198
2020-02-13,213.2453,214.8831,213.1950,213.7242,1644703
2020-02-14,213.7644,214.2501,213.0370,213.9113,2567322
2020-02-17,213.6866,215.0070,212.5138,212.5138,2771170
2020-02-18,212.6783,214.7175,212.1030,214.6725,1959638
2020-02-19,214.8896,215.7348,214.3877,215.6105,1392342
2020-02-20,215.9513,218.9879,215.9513,217.4090,1395534
2020-02-21,217.6002,219.2602,216.7789,219.2602,3126769
2020-02-24,219.7249,220.6518,218.3684,220.6518,2445398
2020-02-25,218.6166,226.7617,214.2714,214.2714,2150949
2020-02-26,210.2976,210.4950,202.0253,202.0253,1737607
2020-02-27,202.2775,207.0533,199.5974,207.0533,2242969
2020-02-28,206.3177,206.3177,197.6634,202.4305,1015493
2020-03-02,202.3593,202.6801,201.2732,201.9578,1465068
2020-03-03,201.8491,206.1497,198.4451,201.5284,915372
2020-03-04,200.8094,201.7433,197.8445,198.2648,3002453
2020-03-05,194.6107,195.5180,184.7735,184.7735,4126440
2020-03-06,184.0513,185.5638,181.4054,181.4054,2397578
2020-03-09,180.9156,180.9156,176.7701,178.1628,1486187
2020-03-10,178.3112,179.5377,176.4628,178.8564,1493195
2020-03-11,179.2614,181.4913,176.6521,181.4913,2030242
2020-03-12,180.8896,180.8995,178.5712,179.6106,3395245
2020-03-13,179.9450,182.0935,179.9450,181.9824,3109141
2020-03-16,181.8964,181.8964,180.0998,181.0585,2365245
2020-03-17,181.1675,182.9416,181.1675,182.6334,2751093
2020-03-18,182.8546,184.5662,182.0934,184.5662,2157971
2020-03-19,184.7138,188.3600,184.7138,187.2722,4183746
2020-03-20,187.4747,190.2231,187.4747,190.2231,2364607
2020-03-23,190.5015,193.3485,190.5015,192.4686,4233365
2020-03-24,191.3934,195.0167,187.5237,187.5237,2543688
2020-03-25,185.9345,185.9345,174.5131,176.8778,3273866
2020-03-26,177.3778,180.9181,175.5404,178.5530,1408718
2020-03-27,179.3994,185.1614,178.5264,185.1614,1668071
2020-03-30,185.1268,185.1268,183.7734,185.0553,1837732
2020-03-31,185.3735,187.1553,184.9123,187.1553,2321216
2020-04-01,187.5849,188.5816,185.9235,188.5816,3462483
2020-04-02,188.4401,189.6220,187.6063,188.0217,2075759
2020-04-03,188.0990,189.4430,187.4002,189.4430,2367754
2020-04-06,189.6285,191.0784,189.5648,190.1687,2249750
2020-04-07,189.8279,190.8665,188.6168,188.8734,1923323
2020-04-08,188.8879,189.3436,187.5978,188.9180,2924148
2020-04-09,188.2018,188.7789,186.8274,186.8274,3375121
2020-04-10,186.3364,186.6065,184.7059,185.2069,1676126
2020-04-13,184.7736,185.0109,183.8031,183.8031,2630509
2020-04-14,183.7228,184.1938,182.3529,183.1756,2433701
2020-04-15,182.4567,182.4567,180.4689,180.8829,2022315
2020-04-16,181.2506,183.6792,180.6860,183.6792,3261223
2020-04-17,184.5994,190.1832,184.5994,189.7964,5718205
2020-04-20,189.8707,190.0355,188.3885,190.0355,1730522
2020-04-21,190.0417,191.2007,189.2521,190.1473,1167309
2020-04-22,190.0848,190.7113,189.6191,189.6191,1816219
2020-04-23,189.9656,191.8940,189.9656,191.1591,2567471
2020-04-24,190.7948,190.7948,189.1092,189.7801,3409682
2020-04-27,189.2420,189.2420,186.0123,186.0123,5206091
2020-04-28,186.6583,188.1372,186.3025,187.9936,1743526
2020-04-29,187.7683,187.8575,185.8293,187.2511,2701801
2020-04-30,187.1935,187.4701,186.5464,186.8781,1356036
2020-05-01,187.1115,187.5581,185.5608,187.5581,1913922
2020-05-04,186.9517,186.9517,184.5513,184.5513,2906788
2020-05-05,183.9571,183.9571,180.6038,181.9154,3029733
2020-05-06,181.8585,181.8757,181.0342,181.1326,2288113
2020-05-07,181.0917,181.4096,180.5278,180.8841,2636966
2020-05-08,180.9358,181.7963,180.3699,181.7963,1498383
2020-05-11,181.8494,182.6798,181.3805,182.6798,1699284
2020-05-12,182.7141,183.4792,182.7141,182.9957,1339052
2020-05-13,183.0908,183.7716,182.1979,183.7716,2743771
2020-05-14,183.6324,184.7363,182.8306,183.1301,1872032
2020-05-15,184.2760,187.9832,184.2760,187.9832,3880330
2020-05-18,186.9535,187.4684,184.8606,184.8606,4495046
2020-05-19,185.6949,187.4171,185.2866,187.4171,2515039
2020-05-20,187.7805,189.7724,187.7805,189.7724,2357017
2020-05-21,189.8253,190.1452,189.1609,189.9342,1184392
2020-05-22,190.0304,191.5761,189.3681,190.2589,2331502
2020-05-25,191.2159,193.9511,191.2159,193.9511,4125784
2020-05-26,194.3228,195.4312,194.1096,195.4102,2040828
2020-05-27,195.4764,195.7873,195.0291,195.7873,1619226
2020-05-28,195.5505,196.4686,194.1461,194.1461,2394265
2020-05-29,194.9356,196.4675,194.0859,196.4675,2939357
2020-06-01,195.9380,195.9380,194.4627,194.5115,2825892
2020-06-02,194.5093,194.5093,192.5919,194.4677,767578
2020-06-03,194.1108,194.1108,192.6396,192.9302,2807339
2020-06-04,193.3544,196.1555,193.3070,196.1555,3781820
2020-06-05,196.1158,196.2160,195.0441,195.7569,1645039
2020-06-08,195.7542,196.1485,194.1660,195.7408,1526384
2020-06-09,195.3504,195.3504,193.2037,193.8682,2064336
2020-06-10,193.5566,193.6725,192.3692,192.4927,2744719
2020-06-11,191.9706,192.4236,189.8836,189.8836,3078298
2020-06-12,189.8720,190.7186,188.6730,189.8351,1269226
2020-06-15,189.3155,190.4903,187.2667,187.2667,3279778
2020-06-16,188.2845,191.5077,187.6616,191.5077,3342291
2020-06-17,191.6646,193.4264,191.2406,192.8929,3012575
2020-06-18,192.9662,195.0486,192.9662,193.1741,3565995
2020-06-19,192.6928,193.0229,191.1661,191.5253,3203686
2020-06-22,191.3959,192.7127,190.3820,191.1411,1332619
2020-06-23,191.0215,191.0215,187.0462,190.2998,1837475
2020-06-24,189.5170,189.5170,187.9378,187.9378,1787850
2020-06-25,187.9759,188.4654,186.7522,188.0859,1813403
2020-06-26,188.0276,188.1456,186.4026,187.9114,1202195
2020-06-29,188.9171,192.8714,188.6873,192.8714,3814874
2020-06-30,193.6456,195.5847,193.6456,195.5847,2815566
2020-07-01,195.6541,197.2832,195.6541,195.9462,1184105
2020-07-02,196.0595,197.8992,195.3045,196.8412,1376267
2020-07-03,197.4035,200.0401,197.1359,200.0401,2982214
2020-07-06,200.2338,202.4706,199.3661,200.9106,1735987
2020-07-07,201.6000,203.1750,200.2109,203.1750,2047980
2020-07-08,203.7269,206.5952,203.7269,206.5952,4006851
2020-07-09,206.5615,208.9839,205.0202,206.1339,1431721
2020-07-10,207.6489,210.7726,207.0347,210.7726,4598172
2020-07-13,211.3129,213.2455,210.3085,213.2455,1983818
2020-07-14,212.9239,214.3089,211.4238,211.4238,2741003
2020-07-15,211.4489,211.5151,210.3715,211.5151,1629362
2020-07-16,211.6479,213.2148,210.8809,213.0307,1833743
2020-07-17,213.1679,214.7621,213.0472,214.6457,2321708
2020-07-20,214.0474,215.6157,212.4621,212.4621,3290786
2020-07-21,212.9536,216.1614,212.7767,216.1614,3461358
2020-07-22,216.1104,217.7371,215.7953,215.7953,1393988
2020-07-23,215.3870,215.3870,212.8971,213.9517,2421836
2020-07-24,214.6363,216.4461,214.3537,216.0193,1983111
2020-07-27,215.6233,215.6233,213.2288,213.2288,3089745
2020-07-28,212.5621,214.0846,211.3206,211.3206,2711986
2020-07-29,211.4119,211.9650,211.0112,211.9650,1793035
2020-07-30,212.9508,216.0671,212.6611,216.0671,4178712
2020-07-31,216.5621,220.4899,216.4803,219.9825,3648524
2020-08-03,218.8629,218.8629,215.4418,216.3500,5525123
2020-08-04,216.5006,219.2535,216.5006,218.8138,2861010
2020-08-05,219.0021,220.8935,218.4020,220.8935,2478752
2020-08-06,220.6722,221.7838,218.6567,219.3320,4015311
2020-08-07,218.7078,218.7078,215.5134,215.5134,2368073
2020-08-10,215.4875,216.0993,213.2655,215.3339,1473069
2020-08-11,215.1210,215.7268,213.5780,214.3462,2442531
2020-08-12,214.2274,215.7550,213.8145,213.8965,1597894
2020-08-13,214.3288,216.8799,214.2443,215.4210,2905394
2020-08-14,215.0012,215.0012,211.8078,213.7790,2268018
2020-08-17,213.4900,213.9309,211.0093,211.0093,4483247
2020-08-18,211.3604,213.2310,208.8976,212.7798,1737731
2020-08-19,213.5253,217.9786,213.5253,217.9786,4225478
2020-08-20,218.3055,219.8214,218.3055,219.5865,2832560
2020-08-21,219.6799,222.3725,219.6799,221.0855,2204473
2020-08-24,220.4628,221.3016,217.5575,218.6443,3357716
2020-08-25,217.8602,218.7733,214.0338,214.0338,2932462
2020-08-26,214.1238,215.0520,213.4821,214.6627,2066830
2020-08-27,214.7809,216.8404,214.7809,216.6998,2891930
2020-08-28,216.6110,218.7124,215.7625,216.4327,936918
2020-08-31,216.2855,216.6611,215.0385,215.9456,1363509
2020-09-01,216.6795,218.9980,216.6795,218.3367,2469369
2020-09-02,218.5736,221.2129,218.2155,221.2129,1987293
2020-09-03,221.5630,222.9530,221.2241,222.5473,2434949
2020-09-04,222.6185,224.5835,222.4723,222.9197,1858179
2020-09-07,223.0690,225.1748,221.5871,225.1748,2663221
2020-09-08,225.5554,226.5920,222.6451,226.5920,1814631
2020-09-09,228.4360,233.8989,228.4360,233.0228,4773137
2020-09-10,232.8809,233.4114,231.0897,231.7775,2133100
2020-09-11,232.5679,236.3896,232.5679,235.5411,3822109
2020-09-14,235.8064,240.2516,235.8064,237.1452,2594902
2020-09-15,237.4788,238.5255,235.5822,238.5255,2853170
2020-09-16,238.0997,238.7849,236.9293,236.9763,2153872
2020-09-17,236.8473,236.8473,234.0299,236.0323,2181178
2020-09-18,236.1999,238.5846,236.1635,237.7898,1499014
2020-09-21,237.6855,237.6855,235.4785,236.3815,2842722
2020-09-22,236.6186,237.2965,235.7453,237.2965,2777311
2020-09-23,236.4493,236.4493,233.6333,234.4927,2999917
2020-09-24,234.7268,237.7946,234.7268,236.9490,2078853
2020-09-25,236.9052,238.9007,236.6398,236.6398,1927963
2020-09-28,237.2280,241.2811,237.2280,241.2811,3904671
2020-09-29,240.3727,241.9618,237.9465,237.9465,3387917
2020-09-30,237.6348,238.7544,237.0406,237.0406,968308
2020-10-01,236.8264,238.6227,235.8695,236.3338,2491944
2020-10-02,237.9030,241.3011,233.3712,241.3011,1655265
2020-10-05,241.7788,246.7841,241.7788,243.4721,2048095
2020-10-06,243.1376,244.8784,236.2402,237.8727,3189050
2020-10-07,238.2653,242.6335,237.2342,239.8963,1905071
2020-10-08,240.2576,241.1103,236.0296,241.1103,1450288
2020-10-09,241.4101,246.9059,239.7675,246.9059,2492260
2020-10-12,248.0510,255.8559,247.7605,252.8280,3303283
2020-10-13,253.8316,259.1333,252.0803,258.2474,1592972
2020-10-14,258.9373,263.8176,258.9373,261.1530,1483479
2020-10-15,262.2063,273.5185,262.2063,271.0878,3151015
2020-10-16,271.6033,278.5498,271.6033,275.5122,3076389
2020-10-19,275.9778,284.3085,275.9778,284.3085,1730095
2020-10-20,284.3204,290.6137,280.5456,284.3750,1204496
2020-10-21,280.6384,280.6384,272.2037,273.1081,2663927
2020-10-22,277.4432,296.1749,277.4432,296.1749,4164119
2020-10-23,295.4575,300.8203,292.4722,292.5426,1599816
2020-10-26,293.4879,301.4361,290.4396,301.4361,3440995
2020-10-27,303.1548,317.4653,303.1548,307.7142,2055667
2020-10-28,305.4342,309.8635,300.6020,300.6020,2273072
2020-10-29,297.6493,301.5837,283.4376,288.1654,2022962
2020-10-30,289.0235,293.3900,286.8139,293.3900,2491812
2020-11-02,294.1182,296.5608,293.1411,296.5608,1922339
2020-11-03,297.6624,308.4726,296.2633,300.2252,1943149
2020-11-04,299.4949,299.4949,288.1932,288.1932,2756543
2020-11-05,287.7816,291.2296,281.8075,285.2898,1708473
2020-11-06,285.8177,289.1817,282.7162,287.1784,1623010
2020-11-09,286.3563,286.3563,277.2882,281.8382,3614443
2020-11-10,279.6895,285.6994,274.7400,275.0754,1942637
2020-11-11,276.5638,285.2289,272.2661,281.7477,2176104
2020-11-12,282.6114,291.0659,278.8288,288.2209,2409800
2020-11-13,285.4115,285.4115,272.1984,277.4414,3188279
2020-11-16,278.9062,284.4901,276.1887,284.4901,1561421
2020-11-17,283.2819,283.2819,276.1044,276.2425,1749841
2020-11-18,273.9496,274.0459,268.5343,268.9764,1778402
2020-11-19,267.0647,267.8654,247.2896,250.0709,4398620
2020-11-20,252.1441,259.3498,251.9564,256.1161,2163997
2020-11-23,255.5837,258.0952,251.6394,251.6394,1942143
2020-11-24,253.4563,262.9540,253.4563,257.2981,3002047
2020-11-25,258.1574,265.9983,256.9727,260.6415,1696152
2020-11-26,261.1854,262.8295,255.1331,262.6301,1488873
2020-11-27,261.5443,262.7349,251.6502,251.6502,2494287
2020-11-30,250.4678,250.4678,242.6075,242.6075,5080520
2020-12-01,242.6822,243.8388,241.7817,243.8388,1676642
2020-12-02,243.3555,243.3555,240.7794,241.1209,2957592
2020-12-03,240.4013,241.9038,238.2557,238.2557,2444767
2020-12-04,238.3770,239.4265,238.2950,239.2103,1544083
2020-12-07,239.7325,241.1647,238.6166,241.1647,2106341
2020-12-08,240.8628,241.2940,239.3497,239.7716,3628680
2020-12-09,239.2644,239.2644,236.9268,236.9268,2293464
2020-12-10,237.2698,238.4813,236.6822,238.4813,2565490
2020-12-11,238.7542,242.2059,238.7542,240.0981,2146988
2020-12-14,240.5073,242.4786,237.7859,242.4786,1989408
2020-12-15,241.5527,242.1042,239.3652,239.3652,3071867
2020-12-16,240.1418,243.6153,239.5268,243.1987,2203500
2020-12-17,243.2727,244.9314,242.4535,243.6688,1510013
2020-12-18,244.4093,247.5920,243.7820,247.5920,3462975
2020-12-21,248.1262,255.2969,248.1262,250.9382,2608076
2020-12-22,251.6407,260.2932,250.7904,256.2896,2927481
2020-12-23,256.5334,259.4070,254.7875,258.1767,2019149
2020-12-24,259.2770,266.5838,258.1682,265.1695,2970878
2020-12-25,265.4353,277.4370,264.5150,266.4417,1728456
2020-12-28,264.7934,266.1926,255.3282,256.1703,3115816
2020-12-29,256.5201,264.6516,256.5201,259.3613,2096332
2020-12-30,259.0663,259.7059,254.3934,256.0071,2399602
2020-12-31,256.8710,264.6827,255.4594,263.2646,1848055
2021-01-01,265.0307,269.0354,261.8742,269.0354,2442484
2021-01-04,267.7583,272.1830,264.6437,265.3338,3129247
2021-01-05,266.4354,277.8113,263.2652,273.8402,2987251
2021-01-06,268.1255,269.1905,256.0657,257.5339,2656124
2021-01-07,259.9914,271.4310,259.9914,267.7786,2656371
2021-01-08,266.2487,266.8860,253.4010,254.6593,3559163
2021-01-11,255.3876,259.3752,253.8053,258.8109,1219675
2021-01-12,257.3160,259.9056,250.2542,252.9660,2592038
2021-01-13,254.2512,262.4120,254.2512,262.4120,2812872
2021-01-14,258.1416,259.4779,249.4149,249.6517,2917348
2021-01-15,249.1914,252.3254,247.8743,247.8743,2277330
2021-01-18,248.4449,256.9719,248.4449,255.2779,2185417
2021-01-19,254.7399,256.6274,252.4129,252.5732,1762938
2021-01-20,254.9025,268.3050,254.9025,262.0917,4024471
2021-01-21,262.1985,266.8785,260.4993,262.5719,1623771
2021-01-22,263.5424,275.0912,263.5424,267.5166,1964621
2021-01-25,266.1958,266.1958,256.9726,261.3324,2270610
2021-01-26,260.8120,262.2123,256.8745,256.8745,2285117
2021-01-27,251.8171,254.1619,240.1852,240.1852,3857255
2021-01-28,239.8902,241.1013,239.3295,239.3295,1809945
2021-01-29,239.2319,241.2989,238.0979,238.0979,1198348
2021-02-01,239.7938,243.5952,239.7938,243.5952,2996374
2021-02-02,244.9022,250.3116,244.9022,249.6351,4746361
2021-02-03,249.3607,250.4834,248.3278,248.3278,2721033
2021-02-04,248.2399,249.5420,247.5419,247.8284,1462856
2021-02-05,248.6097,250.2182,248.3316,250.2182,2736447
2021-02-08,250.3192,251.6059,249.0946,251.4167,3047790
2021-02-09,251.1219,251.1219,247.7284,248.7360,2407694
2021-02-10,248.8689,250.6944,248.8540,250.6944,2290903
2021-02-11,250.5267,251.8515,249.6489,250.0768,1218718
2021-02-12,250.9320,254.5216,250.9320,253.2215,1670782
2021-02-15,253.6970,257.4400,253.6970,257.4400,3276523
2021-02-16,258.4829,260.9118,257.9119,260.9118,2934870
2021-02-17,261.2978,262.7516,258.3168,262.7516,2366309
2021-02-18,262.4217,262.4217,258.9845,259.7213,2310765
2021-02-19,259.7661,262.0078,258.3985,259.8728,1269222
2021-02-22,258.9818,258.9818,255.2163,256.5227,2146728
2021-02-23,256.4644,257.2379,255.3925,256.0759,1795607
2021-02-24,256.2638,256.7093,254.6843,256.7093,1786560
2021-02-25,256.5581,257.4203,255.5921,255.5921,2127299
2021-02-26,255.0745,255.9739,252.7743,253.9390,2943943
2021-03-01,254.0553,255.7304,253.3628,255.1529,2249522
2021-03-02,255.1492,255.8488,253.8004,255.1334,1809693
2021-03-03,255.1154,255.6879,253.9930,255.0685,1083809
2021-03-04,254.7549,255.1606,252.3487,252.4948,3686691
2021-03-05,252.6825,256.7656,252.6825,254.4489,2376073
2021-03-08,255.3439,257.1101,253.6558,257.1101,2008380
2021-03-09,258.0521,262.4116,256.4903,260.9013,2595500
2021-03-10,260.5903,260.8685,258.5804,259.0477,1933092
2021-03-11,258.8318,258.8318,256.1809,258.3955,1393665
2021-03-12,258.4586,259.4270,257.3032,259.3107,2074298
2021-03-15,259.4608,261.8609,259.4608,261.0525,2213107
2021-03-16,260.7194,260.8786,258.5258,258.5258,2232604
2021-03-17,258.7029,261.2012,258.4491,259.8115,1363691
2021-03-18,259.7066,260.1009,258.5771,258.5771,1762553
2021-03-19,260.0960,263.5823,259.2498,263.1238,2901286
2021-03-22,262.1805,262.1805,258.7075,258.7075,3365525
2021-03-23,258.7791,260.7299,258.7791,259.0144,1125849
2021-03-24,258.2545,259.6642,256.6236,256.6236,2571166
2021-03-25,257.2352,259.6567,256.5851,259.6567,3911344
2021-03-26,260.9001,264.6531,260.1631,264.6531,2957245
2021-03-29,264.2794,264.7853,262.1579,263.3703,1823480
2021-03-30,264.3463,266.5052,264.3463,266.5052,2302088
2021-03-31,266.7858,272.8154,266.7858,269.4951,2178955
2021-04-01,269.5096,272.5833,268.4124,269.5851,1689353
2021-04-02,270.4252,273.8549,269.1112,273.8549,3276262
2021-04-05,273.8794,274.6887,272.8992,274.1386,1943333
2021-04-06,273.9612,273.9612,272.4987,272.8127,1571588
2021-04-07,273.0182,275.4452,273.0182,273.9426,1898146
2021-04-08,273.8201,273.8201,271.6481,272.3524,1383405
2021-04-09,272.3819,273.8762,271.7022,272.5441,2008234
2021-04-12,273.5988,278.0346,273.5988,276.1758,2631126
2021-04-13,275.2340,275.2340,270.6620,270.6620,3868294
2021-04-14,268.3951,269.1354,264.0224,264.0224,2586357
2021-04-15,263.5866,263.5866,260.5586,262.0295,3073933
2021-04-16,262.4680,264.0278,262.1386,264.0278,1851083
2021-04-19,264.2686,269.3623,264.2686,268.6633,4172969
2021-04-20,268.1549,268.1549,265.2530,265.5828,2357723
2021-04-21,265.3780,265.3780,263.1097,264.4306,2060371
2021-04-22,263.7546,265.4498,262.0483,262.0483,2537306
2021-04-23,261.9484,262.4569,259.6161,261.4328,1421642
2021-04-26,260.6878,261.1324,257.6332,257.6332,4397387
2021-04-27,257.8349,258.5406,256.6542,258.2977,1889341
2021-04-28,259.1986,262.6348,259.1986,261.0275,2015570
2021-04-29,261.1430,262.2107,259.8799,262.0675,2475912
2021-04-30,261.1334,261.1334,256.5617,256.5617,4240586
2021-05-03,256.5751,257.7392,255.5054,256.6089,1316947
2021-05-04,257.0555,260.0593,257.0555,259.6383,1999055
2021-05-05,260.5019,262.4473,258.3948,262.4473,2521681
2021-05-06,262.9434,267.0250,262.9434,266.9409,3121903
2021-05-07,266.2443,267.1845,264.0002,264.7039,1326692
2021-05-10,263.9191,264.3015,261.0707,262.3712,2275572
2021-05-11,262.6527,264.0714,261.4330,264.0714,1835340
2021-05-12,265.2178,267.6436,264.5901,267.6436,2737445
2021-05-13,268.3955,271.1465,268.0624,270.6094,3433536
2021-05-14,270.5556,272.4260,269.1451,270.4336,2402967
2021-05-17,269.8671,270.4377,267.1198,268.7680,2976583
2021-05-18,269.0831,270.1326,267.6857,269.7625,2145283
2021-05-19,269.1438,269.1438,265.0437,265.0437,5114516
2021-05-20,266.6725,271.7075,266.6725,271.7075,3318976
2021-05-21,271.8226,275.7203,271.2477,272.5071,1222357
2021-05-24,272.2093,272.2093,270.8583,270.8583,2999369
2021-05-25,270.3185,270.3185,266.8023,268.3924,2693787
2021-05-26,268.3929,268.6502,264.6490,268.3941,1800551
2021-05-27,269.8377,273.0649,268.8340,273.0649,3521699
2021-05-28,272.6525,273.8995,270.9835,271.8860,1811375
2021-05-31,272.6725,274.7740,271.9080,274.7740,2677877
2021-06-01,276.0964,280.3860,275.4475,280.3860,4595104
2021-06-02,280.5045,281.1294,278.1857,281.0788,1240221
2021-06-03,281.2691,282.6104,280.6464,281.6767,2126240
2021-06-04,281.5925,281.5925,279.0868,280.8886,2085233
2021-06-07,281.2628,282.4310,279.9095,282.4310,1653533
2021-06-08,282.7973,284.9398,282.5543,284.1086,2212001
2021-06-09,282.8940,282.8940,274.3065,277.1251,3746333
2021-06-10,277.6091,282.2236,277.6091,282.2236,2858697
2021-06-11,283.5130,287.7129,283.1473,287.0040,2634904
2021-06-14,286.2341,286.2341,282.6023,282.8295,3873877
2021-06-15,282.7767,283.7080,280.3799,281.8917,1130825
2021-06-16,282.1323,284.3692,281.0024,283.0482,1854390
2021-06-17,283.7921,286.0099,282.3701,286.0099,2381229
2021-06-18,285.2800,285.6623,282.6863,283.2393,2051704
2021-06-21,283.2752,284.2994,282.3867,283.4319,1693662
2021-06-22,282.9720,282.9720,279.8902,281.6285,3172156
2021-06-23,281.6457,284.8490,281.6457,281.9632,2402269
2021-06-24,282.1777,283.5416,281.3094,283.5416,3469298
2021-06-25,283.6338,285.7048,283.6338,283.8368,1592664
2021-06-28,283.1502,283.1502,277.6016,279.0910,2518031
2021-06-29,279.3308,280.2963,279.0762,280.2963,1733508
2021-06-30,281.7711,285.7058,281.7711,284.6607,2643517
2021-07-01,284.2897,284.2897,280.4920,282.4190,2308725
2021-07-02,282.0576,284.3785,279.3679,279.4929,2914001
2021-07-05,279.4418,280.0140,276.6732,279.0265,2256959
2021-07-06,278.6506,278.6506,276.4863,277.3533,2767788
2021-07-07,276.5547,276.5547,274.3626,274.6385,2324654
2021-07-08,274.6212,275.1438,274.0049,274.4466,838307
2021-07-09,274.3340,275.8446,273.7005,274.0599,1449292
2021-07-12,273.9953,274.2567,272.6153,273.2475,2177848
2021-07-13,273.2354,274.3425,271.6944,273.0705,1699112
2021-07-14,272.0444,272.6155,269.0709,270.0141,2254623
2021-07-15,269.9833,270.3740,269.2097,269.8619,1412220
2021-07-16,269.6889,269.6889,266.7342,266.9078,3093369
2021-07-19,267.6221,270.1110,267.1490,270.1110,2501823
2021-07-20,270.3540,272.8711,270.3540,272.4008,1440722
2021-07-21,272.2596,272.8929,271.3175,271.7912,2385470
2021-07-22,272.3252,275.6883,272.3252,274.5912,2277263
2021-07-23,275.2119,279.9503,275.2119,278.3896,3013056
2021-07-26,278.6797,280.6232,278.6797,279.5180,1712478
2021-07-27,278.8305,279.0015,271.5478,271.5478,4903951
2021-07-28,271.6550,272.5275,271.1686,272.2840,2179417
2021-07-29,271.5851,271.5851,266.4903,266.7985,3957711
2021-07-30,266.3097,266.3097,263.2858,263.8886,4028017
2021-08-02,263.1099,263.4184,261.5147,261.5147,2904235
2021-08-03,262.8625,265.8086,261.7726,265.4366,2851829
2021-08-04,266.0238,270.0626,265.4813,270.0626,3673057
2021-08-05,269.9936,271.8320,269.3397,269.4099,1550454
2021-08-06,269.4225,269.5649,267.8661,269.4658,1014167
2021-08-09,269.2164,269.2164,266.9119,267.7613,3227134
2021-08-10,266.8949,266.8949,263.9941,265.1779,3742968
2021-08-11,265.4173,267.7741,265.4173,266.5678,1923105
2021-08-12,266.3385,267.8893,265.0127,265.0127,1996038
2021-08-13,264.1695,264.1695,258.7666,260.3452,2944505
2021-08-16,260.1731,260.9318,259.4521,259.5863,1838091
2021-08-17,259.5922,260.3513,258.4695,259.7004,1792142
2021-08-18,260.1666,261.9722,259.0917,261.9722,2079079
2021-08-19,262.1925,264.0073,260.8124,264.0073,2898494
2021-08-20,263.8276,263.8276,261.4582,262.8794,1837636
2021-08-23,262.7525,264.2420,261.5168,261.7482,2388982
2021-08-24,262.2322,263.9258,262.0247,263.9258,2384037
2021-08-25,264.0763,267.1877,264.0763,265.0637,1897420
2021-08-26,265.6114,267.6053,263.2428,267.6053,4202048
2021-08-27,267.9801,269.9842,267.5085,269.1771,3083062
2021-08-30,268.9323,269.0860,267.9319,268.3096,2290330
2021-08-31,266.6966,266.6966,261.2453,262.2814,3538230
2021-09-01,262.5070,268.1145,262.5070,264.5348,2964296
2021-09-02,264.6757,265.0920,263.0215,265.0594,2658206
2021-09-03,265.1428,267.9395,263.2570,265.6145,2871441
2021-09-06,265.5699,266.7198,264.8089,265.2154,1303765
2021-09-07,266.7073,271.3290,266.7073,271.3290,4279064
2021-09-08,271.3919,273.1910,270.4782,272.1765,2214316
2021-09-09,270.6084,271.9103,265.9223,266.4799,3847496
2021-09-10,266.0368,266.4325,264.7054,265.2121,2537958
2021-09-13,264.2741,264.2741,261.8944,261.8944,2109298
2021-09-14,261.5803,262.3841,258.9550,260.0598,2584307
2021-09-15,260.2574,261.5398,259.9984,260.8803,1476850
2021-09-16,261.2256,262.8155,259.9132,262.6260,2359241
2021-09-17,262.7018,267.2570,262.7018,263.5365,2831378
2021-09-20,264.1356,268.8095,264.1356,265.2558,2801250
2021-09-21,265.2211,265.5947,261.6463,264.9289,1563514
2021-09-22,264.5733,264.5733,261.8868,263.0600,2369074
2021-09-23,263.4090,265.4818,262.7755,264.1843,1618399
2021-09-24,264.0186,265.8797,262.8421,263.5879,1908943
2021-09-27,263.0472,263.5172,260.7419,261.0962,2862321
2021-09-28,261.2972,262.7589,261.0516,262.7589,1255318
2021-09-29,263.6667,266.5115,263.6667,266.5115,5984756
2021-09-30,266.5545,271.8302,263.8939,267.1639,1258291
2021-10-01,266.0600,274.7237,263.0483,263.0483,2718839
2021-10-04,256.9139,256.9139,244.1995,244.1995,5219697
2021-10-05,244.7445,249.3203,239.7810,248.5879,2920235
2021-10-06,248.6852,253.8577,248.6852,250.5369,1693930
2021-10-07,251.5061,258.7986,249.7237,258.7986,3265428
2021-10-08,263.1499,276.2659,263.1499,276.2659,3120615
2021-10-11,276.5443,283.4539,273.3500,278.3218,2309360
2021-10-12,276.4173,282.4734,271.7108,271.7108,1562911
2021-10-13,275.2925,286.7483,275.2925,285.9471,3451829
2021-10-14,285.6597,289.0074,283.0235,284.6713,1594710
2021-10-15,286.0550,292.3106,286.0550,289.5998,2111816
2021-10-18,292.0113,301.2757,292.0113,296.9942,2054672
2021-10-19,294.4009,303.3607,287.7754,287.9191,3184940
2021-10-20,289.0921,293.4138,279.1726,293.4138,1967705
2021-10-21,293.6374,296.2698,287.1808,296.2698,1985803
2021-10-22,294.4711,294.4711,282.0234,285.6162,3013820
2021-10-25,282.6864,285.1138,267.0241,267.0241,5557100
2021-10-26,266.3024,271.6938,261.7274,263.6455,1885241
2021-10-27,263.7578,264.2521,255.5227,264.2521,2590933
2021-10-28,261.2076,261.2076,244.0809,246.3228,5439323
2021-10-29,246.0817,249.6979,241.8072,245.2816,1838810
2021-11-01,245.8284,247.2036,245.0733,247.2036,2014061
2021-11-02,246.5857,246.6556,243.1067,243.6511,3068342
2021-11-03,243.8601,246.1420,243.4665,244.4798,1684268
2021-11-04,245.1804,248.3190,244.9190,247.5208,3785898
2021-11-05,247.9498,252.2472,247.9498,251.8781,3384054
2021-11-08,251.7108,251.7108,250.2499,250.5087,2569498
2021-11-09,250.8479,253.4538,250.8479,253.4538,3261717
2021-11-10,253.2929,254.1796,251.5713,252.0795,2035893
2021-11-11,251.7487,253.6173,251.0719,251.0719,1682466
2021-11-12,250.7554,250.7554,248.1185,248.9550,1853727
2021-11-15,248.7741,248.7741,244.7802,246.1097,2457784
2021-11-16,245.4678,245.5582,242.5473,244.0039,2370945
2021-11-17,244.2981,245.9889,244.2446,245.6237,1568836
2021-11-18,246.5818,248.5104,246.5818,248.4966,2865565
2021-11-19,248.7501,250.1993,246.8011,250.1898,2339669
2021-11-22,250.4635,254.8507,250.2179,253.5517,4416481
2021-11-23,254.1310,260.2903,254.1310,259.1672,6913565
2021-11-24,258.6532,258.6532,256.9998,257.3383,2858387
2021-11-25,257.1864,257.1864,254.8248,256.7086,2842964
2021-11-26,256.6936,256.6936,253.4881,256.5609,1545382
2021-11-29,256.5631,257.9411,256.1014,256.5782,1832464
2021-11-30,256.1920,256.1920,250.0897,250.0897,4066682
2021-12-01,251.0279,264.1326,248.1651,259.5355,2893101
2021-12-02,260.6093,264.5579,251.8985,264.5579,2449923
2021-12-03,265.0889,267.1457,262.3472,266.2095,2423874
2021-12-06,262.6383,262.6383,252.3266,252.3266,5329794
2021-12-07,250.4151,250.4151,242.0470,242.0470,3506733
2021-12-08,241.7263,241.9602,239.7513,239.7513,1699997
2021-12-09,239.2018,239.8259,237.5589,237.6229,3487980
2021-12-10,237.2857,238.1529,235.6799,236.5970,3582103
2021-12-13,236.4967,238.0089,236.1984,236.1984,2731358
2021-12-14,235.9239,236.1605,233.9987,234.6477,2161239
2021-12-15,234.8480,237.7074,234.8480,236.6407,2500494
2021-12-16,237.1252,238.1787,235.8419,238.1070,2775347
2021-12-17,239.1677,241.2204,238.9034,241.2204,3614459
2021-12-20,241.9154,245.3599,241.9154,243.8012,3249976
2021-12-21,243.9569,246.3974,242.3934,246.3974,2705584
2021-12-22,246.8001,251.0419,246.8001,251.0419,3989344
2021-12-23,251.1529,252.0022,247.5040,251.4731,1794879
2021-12-24,251.5057,252.2172,250.9341,251.7518,1623559
2021-12-27,251.8503,252.9174,250.2632,252.6480,2211817
2021-12-28,252.7555,253.7611,250.7589,253.0777,4115971
2021-12-29,253.4108,255.2666,252.6802,255.2666,3193119
2021-12-30,254.2587,254.2587,250.2513,251.5671,4914089
2021-12-31,252.4423,254.6487,251.6583,254.6487,3838097
2022-01-03,254.8419,259.0986,254.8419,258.0874,3487682
2022-01-04,257.9912,257.9912,256.0580,257.7333,3534822
2022-01-05,257.5959,257.6378,255.8719,257.1459,2004503
2022-01-06,257.6349,259.4121,255.9149,259.4121,2748085
2022-01-07,259.3694,259.3694,256.6693,259.1922,2024014
2022-01-10,259.9101,263.2199,259.9101,263.2199,2976236
2022-01-11,262.8857,263.2708,261.2799,261.7934,1807043
2022-01-12,262.1868,266.7082,262.1868,266.7082,4317050
2022-01-13,266.6098,266.6098,262.8557,264.9695,2654978
2022-01-14,265.6109,268.8562,265.6109,266.8703,2708212
2022-01-17,266.0485,266.9564,263.3831,263.3831,2897248
2022-01-18,263.3173,264.2639,261.2647,262.2714,2691485
2022-01-19,262.6795,264.2274,262.1387,264.2274,3103166
2022-01-20,265.4261,268.1957,265.4261,268.1957,3570938
2022-01-21,267.6665,268.7892,266.5567,266.5567,2672131
2022-01-24,266.3297,266.7307,264.1972,265.0456,2994619
2022-01-25,266.1765,270.8142,266.1765,270.8142,5263380
2022-01-26,270.5808,271.4036,268.6819,269.4083,3327235
2022-01-27,269.1547,270.1756,265.2709,265.2709,4178852
2022-01-28,264.6913,264.6913,261.2743,262.3542,1826701
2022-01-31,262.5657,263.7873,260.7551,263.1496,2158305
2022-02-01,262.4627,262.4627,259.3496,259.3496,4464274
2022-02-02,259.4659,261.5832,259.0464,260.6734,2414475
2022-02-03,260.6925,261.0259,259.5518,261.0259,1400913
2022-02-04,261.0701,263.2639,261.0701,261.8368,1589961
2022-02-07,261.5845,262.5776,258.8412,260.0177,3024147
2022-02-08,260.6060,265.2298,260.6060,264.0137,3969190
2022-02-09,263.2460,263.2460,258.8543,258.8543,3789801
2022-02-10,259.2843,261.0828,258.2798,261.0828,3326774
2022-02-11,260.6157,261.3918,259.4733,259.4733,2799570
2022-02-14,258.9662,260.2367,256.7587,256.7587,4529156
2022-02-15,256.9745,259.1147,255.4442,259.1147,2430806
2022-02-16,259.3903,261.1290,258.8402,260.0702,2492756
2022-02-17,259.6858,259.6858,255.3659,256.8156,3926155
2022-02-18,256.6138,256.6138,253.7072,253.9808,2943664
2022-02-21,254.0052,255.6603,253.4394,254.3201,2164654
2022-02-22,253.7637,254.2460,250.9248,250.9248,4227885
2022-02-23,250.8611,251.8270,250.2982,250.6081,1702992
2022-02-24,250.4757,250.4757,247.1954,248.9322,2288861
2022-02-25,247.6626,247.6626,245.3047,245.3047,5238503
2022-02-28,244.4935,244.4935,240.5558,241.3722,5467683
2022-03-01,242.7436,246.3606,242.7436,246.3606,4349726
2022-03-02,246.2744,247.7214,246.1074,246.1074,2164309
2022-03-03,246.5512,247.9074,244.2577,247.9074,2116914
2022-03-04,247.9275,248.3456,246.6221,248.1247,1576018
2022-03-07,247.6433,249.9263,245.5168,245.7566,3951616
2022-03-08,246.7675,252.1494,246.7675,251.1447,5968217
2022-03-09,250.6770,250.6770,248.5075,249.1347,2755624
2022-03-10,248.7189,248.7189,245.8745,246.9697,2103537
2022-03-11,246.4917,246.4917,243.3169,243.8896,3186562
2022-03-14,244.1396,248.0327,243.2259,244.6122,3032620
2022-03-15,244.5866,244.5866,241.3071,244.4276,1791698
2022-03-16,243.9901,244.8716,242.3046,242.3046,2896466
2022-03-17,242.6925,245.7799,242.6925,244.8662,2644657
2022-03-18,245.2498,248.0306,245.2498,246.6262,2902343
2022-03-21,247.1125,249.4623,247.1125,248.0446,1957403
2022-03-22,249.2485,252.8217,249.2485,252.5357,3302373
2022-03-23,252.2871,252.2871,249.0226,251.2134,2497931
2022-03-24,251.0181,251.0181,247.3889,247.3889,3647740
2022-03-25,247.6482,248.6150,245.0086,248.5468,3392071
2022-03-28,249.1212,250.6714,247.8629,250.4398,2721061
2022-03-29,250.3823,251.7088,249.2296,249.8032,1739478
2022-03-30,250.2262,253.5643,250.2262,253.5643,2850364
2022-03-31,253.1443,253.1443,249.2002,251.7676,2658432
2022-04-01,252.0868,253.7175,250.8410,253.0459,1873165
2022-04-04,253.7399,255.3567,253.1167,255.3567,3032538
2022-04-05,254.1301,254.1301,249.4741,249.8261,3340064
2022-04-06,250.3994,252.0442,248.9488,251.8610,2621990
2022-04-07,252.2488,254.1912,252.2488,253.6622,1940385
2022-04-08,252.9647,253.6887,245.8101,245.8101,9481625
2022-04-11,245.8831,248.0446,245.3486,246.8151,1528127
2022-04-12,246.5504,246.9107,242.6756,242.6756,2485006
2022-04-13,242.5815,243.9007,241.5637,242.1688,2304004
2022-04-14,241.9746,241.9746,240.2627,241.5271,1871226
2022-04-15,241.9499,243.5196,241.4646,243.4982,2972098
2022-04-18,243.9248,246.3761,243.9248,245.3463,2080641
2022-04-19,245.0212,246.1185,244.4110,244.4110,2537481
2022-04-20,244.8911,249.8537,244.4614,249.8537,5460100
2022-04-21,250.6386,254.5469,249.9670,254.5469,4028494
2022-04-22,254.6659,255.1100,252.5378,255.1100,2184249
2022-04-25,255.0830,256.7001,254.6016,254.6016,1937147
2022-04-26,255.6212,260.4104,255.6212,257.9867,2347000
2022-04-27,258.4331,262.2979,258.4331,262.2979,4747320
2022-04-28,261.7009,261.7009,259.8116,260.2825,2939034
2022-04-29,260.9386,264.4929,260.7712,264.4929,2559447
2022-05-02,264.7452,266.8721,264.0581,266.8721,2586061
2022-05-03,267.4984,269.3724,267.4984,269.3320,3113161
2022-05-04,269.4756,272.8366,269.4756,269.7516,1573604
2022-05-05,268.8551,268.8551,262.0812,262.5403,4996673
2022-05-06,262.2219,262.9901,258.9242,260.2898,3698529
2022-05-09,260.0695,261.1461,259.2271,259.4295,2332213
2022-05-10,259.3349,260.6988,259.0333,259.0333,2240463
2022-05-11,258.4875,259.5723,256.9934,257.3316,2345030
2022-05-12,257.5193,260.2556,256.4889,260.2556,1508513
2022-05-13,259.6827,259.6827,256.7557,258.2145,3368274
2022-05-16,257.2157,257.2157,252.8921,253.0308,5233539
2022-05-17,252.5682,252.7245,248.4704,250.2891,3911497
2022-05-18,250.2317,250.3870,248.4168,249.9729,2120415
2022-05-19,251.0818,254.6677,250.8794,254.0974,5595799
2022-05-20,254.3196,257.7348,254.3192,256.9261,3376201
2022-05-23,257.1242,257.5462,255.1796,257.5462,1995447
2022-05-24,257.5445,257.5445,254.9467,257.5377,1309647
2022-05-25,257.6015,258.3939,256.9621,258.1567,2168423
2022-05-26,258.4999,260.0766,257.4177,259.7610,2375360
2022-05-27,261.5196,265.6690,261.0200,264.8838,4435744
2022-05-30,266.4247,271.5324,266.4247,270.2682,4701254
2022-05-31,270.1058,270.1058,267.6914,269.3336,2283256
2022-06-01,269.7987,272.3384,269.2712,271.3689,2450462
2022-06-02,271.7171,274.0828,271.3658,273.2325,2394069
2022-06-03,274.0469,279.5924,274.0469,277.5585,3485954
2022-06-06,277.4207,279.5074,276.6136,276.6136,3108827
2022-06-07,276.1064,276.1064,273.1482,275.0013,3138126
2022-06-08,275.9676,278.2208,271.0165,278.2208,1824632
2022-06-09,279.3137,286.0457,276.0542,283.7239,2506857
2022-06-10,279.3368,280.2989,270.5603,270.5603,2732468
2022-06-13,270.2444,270.2444,260.0289,266.3155,2755902
2022-06-14,266.1932,266.7426,260.3517,265.7328,1312663
2022-06-15,264.4385,264.4385,254.2056,261.6233,3086745
2022-06-16,262.6792,273.7414,262.6792,266.3306,2350109
2022-06-17,264.9784,264.9784,262.1536,262.1536,3217025
2022-06-20,262.0484,263.0402,261.3010,261.7917,2595312
2022-06-21,261.4405,261.4405,258.7759,259.0436,2199597
2022-06-22,259.2889,261.6110,257.4763,261.6110,1704930
2022-06-23,261.4752,264.8927,261.1127,261.1127,1538533
2022-06-24,261.0036,261.1131,259.4815,260.6968,1595188
2022-06-27,261.5798,267.1864,261.5798,267.1864,4678458
2022-06-28,266.1147,267.6041,263.4771,263.4771,3489781
2022-06-29,263.5959,265.1688,261.6271,265.1688,2578077
2022-06-30,266.0741,270.8572,265.4025,269.2639,4473909
2022-07-01,269.0846,269.0846,266.6497,268.2678,1851972
2022-07-04,268.7059,272.4213,268.1769,270.8273,4859924
2022-07-05,270.7678,270.9907,269.5371,270.5874,1605288
2022-07-06,270.4285,271.4400,269.0666,269.6024,1526795
2022-07-07,268.6074,268.6074,264.9332,265.7665,4500513
2022-07-08,267.1418,270.8667,266.1042,270.3781,2856535
2022-07-11,270.0192,270.0192,267.3982,267.6499,3328825
2022-07-12,267.7367,269.3406,266.4387,269.3406,2208214
2022-07-13,270.0217,272.7928,268.9320,272.7928,4048751
2022-07-14,272.3662,272.9871,270.8794,270.8794,2964306
2022-07-15,271.0955,276.4649,271.0955,274.8744,2170905
2022-07-18,274.6798,275.8822,272.0572,272.0572,3740348
2022-07-19,272.5224,274.0975,271.5541,274.0746,3077281
2022-07-20,273.5550,273.5666,270.3546,272.5038,2411220
2022-07-21,272.5619,273.2595,269.7959,272.7211,1240804
2022-07-22,273.8821,277.5345,273.8821,277.5345,3832270
2022-07-25,277.2217,279.2111,275.3226,275.3226,2548696
2022-07-26,275.4739,276.3506,274.5663,276.3305,1873326
2022-07-27,277.1683,281.7306,277.1683,279.5186,4775819
2022-07-28,280.4873,284.5161,280.4873,283.8896,3037038
2022-07-29,281.2494,281.2494,275.8945,275.8945,4553111
2022-08-01,275.6996,278.8249,273.8187,273.8187,1766161
2022-08-02,272.1322,272.1322,268.7434,268.7434,3516678
2022-08-03,268.8872,270.2744,268.8872,269.3307,1815070
2022-08-04,270.1552,275.9561,270.1552,275.9561,3797726
2022-08-05,276.7222,279.4966,276.2448,278.8465,3370241
2022-08-08,278.4129,279.2702,276.1663,277.1793,2391554
2022-08-09,277.6314,280.2995,277.5935,280.2995,3586854
2022-08-10,280.2848,282.3740,279.5091,280.2083,2122827
2022-08-11,280.2136,280.3028,278.5361,280.2327,1273572
2022-08-12,280.5120,281.4046,279.5016,281.4046,2227730
2022-08-15,281.8560,285.0720,281.8560,285.0720,3533307
2022-08-16,285.1655,286.5880,284.3227,285.8460,1795228
2022-08-17,286.0946,289.3781,286.0946,289.3781,2919040
2022-08-18,290.2369,293.6529,290.2040,293.5422,2841622
2022-08-19,293.2487,293.9958,291.4341,291.4341,2906266
2022-08-22,291.2458,291.2458,286.9820,288.9474,2371809
2022-08-23,290.5773,296.7821,290.5773,295.6892,5046790
2022-08-24,295.4908,296.2758,293.9523,294.1180,1273413
2022-08-25,293.2999,294.6290,290.4676,290.4676,3013397
2022-08-26,291.5251,294.7413,291.1475,294.7413,2263088
2022-08-29,294.3086,294.3086,290.7931,293.3422,2360509
2022-08-30,294.2905,300.3921,294.2905,300.3921,4174697
2022-08-31,299.9885,300.2339,294.8657,296.5523,3191711
2022-09-01,296.5139,297.9873,296.1759,296.1759,1920597
2022-09-02,297.4312,300.7348,297.4312,300.0644,4451367
2022-09-05,299.9793,301.1160,298.6835,299.1237,1572473
2022-09-06,300.1067,303.2467,299.5772,302.7148,3335241
2022-09-07,302.0080,302.0080,299.5257,299.5257,2218098
2022-09-08,299.5127,300.5693,297.0209,299.2801,2710969
2022-09-09,299.6204,303.3396,298.7693,303.3396,3273992
2022-09-12,302.8448,304.4512,298.7415,300.3716,2587181
2022-09-13,301.3512,304.1185,301.0745,304.1185,3297385
2022-09-14,303.7564,304.3362,302.3247,302.3247,3002866
2022-09-15,303.2842,307.6539,302.0758,307.6539,4241877
2022-09-16,307.9826,309.4203,306.5130,309.2482,3021688
2022-09-19,309.3974,311.6291,309.3974,309.8567,2004397
2022-09-20,310.4369,313.9982,310.4369,313.0824,1944412
2022-09-21,312.7726,312.7726,309.8595,311.0628,2488076
2022-09-22,311.0801,313.6223,311.0801,311.4074,2285326
2022-09-23,311.1540,312.1865,309.4618,309.4618,1704977
2022-09-26,308.3161,308.6123,306.1388,306.1388,3228279
2022-09-27,306.4675,307.3001,302.9498,307.3001,1656318
2022-09-28,307.2476,309.0198,306.8893,306.9205,2152850
2022-09-29,306.7318,307.2340,302.7426,304.9252,2062451
2022-09-30,303.5147,303.5147,300.5042,300.5042,5344800
2022-10-03,299.7980,299.7980,296.9140,297.5378,2588950
2022-10-04,297.7624,301.1073,297.3953,299.7711,2848876
2022-10-05,299.4335,300.0600,298.0983,298.7640,2847172
2022-10-06,298.0609,298.3614,295.2709,296.5751,2113578
2022-10-07,295.8453,296.2386,293.6993,293.8625,2471670
2022-10-10,294.0338,295.8115,293.8350,295.4174,3041979
2022-10-11,294.9647,294.9647,291.0403,291.9040,2923154
2022-10-12,291.2590,291.2590,288.5102,289.6997,2007228
2022-10-13,291.2616,297.1082,291.2616,295.8069,3463975
2022-10-14,296.5816,299.2498,295.6613,298.6692,2053493
2022-10-17,298.7906,302.5383,298.7906,299.8615,2004056
2022-10-18,299.1574,300.1636,297.6013,297.6265,1692863
2022-10-19,298.6805,301.9075,296.2376,301.9075,2133689
2022-10-20,302.5434,307.1756,301.7976,304.1585,1496859
2022-10-21,303.1277,303.4467,299.7403,301.0295,3888854
2022-10-24,300.8022,300.8607,298.4165,300.1734,2034562
2022-10-25,300.6797,302.7699,300.6797,302.1232,2618718
2022-10-26,302.7561,306.0871,302.7561,306.0871,3884703
2022-10-27,306.2916,308.2174,304.9024,308.2174,2703242
2022-10-28,308.3054,313.1214,308.3054,309.4466,2779414
2022-10-31,310.4874,313.9067,310.3435,313.9067,2047253
2022-11-01,313.2716,313.2716,310.2941,310.5216,3545247
2022-11-02,311.7806,324.2747,311.7806,318.5924,2853980
2022-11-03,320.5651,326.8504,317.2651,326.8504,2646144
2022-11-04,326.5821,326.5821,311.4214,325.7190,1582158
2022-11-07,326.1030,335.9762,319.7142,327.4679,1642087
2022-11-08,330.9213,342.1835,330.2614,337.6504,2394285
2022-11-09,338.3045,341.3732,332.9911,340.5763,1993422
2022-11-10,340.4527,341.7071,336.3367,339.9044,2102926
2022-11-11,340.1072,343.3169,331.5129,340.5132,1537165
2022-11-14,341.4976,344.8390,335.3884,344.1773,1585575
2022-11-15,342.4418,348.2873,324.0169,324.0169,3282143
2022-11-16,323.3360,323.6307,317.8332,318.7058,2237761
2022-11-17,320.8393,335.6016,320.8393,333.7427,5073998
2022-11-18,333.7969,336.9191,331.7573,334.0617,1399935
2022-11-21,333.8200,337.4231,330.1130,333.0582,1097257
2022-11-22,334.5764,341.4560,332.3570,337.7507,2734260
2022-11-23,335.4036,336.9468,327.1117,327.1117,2231897
2022-11-24,323.8909,323.8909,301.8884,301.8884,3389591
2022-11-25,300.1762,303.2099,295.6417,295.6417,2608156
2022-11-28,295.7014,296.3417,293.4448,296.0309,2023140
2022-11-29,294.5117,301.0037,286.6352,286.6352,2091526
2022-11-30,287.2075,289.9212,271.3571,289.9212,2258532
2022-12-01,293.1095,309.6093,293.1095,304.2332,3526022
2022-12-02,303.8531,304.4371,299.1999,302.5540,1836071
2022-12-05,302.8318,305.7864,299.2134,305.2231,1784881
2022-12-06,304.6021,304.7004,296.9890,303.1167,2140136
2022-12-07,301.6304,303.8229,293.6987,294.4630,2905272
2022-12-08,292.2006,293.0976,281.1479,281.1479,3038847
2022-12-09,279.7752,280.9065,274.1131,274.3451,2189305
2022-12-12,275.2274,280.7246,274.4120,280.7246,3808710
2022-12-13,280.3847,285.9290,278.4407,278.4407,1677084
2022-12-14,278.5427,279.8250,277.8124,278.9793,2149085
2022-12-15,278.7341,280.9610,277.8450,277.8450,2250461
2022-12-16,278.2713,280.4649,277.8388,280.4649,3320044
2022-12-19,280.3508,282.1750,278.7729,278.7729,2363231
2022-12-20,277.1196,277.2171,272.5739,273.7485,3342372
2022-12-21,274.1883,276.3260,273.0051,275.1597,1860312
2022-12-22,275.0645,278.2328,274.7339,274.7339,1659634
2022-12-23,274.7746,275.4776,272.7583,275.0272,2955667
2022-12-26,275.6591,280.1207,275.6591,277.0365,1450625
2022-12-27,276.1097,276.1191,270.9617,270.9617,4826309
2022-12-28,271.1004,271.8644,270.4174,271.8644,2712561
2022-12-29,271.9404,273.0549,271.4335,272.2516,1826679
2022-12-30,273.1398,276.1086,273.1398,275.0744,3413914
2023-01-02,275.8387,277.9620,275.2954,277.9620,2902444
2023-01-03,277.8299,277.8299,275.0691,276.7722,4533826
2023-01-04,277.4679,281.3398,277.4679,279.5669,4154712
2023-01-05,279.1797,279.6497,277.4040,278.3038,2043582
2023-01-06,277.0162,277.0162,271.9563,274.4510,2761966
2023-01-09,274.7191,279.7773,274.2722,279.1709,2433979
2023-01-10,279.3170,281.6985,278.1326,281.6985,2304192
2023-01-11,282.5235,284.3787,281.5569,284.3787,2493994
2023-01-12,283.5843,283.8240,279.7948,280.7769,4653631
2023-01-13,280.4065,280.4065,277.3783,279.5170,2143339
2023-01-16,279.3141,281.1680,278.3791,278.3791,1645936
2023-01-17,280.2011,285.1976,280.1447,284.0963,4302988
2023-01-18,283.4499,283.4499,280.2150,282.0319,2536440
2023-01-19,281.7670,281.7726,278.6760,281.0237,1851771
2023-01-20,280.8095,281.9277,279.6998,280.3449,2814935
2023-01-23,279.2912,279.6323,277.0604,277.0604,3309628
2023-01-24,276.7522,278.5358,273.5066,274.9915,1931246
2023-01-25,274.9225,276.7690,273.4472,274.2637,1647707
2023-01-26,274.8414,278.0141,273.4107,278.0141,3290918
2023-01-27,277.6724,277.6724,275.6510,276.8611,2623408
2023-01-30,277.0685,280.7126,277.0685,278.0444,2015430
2023-01-31,277.5888,277.5888,273.0524,273.0524,5118507
2023-02-01,272.9854,274.7510,272.5189,272.5189,1730794
2023-02-02,272.6388,274.8325,271.0452,274.8325,2564358
2023-02-03,274.1702,275.2632,271.7374,271.7374,3579817
2023-02-06,271.3882,271.7910,269.8114,269.8114,2024044
2023-02-07,269.6089,269.6089,266.3705,268.8407,1741106
2023-02-08,267.1617,267.1617,263.4026,263.4026,3755993
2023-02-09,262.5364,262.5842,260.2198,260.2198,4493697
2023-02-10,260.3642,263.4356,260.3642,260.7699,1584274
2023-02-13,260.1369,262.1008,258.8625,258.8625,2408253
2023-02-14,258.3070,258.8525,256.2010,256.2725,1794060
2023-02-15,256.1682,257.5225,255.5645,255.5645,2049059
2023-02-16,256.2696,259.3699,256.2696,258.4674,3290348
2023-02-17,258.3727,258.3727,254.0695,256.7231,1951463
2023-02-20,256.8187,259.1992,256.8187,257.0862,2235892
2023-02-21,257.3489,258.5177,255.9668,258.1702,1747365
2023-02-22,258.6533,262.3385,258.6533,260.3596,2332252
2023-02-23,260.8842,262.9405,259.1306,262.9405,3046397
2023-02-24,263.1335,264.9528,261.5521,264.9528,2717493
2023-02-27,264.8693,264.8693,260.1582,264.0589,2294059
2023-02-28,263.4405,263.7633,262.2870,262.2870,1567011
2023-03-01,261.9272,262.5817,258.9399,259.3311,2806635
2023-03-02,259.2242,259.6898,257.2460,258.1997,1697098
2023-03-03,258.0192,259.5203,255.7370,257.3019,2029127
2023-03-06,257.0994,257.1391,254.6327,256.4729,1845847
2023-03-07,256.3030,258.4699,255.9433,255.9433,1949517
2023-03-08,255.7826,256.8101,254.6520,254.6520,3322011
2023-03-09,254.8531,258.0930,254.2230,257.8824,5641942
2023-03-10,257.4418,257.4418,255.9867,256.5929,1561459
2023-03-13,256.3960,256.3960,253.3012,255.3441,2195131
2023-03-14,254.9735,255.8130,252.3406,253.3407,1886847
2023-03-15,253.5372,255.6450,252.8472,254.0791,2541928
2023-03-16,253.5470,253.8647,251.0513,252.3606,3213704
2023-03-17,252.0833,252.3301,250.1385,251.0368,1640289
2023-03-20,250.7229,252.7616,249.8691,249.8691,2221924
2023-03-21,250.0097,252.5584,250.0097,252.5051,1991599
2023-03-22,252.0754,253.1643,250.2109,250.6314,2842634
2023-03-23,250.4470,252.0085,249.5951,249.6692,2161346
2023-03-24,249.2764,249.3848,246.1121,246.9721,2261234
2023-03-27,246.2334,246.3770,244.4121,244.7209,2687257
2023-03-28,244.5579,244.5579,241.7323,243.8718,2350486
2023-03-29,244.1322,247.1133,243.4268,246.6058,3508837
2023-03-30,246.6983,246.9460,242.8140,246.9460,2175470
2023-03-31,246.9393,247.2523,245.6796,246.9139,2326759
2023-04-03,246.2631,247.8670,244.3328,244.3328,2519674
2023-04-04,244.4814,245.3145,243.6298,245.3145,2141618
2023-04-05,246.2769,248.7957,246.2769,248.7957,2809975
2023-04-06,248.3306,248.3306,246.0515,246.0515,3825503
2023-04-07,245.4124,246.7728,243.8328,243.8328,3367305
2023-04-10,244.0814,246.1538,244.0814,245.7442,2503783
2023-04-11,243.9046,243.9046,239.0077,239.0077,5217913
2023-04-12,239.7551,241.6855,239.7551,241.1993,2605530
2023-04-13,241.2451,244.1044,241.2451,242.1059,2338044
2023-04-14,242.1796,242.5106,241.6391,242.5106,2278309
2023-04-17,242.4730,242.4730,241.2968,241.7657,2635295
2023-04-18,241.8291,244.7140,241.8291,242.2561,2303264
2023-04-19,242.0629,242.0629,239.8309,240.4322,2882596
2023-04-20,240.7843,242.4825,240.2338,241.6178,1403337
2023-04-21,241.3605,242.3098,238.5036,238.5036,3043682
2023-04-24,239.3902,242.2227,239.3902,241.6890,4279730
2023-04-25,242.1033,246.7053,241.8846,246.7053,4821438
2023-04-26,247.4069,249.7687,247.1536,249.2521,3244563
2023-04-27,250.3441,252.4117,249.3720,252.4117,2460477
2023-04-28,253.9694,258.2336,253.9091,258.2336,3893197
2023-05-01,258.1676,258.1676,257.2358,257.2905,1555851
2023-05-02,257.8696,260.5896,257.8609,259.5030,1689628
2023-05-03,259.6418,261.3118,259.2878,260.6026,1651306
2023-05-04,260.9001,264.2067,260.9001,264.2067,2588456
2023-05-05,264.0318,264.4197,261.5373,263.6791,1995089
2023-05-08,263.5982,264.6099,262.7045,263.2724,2011706
2023-05-09,263.2248,264.5700,262.4958,262.4958,1487441
2023-05-10,260.9679,260.9679,255.6464,256.9122,3746126
2023-05-11,257.1849,258.7686,255.5460,258.7686,2060014
2023-05-12,259.7341,263.4658,259.7341,262.8738,3084992
2023-05-15,262.2776,262.2776,259.4067,259.4676,2848939
2023-05-16,259.1154,259.7793,257.0139,257.9949,2302531
2023-05-17,258.6398,260.6304,258.0097,260.6304,4474671
2023-05-18,260.5360,262.1691,259.7570,259.7570,1510901
2023-05-19,259.6540,259.9938,258.3140,258.6992,2959885
2023-05-22,258.5082,259.9375,257.1472,257.9856,1500754
2023-05-23,257.1532,260.1483,254.7625,254.7625,1863948
2023-05-24,254.9492,257.4060,254.9492,255.7175,1878759
2023-05-25,255.9735,258.6997,255.8403,258.2284,2331395
2023-05-26,257.7131,259.3851,256.0330,256.0330,2051622
2023-05-29,256.7245,258.1798,255.5957,258.1798,2666494
2023-05-30,259.9350,264.4186,259.9350,264.4186,4484375
2023-05-31,265.1605,268.9488,265.1605,267.0121,4519615
2023-06-01,266.7689,268.7114,264.9400,265.9725,1484423
2023-06-02,266.4431,269.5118,266.4431,267.5016,2742934
2023-06-05,267.4560,268.0616,265.2581,267.2312,1837158
2023-06-06,267.5074,271.7716,267.5074,269.6993,2726131
2023-06-07,269.6846,272.0907,268.7914,269.6404,2068471
2023-06-08,269.7803,270.4628,267.6784,270.0699,2369957
2023-06-09,270.0375,270.4027,268.2895,269.5721,2016532
2023-06-12,268.4182,268.6585,265.1268,265.1268,2916084
2023-06-13,265.1219,266.4094,264.0222,265.1119,1679848
2023-06-14,265.5839,269.3129,263.6988,269.3129,4232834
2023-06-15,269.9634,274.9623,269.9634,274.9623,4034438
2023-06-16,274.5356,274.5356,271.6959,271.6959,2810349
2023-06-19,271.4511,272.8734,270.1379,270.9342,2983367
2023-06-20,271.0086,271.7218,269.3783,271.3539,2482881
2023-06-21,270.9835,271.8133,268.9053,270.1313,1944344
2023-06-22,269.8377,270.5206,267.9263,268.5400,1896508
2023-06-23,269.3895,273.4695,269.3895,273.4695,4754831
2023-06-26,273.0606,273.6216,271.5777,271.7497,2245859
2023-06-27,270.6196,270.6196,268.2211,268.4490,4703249
2023-06-28,267.8657,267.8657,265.2477,265.4817,5275405
2023-06-29,265.2159,266.2548,263.9756,264.6243,1201696
2023-06-30,264.5148,266.8414,263.4262,264.3077,1327819
2023-07-03,264.3282,267.1288,264.3282,264.5534,1906471
2023-07-04,264.6906,266.9242,264.2058,264.9614,1342636
2023-07-05,265.1370,267.9774,264.9645,265.5322,2620575
2023-07-06,265.6085,266.9071,264.6140,266.7468,2367682
2023-07-07,267.5408,269.8346,266.5118,269.8346,2951084
2023-07-10,269.9841,271.6780,269.5096,271.6780,1782923
2023-07-11,271.6025,272.2266,270.6499,271.1156,1390357
2023-07-12,271.9708,274.9358,271.9708,274.7731,2658605
2023-07-13,275.2921,277.6689,273.9555,276.8725,2261405
2023-07-14,276.6202,278.6010,275.8849,275.8849,2069837
2023-07-17,275.9893,277.9079,274.5493,277.3187,3067573
2023-07-18,276.7420,279.1855,274.6741,274.6741,3144676
2023-07-19,274.8704,276.3099,274.7787,276.3099,2487509
2023-07-20,276.1026,276.1026,273.6677,274.8517,3783643
2023-07-21,274.1574,275.0317,272.7860,272.7860,1827928
2023-07-24,272.7885,273.0332,271.7315,272.8305,1003544
2023-07-25,272.4366,273.5381,271.2811,271.6368,2206148
2023-07-26,272.2287,273.6305,270.3011,273.6305,2837086
2023-07-27,274.1794,275.8226,271.5909,275.8226,2892084
2023-07-28,274.4670,275.1063,271.7366,271.7366,3584275
2023-07-31,272.1083,273.8289,268.7101,273.7520,2385713
2023-08-01,273.3218,276.3001,270.4400,270.4400,5037375
2023-08-02,270.2312,271.7006,268.4987,269.6214,2125252
2023-08-03,270.6174,274.8701,270.5528,274.3785,2775920
2023-08-04,274.1287,275.9034,273.5004,273.5004,2512544
2023-08-07,273.6085,275.6691,273.6085,274.0368,1793030
2023-08-08,274.2496,275.4951,273.2408,275.4951,2566590
2023-08-09,276.9699,280.5754,276.9699,280.2451,4596350
2023-08-10,280.7051,283.4575,280.7051,282.5494,2222851
2023-08-11,282.6905,283.4325,281.2124,283.3378,1250506
2023-08-14,283.2600,285.5598,282.8566,282.8566,1345661
2023-08-15,282.8523,285.1949,282.6254,282.7880,1064784
2023-08-16,283.8008,286.0995,280.9805,286.0995,2590512
2023-08-17,285.9223,287.7639,285.4225,285.4225,1488272
2023-08-18,284.4063,284.4063,280.3785,280.3785,3292140
2023-08-21,280.6213,284.5762,279.2908,284.5762,5430146
2023-08-22,285.2731,288.6825,283.5009,286.9268,2644987
2023-08-23,287.1836,291.8624,287.1836,287.6880,1885333
2023-08-24,286.8541,288.9767,284.4903,284.4903,2063173
2023-08-25,285.2254,287.1733,284.7208,287.1733,2525761
2023-08-28,286.4744,286.6899,282.1864,282.1864,4839757
2023-08-29,281.8088,282.1029,280.5735,280.5735,2070449
2023-08-30,281.0546,284.2664,280.2188,284.2664,2577605
2023-08-31,284.0710,284.9531,282.8545,282.8545,1930168
2023-09-01,283.4999,287.7237,283.4999,286.9039,2813277
2023-09-04,287.7825,291.0592,286.8127,291.0592,3231464
2023-09-05,290.5969,292.2088,288.1716,288.1716,2616224
2023-09-06,287.9044,288.3166,285.9178,286.5452,1916094
2023-09-07,287.0894,290.0118,285.8743,288.5967,3090559
2023-09-08,288.5876,289.0919,285.9363,288.4884,1844610
2023-09-11,287.5341,287.6452,284.6811,284.6811,2642511
2023-09-12,283.9823,283.9823,280.8468,282.1655,3007839
2023-09-13,281.4260,281.9144,279.5253,279.5253,3535512
2023-09-14,280.5813,285.4102,280.5813,284.1331,2442392
2023-09-15,284.6468,287.2637,283.8654,285.9661,3422797
2023-09-18,285.5969,285.5969,282.3706,284.8772,1845831
2023-09-19,285.0352,285.9522,282.8930,285.3453,1895867
2023-09-20,285.9983,289.6131,285.9983,287.2927,3894702
2023-09-21,287.8239,291.6892,287.8239,290.5556,2402546
2023-09-22,290.5422,291.3464,289.3835,290.4404,2445712
2023-09-25,289.8543,289.8543,287.1530,288.3671,2962506
2023-09-26,287.5498,287.5498,283.6546,284.4126,2360077
2023-09-27,285.4471,289.9421,285.4471,289.9421,5707071
2023-09-28,288.3888,288.3888,283.6587,284.4195,4319923
2023-09-29,284.5668,287.0354,284.5668,284.9832,2136448
2023-10-02,284.2518,284.2518,281.2267,282.7133,2513908
2023-10-03,283.3787,287.9323,282.3275,287.8685,2288168
2023-10-04,287.7823,288.8842,286.8906,287.4300,2366207
2023-10-05,287.6962,288.9816,286.5307,288.9816,3394568
2023-10-06,288.7975,288.7975,285.2530,285.4898,2183536
2023-10-09,285.2779,286.0596,283.2566,284.4755,2390305
2023-10-10,285.0793,287.7410,285.0793,286.4145,2549277
2023-10-11,286.3913,288.0806,285.3761,286.1884,1691195
2023-10-12,287.2858,289.8133,287.2858,289.8133,2625484
2023-10-13,289.1653,289.1653,286.9489,287.4592,2759349
2023-10-16,287.2115,288.5677,285.3084,286.3701,2064138
2023-10-17,286.1122,286.1793,284.3328,285.1600,1815875
2023-10-18,284.9445,284.9445,282.1302,283.5183,5112532
2023-10-19,283.6536,284.5896,282.7284,284.5896,2552615
2023-10-20,284.9996,287.7783,284.9996,286.6545,3720183
2023-10-23,285.7810,285.7810,283.8920,284.1554,3754285
2023-10-24,284.2376,285.0142,283.3374,284.4597,2055211
2023-10-25,284.7551,285.3949,283.6458,285.3949,1565849
2023-10-26,285.4346,286.8395,282.7391,285.5954,2044642
2023-10-27,284.9294,289.8356,283.1039,283.1039,3123874
2023-10-30,283.2445,284.7474,282.2846,284.2801,1615289
2023-10-31,285.2915,287.1870,285.1088,287.1870,3058126
2023-11-01,287.6966,292.5312,286.5001,292.5312,2928228
2023-11-02,292.9620,297.6157,292.9447,296.5210,3841041
2023-11-03,295.8117,295.8117,291.9141,293.0014,2683822
2023-11-06,293.1850,293.5388,291.8863,293.5388,1742499
2023-11-07,294.3457,296.0304,293.0495,296.0304,2527675
2023-11-08,295.4301,296.0944,292.5749,294.2273,2832498
2023-11-09,294.1808,296.0069,293.5849,294.0203,1741963
2023-11-10,294.6559,295.8995,293.8083,295.8995,2637905
2023-11-13,295.9583,298.2835,295.9583,296.3514,2407742
2023-11-14,296.6900,298.8659,294.3248,297.3302,1586933
2023-11-15,297.1898,297.1898,293.2276,296.4155,3750268
2023-11-16,295.7733,295.7733,293.0907,294.4770,2474676
2023-11-17,294.7534,297.6185,294.4793,297.6185,2002828
2023-11-20,297.2344,298.2521,295.9879,296.2168,2087754
2023-11-21,294.6218,294.6652,290.1857,290.1857,4680303
2023-11-22,291.6138,294.5310,288.4420,294.3424,4481728
2023-11-23,294.4953,295.1658,292.3469,295.1658,1753416
2023-11-24,295.2520,296.0504,294.4502,295.7758,1843316
2023-11-27,294.7974,294.9334,292.7079,292.7079,3164047
2023-11-28,292.8240,295.0302,292.6281,293.4864,1496047
2023-11-29,293.7086,297.8844,293.7086,297.8844,2747901
2023-11-30,296.6466,296.7952,293.8493,293.8493,5072059
2023-12-01,294.0152,294.4987,291.7147,294.4987,2275978
2023-12-04,294.9522,296.8870,293.8398,296.8870,2869189
2023-12-05,296.5251,299.5922,295.3698,295.3698,2540873
2023-12-06,294.6878,295.7656,292.9793,292.9793,4396376
2023-12-07,292.5430,292.5430,289.7892,291.1302,2074319
2023-12-08,291.3555,295.7620,291.1166,295.1531,3473147
2023-12-11,295.2266,295.5607,293.9193,295.4344,2286765
2023-12-12,294.6575,294.6575,290.1735,290.4607,4431726
2023-12-13,290.2578,291.5451,287.0319,287.0319,4215151
2023-12-14,287.2793,288.5990,287.2793,287.9029,2561468
2023-12-15,287.7826,287.7826,284.6754,287.4716,1411962
2023-12-18,286.9750,286.9750,283.5240,284.9523,1977295
2023-12-19,284.4179,284.4179,281.5158,283.1042,2042845
2023-12-20,283.0891,283.0891,280.2082,282.9631,1478114
2023-12-21,283.2942,285.3316,282.7175,284.2361,1958069
2023-12-22,283.6960,283.6976,281.3925,281.3925,2711328
2023-12-25,281.6252,282.2150,279.6984,282.2150,2257350
2023-12-26,282.1733,283.3401,281.5690,281.9439,1780820
2023-12-27,281.6401,281.6851,277.5972,280.2938,2303781
2023-12-28,280.0064,280.0064,276.3940,276.8364,2499840
2023-12-29,275.9684,276.2737,273.9521,273.9521,3999651
2024-01-01,272.2552,272.2552,264.1460,265.9545,5172042
2024-01-02,265.0586,266.5029,262.4137,262.6764,2744522
2024-01-03,262.6256,263.4860,261.9469,262.4313,1971231
2024-01-04,262.2052,262.2052,260.4135,260.7410,1873568
2024-01-05,261.0743,264.1747,260.8594,262.6034,2701841
2024-01-08,261.8858,261.8858,256.5953,259.8617,2139502
2024-01-09,261.8157,265.5725,261.6430,265.5725,4519932
2024-01-10,264.4973,264.4973,262.2016,262.4231,2900423
2024-01-11,262.2314,262.2314,259.5572,260.0570,2620369
2024-01-12,260.0122,261.8333,259.7526,259.7526,2033440
2024-01-15,260.0912,261.9681,257.8726,261.5732,2879419
2024-01-16,261.6286,263.5190,261.1610,262.4437,2356910
2024-01-17,262.1083,262.1083,260.1346,260.8891,1697541
2024-01-18,260.9962,262.6879,260.3248,261.6396,2363006
2024-01-19,261.8185,262.9722,261.6244,262.3006,2870414
2024-01-22,263.0991,266.3792,263.0991,265.4924,2421170
2024-01-23,264.1201,264.8218,261.0190,261.0190,3275122
2024-01-24,260.9858,262.4416,259.8292,260.8916,1936343
2024-01-25,262.4919,267.5288,262.4919,267.5288,5253037
2024-01-26,267.1885,267.6419,264.2056,264.2056,3223254
2024-01-29,264.0466,265.0570,263.6320,263.6320,1268438
2024-01-30,263.6841,265.0484,261.7242,263.9387,2054710
2024-01-31,263.8698,265.1084,262.7944,262.7944,1761088
2024-02-01,262.2566,262.2642,259.9685,259.9685,2946252
2024-02-02,261.3740,265.9426,261.1883,265.0118,3314496
2024-02-05,265.8375,269.9175,265.7465,269.7645,4358709
2024-02-06,269.5587,270.9064,267.7860,267.7860,2235889
2024-02-07,268.4087,270.1412,265.4641,270.1412,2399211
2024-02-08,270.0864,271.1576,268.4979,269.8825,1385122
2024-02-09,270.3564,272.5422,270.3564,271.4574,1853222
2024-02-12,271.4316,273.1694,270.3579,271.2998,2160480
2024-02-13,271.3921,273.5535,271.3921,271.9034,1957208
2024-02-14,272.7130,276.0554,272.0064,274.2756,3373897
2024-02-15,273.9077,274.0935,269.3330,269.3330,4308527
2024-02-16,269.2897,270.2130,266.9273,269.1223,2698759
2024-02-19,268.0278,268.0278,263.5835,264.3150,2708038
2024-02-20,265.2587,267.9080,265.2587,267.9080,3972311
2024-02-21,269.3355,274.1675,268.3123,273.1080,4359416
2024-02-22,272.9420,274.2378,269.8974,269.8974,3079395
2024-02-23,269.9777,272.6250,268.4158,271.3381,3275240
2024-02-26,271.6881,276.6668,271.2821,275.2278,4003965
2024-02-27,275.0309,277.7280,274.4126,274.4126,3348555
2024-02-28,274.6434,276.9804,274.3982,275.0888,2635900
2024-02-29,274.9096,275.3154,273.9100,274.4086,1501892
2024-03-01,275.4417,278.9493,275.4417,278.8871,1931919
2024-03-04,278.7037,278.7037,275.2951,277.6969,2997255
2024-03-05,277.3883,277.3883,273.5812,273.5812,2548395
2024-03-06,273.2299,273.2299,272.1219,272.1219,4595893
2024-03-07,272.4770,273.2184,270.2387,273.2184,1582449
2024-03-08,273.1985,273.4044,271.5259,272.8627,1973045
2024-03-11,272.9871,276.3258,272.9871,274.4915,1982301
2024-03-12,274.6699,276.8644,271.2711,276.8644,2871639
2024-03-13,277.0786,279.7551,277.0786,279.7551,1928626
2024-03-14,279.6372,281.2371,278.3061,278.3061,1987145
2024-03-15,277.7256,277.9522,273.8310,275.0802,2403317
2024-03-18,275.1897,276.0672,273.0649,276.0672,1802346
2024-03-19,276.2203,279.9547,276.2203,277.9772,2713744
2024-03-20,277.8708,280.4530,277.0045,277.0045,2096424
2024-03-21,277.8958,282.8609,277.8958,282.8609,4473418
2024-03-22,283.7253,288.4030,283.7253,285.9657,4332213
2024-03-25,286.5292,289.3990,286.5292,288.9431,2934101
2024-03-26,290.1520,293.5626,290.1520,292.5772,2096705
2024-03-27,292.8627,294.3117,292.2469,293.4591,2627097
2024-03-28,293.4155,293.4155,291.8411,292.8986,1648953
2024-03-29,292.5833,294.3369,291.1289,291.8637,2565771
2024-04-01,291.4455,292.5298,289.9119,290.6175,2069008
2024-04-02,290.7619,294.8487,290.7619,291.9274,2079720
2024-04-03,292.4559,295.0179,292.4559,294.1544,3011198
2024-04-04,294.3763,296.8456,294.3763,296.0155,2547167
2024-04-05,296.1721,299.1195,294.6415,296.5407,1455875
2024-04-08,297.7124,300.7276,296.5079,300.5707,3491376
2024-04-09,301.0943,303.5367,299.2715,303.5367,2388741
2024-04-10,304.5009,307.0306,303.4668,306.4427,2192483
2024-04-11,306.5968,308.0594,305.1472,308.0594,2417256
2024-04-12,307.9968,309.7421,306.4102,307.2534,2122205
2024-04-15,305.5220,305.5220,301.2211,301.2211,3407481
2024-04-16,302.0851,304.9362,302.0851,303.7876,2237677
2024-04-17,303.8348,305.7611,301.9118,303.9338,1418630
2024-04-18,304.0187,304.5887,303.3530,304.2832,2633663
2024-04-19,304.3626,304.7030,301.8546,304.7030,2266174
2024-04-22,304.7674,305.3437,302.0737,305.3437,2149193
2024-04-23,306.8130,309.7435,306.7524,309.7435,3169627
2024-04-24,307.9729,308.1235,304.3397,304.3397,3840796
2024-04-25,303.8304,303.8304,301.1302,301.3540,3664874
2024-04-26,301.3899,303.0385,300.6963,301.6241,2085732
2024-04-29,302.2909,304.3710,299.5503,303.9788,2217774
2024-04-30,303.8938,305.9978,301.9147,302.4851,1957380
2024-05-01,302.4672,303.9335,300.6598,302.3692,1972373
2024-05-02,303.7700,308.7353,303.2216,308.7353,3945887
2024-05-03,309.0607,311.4696,309.0607,309.7393,2739617
2024-05-06,309.4389,311.6511,308.8445,308.8445,1868931
2024-05-07,308.9331,313.7138,308.9331,309.7425,1573872
2024-05-08,310.5910,316.8236,310.5910,316.8236,4109842
2024-05-09,315.8396,315.8396,308.7732,312.9772,2170919
2024-05-10,313.7825,315.5260,311.8415,315.5260,2514646
2024-05-13,316.3805,320.2571,316.3805,318.4645,3583801
2024-05-14,318.8965,319.9500,316.2822,319.7443,1488417
2024-05-15,319.9541,322.7511,319.9309,320.8776,1969583
2024-05-16,321.2283,323.9305,318.2104,322.2297,2718287
2024-05-17,323.0672,326.5682,323.0672,325.8906,3688244
2024-05-20,325.4407,325.4407,321.8229,321.8229,2681526
2024-05-21,322.8660,326.4623,320.8287,325.5115,3166732
2024-05-22,325.9743,329.8503,325.9743,326.9923,3809972
2024-05-23,327.0476,328.2480,323.9056,327.7814,2056289
2024-05-24,327.9673,331.5476,327.9673,329.9740,2056913
2024-05-27,330.6774,334.0963,329.1710,334.0963,3136110
2024-05-28,335.5262,338.6095,334.1940,338.6095,3140223
2024-05-29,338.6401,338.7025,336.4348,338.7025,1572920
2024-05-30,340.5837,346.7980,340.5837,346.7980,4951744
2024-05-31,347.0984,349.1875,346.2795,348.3047,3150795
2024-06-03,348.1349,349.2563,346.6425,346.6425,2729895
2024-06-04,347.3644,352.9197,347.3644,351.0597,2943076
2024-06-05,352.0616,357.0433,351.9581,355.6804,3151816
2024-06-06,356.2415,364.4825,355.0789,364.4825,4762249
2024-06-07,362.8339,362.8339,357.3182,359.6891,3163321
2024-06-10,359.2252,359.2252,353.0931,357.1689,2107568
2024-06-11,357.6693,359.7015,355.5081,359.7015,1555348
2024-06-12,360.2891,362.1204,358.0024,362.1204,2446099
2024-06-13,363.0764,367.9399,362.8366,367.9399,3222900
2024-06-14,366.0403,366.0403,361.9613,361.9613,3705484
2024-06-17,362.9964,367.1016,362.8238,365.9258,3895838
2024-06-18,366.8418,368.6061,366.6087,368.6061,3306228
2024-06-19,368.8821,369.7421,366.6278,369.5565,2926621
2024-06-20,370.3830,378.1444,370.3830,373.7034,3176996
2024-06-21,373.8860,376.4859,371.6681,376.4859,2024855
2024-06-24,376.1566,377.2056,370.8473,374.4098,3116542
2024-06-25,373.6301,373.6301,369.0864,370.9608,3603842
2024-06-26,371.8572,375.2874,370.5772,373.8174,3005311
2024-06-27,374.3132,375.9194,373.7689,375.9194,3461301
2024-06-28,376.6835,381.5065,376.6835,379.0071,1765596
2024-07-01,378.7944,378.7944,376.4086,378.2549,1889469
2024-07-02,378.6967,381.9676,375.7910,380.7445,1998044
2024-07-03,379.9614,382.6397,378.4596,378.4596,2110252
2024-07-04,378.1971,378.1971,372.9379,376.7288,2159171
2024-07-05,377.0013,379.9213,377.0013,378.1932,2709824
2024-07-08,378.5711,380.9731,376.5893,379.2741,2174336
2024-07-09,379.1338,380.3994,374.8914,378.4802,1947408
2024-07-10,378.1011,378.1011,374.4255,376.1778,2689047
2024-07-11,376.0464,379.8431,375.7355,375.7355,1825739
2024-07-12,375.4609,375.4609,372.9477,373.1102,2519185
2024-07-15,373.4410,376.1366,372.5646,375.2764,2428451
2024-07-16,373.8571,373.8571,367.5131,367.9712,3729713
2024-07-17,367.9737,367.9860,365.1634,367.9860,1513740
2024-07-18,368.1055,369.6041,367.7621,368.9786,1880239
2024-07-19,368.1775,370.1383,365.6585,366.2327,2623404
2024-07-22,366.8604,368.9242,365.1173,368.9242,1479178
2024-07-23,368.7205,369.0160,366.5018,367.1519,2299758
2024-07-24,366.4296,368.0429,364.3189,364.3189,2986105
2024-07-25,364.9804,366.7101,363.9131,366.7101,1954405
2024-07-26,366.7857,368.7706,364.5893,367.7526,1424163
2024-07-29,367.1531,368.0967,364.8167,365.0521,2965467
2024-07-30,366.0342,370.0031,366.0342,369.9955,3591424
2024-07-31,369.4697,369.4697,363.5361,366.6551,2657302
2024-08-01,365.4877,365.5302,362.0523,362.0523,2543290
2024-08-02,362.2423,366.3054,362.2187,363.3688,2491586
2024-08-05,364.0379,368.4244,364.0379,368.3615,2420509
2024-08-06,370.1503,375.4692,370.1503,375.4692,3563211
2024-08-07,375.6141,377.2854,375.6141,375.9248,1474872
2024-08-08,375.1198,376.8784,370.4703,373.1073,4415396
2024-08-09,372.8724,373.5070,369.3502,371.4641,1468591
2024-08-12,371.8781,373.5134,369.0109,372.9465,2146479
2024-08-13,372.8998,373.9211,371.8322,372.6705,1914156
2024-08-14,370.8718,372.7204,366.1912,366.1912,4420477
2024-08-15,365.5577,366.2520,363.5186,364.1996,1838548
2024-08-16,364.0919,364.5658,363.0215,363.6715,1378357
2024-08-19,363.6755,364.0408,362.1023,363.7255,1507869
2024-08-20,363.5677,365.2131,360.8950,362.8066,1993278
2024-08-21,363.2399,365.1526,361.7030,365.0437,2884158
2024-08-22,364.8251,367.4691,362.6662,362.6662,2080981
2024-08-23,363.0811,366.6938,363.0811,365.6678,2991244
2024-08-26,364.8038,364.8038,361.3836,362.2009,2423692
2024-08-27,362.1116,364.7361,361.5533,361.6040,1893009
2024-08-28,360.7885,360.7885,357.6517,358.3623,2353937
2024-08-29,358.5917,359.4432,357.3503,359.4004,1856019
2024-08-30,360.4115,365.1280,360.4115,365.1280,5092671
2024-09-02,365.0392,365.5792,363.2669,363.6417,1982568
2024-09-03,363.6072,363.8735,361.0995,363.0199,1607189
2024-09-04,365.0922,371.5824,365.0922,371.5824,6803288
2024-09-05,371.0805,372.4015,369.1846,369.1846,1740711
2024-09-06,365.3136,366.5158,351.6423,351.6423,4463143
2024-09-09,350.0899,350.0899,337.4869,339.4703,4514265
2024-09-10,339.2338,342.7826,332.6571,338.1462,2177713
2024-09-11,337.4043,340.1459,329.8907,333.1416,2667059
2024-09-12,330.4173,330.4173,316.5835,316.5835,3724810
2024-09-13,314.1432,319.6945,306.6054,306.6054,5457149
2024-09-16,300.7356,305.6257,284.4474,284.6735,3188804
2024-09-17,284.4558,286.0454,281.5113,283.2079,1790150
2024-09-18,285.4054,291.9196,280.3510,291.9196,2934418
2024-09-19,294.7237,300.3996,288.9863,300.3734,2459533
2024-09-20,301.2529,314.5548,301.2529,305.8446,2257288
2024-09-23,305.8138,305.8138,297.8743,305.5548,1937174
2024-09-24,305.5997,313.0817,305.5997,305.9260,1356191
2024-09-25,306.3537,314.1806,306.3537,310.3776,2733302
2024-09-26,307.9479,307.9479,296.0683,302.9470,2427021
2024-09-27,303.9609,310.6033,303.2649,310.0663,2797682
2024-09-30,308.4175,308.4175,295.1314,295.1314,5722577
2024-10-01,294.6093,294.6093,282.2606,289.0673,2444797
2024-10-02,289.6208,299.9849,287.2623,297.4186,3063742
2024-10-03,297.9216,299.7526,293.8557,299.7526,2349383
2024-10-04,299.1515,301.0519,293.9376,297.1840,1844591
2024-10-07,293.1997,293.1997,278.4882,284.7517,2755431
2024-10-08,283.9429,283.9429,274.8474,279.3146,2423556
2024-10-09,278.3671,279.0292,271.3309,273.6316,1976527
2024-10-10,273.7582,277.3961,271.8884,274.0840,2088711
2024-10-11,272.0366,272.0366,261.8497,267.8290,3252215
2024-10-14,267.6296,267.6296,257.4459,266.6316,1326029
2024-10-15,267.1473,268.3305,259.7952,268.3305,1662616
2024-10-16,267.3435,268.5783,263.8471,263.8471,2597590
2024-10-17,264.0217,272.7813,264.0217,265.4957,1859721
2024-10-18,267.2364,281.4108,267.2364,281.4108,3512556
2024-10-21,281.9605,292.1219,281.9605,291.7463,3649581
2024-10-22,294.1207,302.1521,294.1207,302.1521,2673436
2024-10-23,302.3719,307.5121,301.9711,303.6059,1830953
2024-10-24,306.5609,322.0597,306.5609,322.0597,3250917
2024-10-25,322.4357,326.6339,322.4357,323.2125,2076373
2024-10-28,324.9458,330.4146,324.9458,330.4146,3685105
2024-10-29,330.9527,336.8478,330.9527,336.8478,3631697
2024-10-30,335.3181,335.3181,329.8607,332.0559,3516172
2024-10-31,332.2101,342.0714,332.2101,332.9422,1617984
2024-11-01,334.1628,341.1965,332.2120,341.1965,2887196
2024-11-04,334.9352,334.9352,314.2672,314.2672,4959498
2024-11-05,313.4629,326.5881,306.6859,309.0629,2727263
2024-11-06,308.8632,308.8632,296.0913,306.3382,2871115
2024-11-07,306.6049,315.3935,306.6049,309.7812,1539931
2024-11-08,306.8758,313.3666,300.9081,300.9081,2132376
2024-11-11,299.5753,304.8530,294.6054,296.5131,1054860
2024-11-12,296.4135,302.9852,294.1306,295.6235,1516839
2024-11-13,292.8880,292.8880,281.4607,285.1099,3699671
2024-11-14,283.9574,289.6132,281.2332,281.2901,1729402
2024-11-15,284.5643,293.0981,283.9996,293.0981,3411059
2024-11-18,291.4062,291.4062,281.1253,283.2393,2977500
2024-11-19,281.3769,281.3769,273.0455,274.6585,4486198
2024-11-20,272.2161,275.8933,263.4609,264.7063,2749582
2024-11-21,263.8919,265.8062,254.3498,256.0019,2960022
2024-11-22,256.8764,266.8487,256.8764,266.4616,3065416
2024-11-25,267.5688,273.6751,266.9648,273.6751,2442154
2024-11-26,273.0034,273.0034,269.4548,269.4548,2131872
2024-11-27,270.1927,273.9710,261.7365,273.9710,4523911
2024-11-28,276.2202,289.8504,276.2202,281.1077,3119864
2024-11-29,280.5486,284.3606,278.8246,278.8246,1846229
2024-12-02,278.8400,283.8894,278.8400,278.8700,1510001
2024-12-03,283.0869,307.8030,283.0869,306.6760,6306081
2024-12-04,307.0449,310.4713,306.0261,310.4713,4635354
2024-12-05,309.8613,311.8525,308.6277,308.6277,2703596
2024-12-06,309.2094,311.6224,309.2094,310.7328,2689789
2024-12-09,310.9358,314.4658,310.9358,314.4250,2950794
2024-12-10,314.3884,316.1862,312.4010,313.9415,1908326
2024-12-11,314.1960,319.5414,314.1960,317.9359,2454082
2024-12-12,318.7508,320.7221,317.4709,320.7221,2559856
2024-12-13,320.3576,322.1747,319.1879,319.5067,2161857
2024-12-16,321.1153,325.4632,319.8537,325.4632,3046255
2024-12-17,325.1564,326.0256,323.1807,323.8073,2316728
2024-12-18,323.8961,325.0465,322.1227,324.2655,1980242
2024-12-19,324.0867,325.3457,322.1910,322.1910,1534444
2024-12-20,322.3843,325.1590,322.3843,323.4104,2348316
2024-12-23,323.1117,324.2730,322.4025,322.4025,1322735
2024-12-24,322.4689,323.6247,319.7587,322.9249,2524454
2024-12-25,323.7753,327.4440,323.7753,326.6823,3950069
2024-12-26,326.7730,327.1453,323.6399,327.1453,2212248
2024-12-27,327.4547,330.0621,326.8985,328.2308,1882953
2024-12-30,328.3936,328.9607,324.7113,328.9607,2030990
2024-12-31,327.7271,329.4431,325.1705,325.1705,1993210
2025-01-01,325.2186,326.0370,324.0516,325.4324,2142245
2025-01-02,324.8697,326.5790,322.6757,323.8154,2638337
2025-01-03,322.7230,325.1556,320.3670,320.3670,3977267
2025-01-06,321.5683,324.9628,321.5683,324.7959,3370139
2025-01-07,325.0921,328.1857,324.5523,325.8385,2514481
2025-01-08,325.9278,328.3640,323.6519,327.4238,1910589
2025-01-09,326.1368,326.7923,319.4996,320.3839,2633586
2025-01-10,320.2863,323.5334,319.3890,319.8182,2258933
2025-01-13,320.0620,322.6686,320.0620,322.3337,2302377
2025-01-14,322.5435,324.9994,322.5435,322.9520,1840199
2025-01-15,322.7017,322.7017,320.3537,320.6217,1920936
2025-01-16,320.6084,324.1615,320.4637,320.4637,1583553
2025-01-17,320.4452,320.7784,317.4674,320.1010,2344261
2025-01-20,320.3536,325.0577,320.3536,323.0474,2302058
2025-01-21,324.9473,328.7595,324.9473,328.7595,3952074
2025-01-22,329.0162,331.8772,328.1412,331.6573,2101901
2025-01-23,331.8343,335.4215,331.2940,334.4572,3056874
2025-01-24,334.9289,337.2051,334.0312,336.5955,1844744
2025-01-27,336.7672,338.1981,336.6637,338.1981,3853063
2025-01-28,338.4625,343.4899,338.3392,343.2987,3212905
2025-01-29,342.2741,343.6595,338.2112,338.2112,3247810
2025-01-30,337.3180,339.9176,335.1459,335.1459,2947767
2025-01-31,334.4314,334.4314,332.5994,332.9003,2196986
2025-02-03,333.1307,334.4730,332.4742,333.5686,1905393
2025-02-04,333.6776,336.2691,332.9687,334.2634,2028366
2025-02-05,329.6069,329.6069,319.8478,319.8478,2528918
2025-02-06,317.9702,317.9702,307.8660,312.7636,2408212
2025-02-07,312.8874,317.8730,312.8693,313.1398,3025284
2025-02-10,308.3416,308.3416,297.8065,298.1664,3501933
2025-02-11,296.6544,299.0322,289.0856,292.9551,2005843
2025-02-12,294.3565,307.5545,294.3565,307.4938,2935654
2025-02-13,307.4839,307.4839,303.1184,307.3945,1408001
2025-02-14,308.2986,315.3107,308.2986,312.0708,3090621
2025-02-17,312.8176,319.5922,307.8493,318.4130,2136713
2025-02-18,311.1299,311.1299,294.7395,294.7395,3777268
2025-02-19,294.8630,303.9064,294.8630,295.7655,1509878
2025-02-20,295.0384,295.0384,287.2009,293.3882,1582456
2025-02-21,294.4067,299.3249,289.4873,299.3249,2908774
2025-02-24,306.3178,321.3407,305.6412,321.3407,6505871
2025-02-25,318.9187,322.7551,311.3144,313.0600,3982903
2025-02-26,311.9117,316.1834,303.0995,303.0995,2556413
2025-02-27,300.9251,300.9251,290.2648,293.8490,3032227
2025-02-28,293.0602,295.0019,288.8590,291.2579,1191415
2025-03-03,291.0994,295.3259,285.6834,290.3907,1846322
2025-03-04,290.8029,293.6890,286.2339,292.8565,1749983
2025-03-05,292.1430,292.4125,283.7767,286.1846,2198755
2025-03-06,283.0281,283.0281,265.8233,265.8233,4199373
2025-03-07,266.1360,270.8674,264.0424,269.0414,2585548
2025-03-10,270.0009,271.9383,268.6505,271.9383,2036322
2025-03-11,271.8219,271.8363,267.7037,271.1450,1434514
2025-03-12,271.2021,272.2882,268.8093,272.2882,2964151
2025-03-13,271.7119,272.7807,270.3076,270.3921,1531196
2025-03-14,269.7554,269.7554,267.1499,268.2804,2111987
2025-03-17,267.2595,267.2595,261.9703,262.3872,4335564
2025-03-18,262.3211,262.4451,260.1690,262.1583,1206333
2025-03-19,262.1410,262.1410,258.0191,262.0956,1763064
2025-03-20,260.0143,260.0143,253.5713,255.9959,5669449
2025-03-21,256.2230,257.3940,254.9837,257.0045,3037509
2025-03-24,257.1175,258.8753,256.6065,257.3737,1649358
2025-03-25,257.2171,258.3750,255.4097,255.4521,2521701
2025-03-26,255.4237,255.6478,253.4186,254.9683,2530006
2025-03-27,253.5325,253.5325,248.7448,248.7448,4121448
2025-03-28,248.6182,249.5374,246.7401,247.4759,2199749
2025-03-31,247.2591,247.9129,246.2370,246.6341,1432403
2025-04-01,246.9358,248.3655,245.4740,247.9422,2280443
2025-04-02,248.8007,253.4102,248.6628,253.4102,3976977
2025-04-03,254.0914,256.9293,254.0914,255.6682,1653532
2025-04-04,255.8402,257.5029,255.5598,256.8210,2561736
2025-04-07,256.8982,258.0925,254.5339,257.1981,1605283
2025-04-08,259.0234,263.1153,258.5527,263.1153,3855394
2025-04-09,264.1145,266.6686,262.3867,266.6686,2793219
2025-04-10,266.7980,268.5571,266.5569,267.0947,1603216
2025-04-11,267.0736,269.7942,266.8323,266.8323,1516279
2025-04-14,266.8205,268.0332,264.8259,266.7137,2545983
2025-04-15,266.6743,269.0542,266.1501,266.4939,1256070
2025-04-16,266.1265,266.1265,261.9461,261.9461,3246045
2025-04-17,262.6428,265.6143,262.6428,264.5044,4157188
2025-04-18,265.1960,268.5530,264.2506,267.1363,2505497
2025-04-21,266.9432,267.1321,265.4119,265.4119,2165379
2025-04-22,265.8940,267.9119,265.6794,267.5053,2649512
2025-04-23,267.6296,269.1589,266.6836,268.8837,2642043
2025-04-24,268.9165,270.9909,268.9150,269.4116,1596181
2025-04-25,268.7458,268.7458,265.5452,266.1325,2596809
2025-04-28,266.1846,267.4345,265.7329,266.5169,1799526
2025-04-29,266.9863,268.0106,266.8813,267.9077,2170628
2025-04-30,267.9159,267.9629,264.7546,267.9629,1668193
2025-05-01,268.8249,271.8491,268.8249,271.1893,2120752
2025-05-02,270.9986,272.1168,269.4206,269.4206,2325639
2025-05-05,269.4289,270.8056,268.5195,269.4493,1590451
2025-05-06,270.3141,274.9592,270.3141,274.9592,5407709
2025-05-07,275.9986,282.6789,275.9986,282.6789,3221980
2025-05-08,282.6733,282.6733,281.1692,282.6112,1527705
2025-05-09,282.7093,283.3620,281.2248,283.3620,2385874
2025-05-12,284.0488,286.0632,283.1527,286.0632,2601305
2025-05-13,286.2347,286.8000,284.2242,286.8000,1862915
2025-05-14,287.3732,290.7462,287.3732,288.6316,1596424
2025-05-15,288.1772,291.7247,286.7309,286.7309,1549910
2025-05-16,285.9500,285.9500,284.2507,284.4007,2238568
2025-05-19,284.4512,286.0275,283.7689,284.7751,1627103
2025-05-20,284.9476,285.8082,284.1567,285.8082,1441255
2025-05-21,285.8947,288.0008,285.1337,286.6321,1728752
2025-05-22,287.1911,289.9768,287.1911,289.6856,2991743
2025-05-23,289.9263,292.3280,289.2305,291.0039,1545790
2025-05-26,291.2404,291.9541,290.7040,291.7875,2133806
2025-05-27,291.5003,291.9186,288.6551,290.8573,1684998
2025-05-28,290.7993,291.9290,288.9230,290.4835,2517160
2025-05-29,290.5708,291.9134,289.7752,291.5357,1808930
2025-05-30,291.1442,291.9067,288.3370,288.4010,2094402
2025-06-02,288.9064,292.3954,288.9064,290.1261,1868079
2025-06-03,289.7427,289.7427,288.3248,288.4491,2498430
2025-06-04,288.4127,288.4127,286.0262,288.1358,1557574
2025-06-05,287.4633,287.5963,284.1204,284.7232,2296214
2025-06-06,286.1821,293.8546,285.5726,293.8546,3133901
2025-06-09,294.7281,311.1314,294.7281,303.3867,2639766
2025-06-10,308.4509,323.9141,308.4509,323.9141,3160891
2025-06-11,323.5715,323.7780,317.5042,322.5247,2394433
2025-06-12,322.5525,328.6281,319.8051,322.6545,1524298
2025-06-13,322.8399,332.0933,322.8399,324.1330,1244975
2025-06-16,321.9482,322.4902,315.1114,317.1332,1849569
2025-06-17,315.8453,319.3987,311.0436,311.0436,2467574
2025-06-18,311.1665,311.8605,303.0875,311.8605,1659883
2025-06-19,310.1454,310.1454,303.1269,303.1269,2890703
2025-06-20,304.0236,308.2964,304.0236,307.1363,1583980
2025-06-23,306.8010,306.8010,304.1876,305.9155,1661665
2025-06-24,307.3971,310.9912,307.1295,310.9912,4350566
2025-06-25,311.2591,312.5579,309.7897,312.5579,1965243
2025-06-26,313.4539,317.3046,312.8005,315.5095,2494683
2025-06-27,316.8937,321.9941,315.6438,321.9941,2269219
2025-06-30,321.6823,321.6823,319.1244,319.6099,1690494
2025-07-01,319.7895,320.8495,317.0078,320.1777,1593438
2025-07-02,320.9066,322.3573,317.3166,322.3573,2016097
2025-07-03,323.0555,327.5656,320.5914,327.5656,4727360
2025-07-04,327.5351,328.1510,325.9132,327.1966,1426008
2025-07-07,327.1827,330.0199,327.1128,327.1128,1308179
2025-07-08,327.9436,330.9749,327.9436,329.5170,2007863
2025-07-09,329.4091,329.4091,324.5017,328.4816,1678809
2025-07-10,329.7705,335.3944,329.7705,332.9488,2302210
2025-07-11,332.0769,332.0769,329.1305,330.1900,2111098
2025-07-14,334.0015,343.2329,329.2367,343.2329,2171515
2025-07-15,344.3054,352.4516,341.1440,347.6685,2560065
2025-07-16,347.1766,349.1904,344.8069,345.6707,1393593
2025-07-17,341.0126,341.0126,328.6115,328.6115,4809874
2025-07-18,327.7222,327.9605,323.4980,323.4980,3125497
2025-07-21,323.3681,323.8692,320.6393,322.6447,1667501
2025-07-22,322.6109,326.2694,322.5284,322.5284,1055971
2025-07-23,323.6980,327.3904,323.6980,327.3904,3503548
2025-07-24,326.9739,326.9739,324.1112,325.3926,1956743
2025-07-25,324.8128,324.9054,321.2557,323.6499,1315588
2025-07-28,322.6795,323.8201,320.4386,320.4386,2419340
2025-07-29,320.9696,325.7877,319.7433,325.7458,3585609
2025-07-30,325.8536,326.1100,324.0671,326.1100,1666709
2025-07-31,325.6838,325.6838,321.8037,322.7549,3117739
2025-08-01,321.4113,322.1665,318.4103,318.4103,3325589
2025-08-04,317.8820,319.7627,314.0715,316.8415,1951176
2025-08-05,316.7625,319.3770,315.9444,315.9444,1193289
2025-08-06,317.3721,323.0710,317.3721,323.0710,3419210
2025-08-07,323.4149,325.8097,323.4111,324.1725,1851355
2025-08-08,323.9211,323.9211,319.0964,322.0343,2320259
2025-08-11,320.7943,321.3092,315.3107,315.3722,3048755
2025-08-12,315.3834,321.4138,315.3834,315.4674,1844202
2025-08-13,314.9188,314.9188,307.1349,307.3679,3314726
2025-08-14,307.8753,310.6714,307.8753,310.6714,2354268
2025-08-15,310.1665,310.1665,303.6619,303.6619,2406129
2025-08-18,303.6929,304.9657,303.5290,304.1091,1543105
2025-08-19,302.7250,303.6246,299.4254,299.7495,1913718
2025-08-20,300.8381,304.8736,300.8381,303.1358,3025455
2025-08-21,302.9266,303.7640,301.4217,302.0993,2039646
2025-08-22,302.3635,305.7002,302.3635,303.8618,2448014
2025-08-25,304.6799,309.7070,304.6799,309.7070,3536161
2025-08-26,309.2527,309.2527,305.3682,306.4788,2944675
2025-08-27,306.9629,308.4290,306.0620,308.4290,2544919
2025-08-28,308.1978,308.1978,302.9067,307.4194,1929199
2025-08-29,307.6055,312.2169,307.6055,308.8753,1540107
2025-09-01,308.7386,310.0174,306.2450,308.3900,1501552
2025-09-02,307.3160,307.3160,302.8483,302.8483,2579069
2025-09-03,302.5732,302.5732,300.7416,301.1654,1698425
2025-09-04,300.8745,301.2795,296.3464,296.3464,2858968
2025-09-05,298.3952,304.4024,298.3952,302.4303,2988550
2025-09-08,302.7140,306.1341,302.7140,305.2553,2197278
2025-09-09,305.0167,305.5697,302.0472,304.3815,1813623
2025-09-10,304.2399,305.3837,302.8865,303.9715,1827721
2025-09-11,304.5500,305.6591,302.8650,305.6591,2391946
2025-09-12,305.1025,306.2439,303.2004,303.2004,2463953
2025-09-15,302.6063,302.6063,300.6630,300.8876,2027853
2025-09-16,299.6391,299.6391,296.1373,297.2077,2186379
2025-09-17,297.4841,302.7980,297.4841,302.6537,3224666
2025-09-18,303.0204,305.7913,302.9012,305.7913,2470713
2025-09-19,306.8238,312.3714,306.8238,310.7268,2390574
2025-09-22,310.6226,312.2777,307.9375,310.3318,1377354
2025-09-23,310.6738,314.3990,310.6197,312.2914,2574896
2025-09-24,312.9337,315.8553,312.9337,314.8478,2217723
2025-09-25,313.6626,313.6626,303.8601,304.5416,2822199
2025-09-26,305.4123,312.2206,301.2000,309.2334,1563931
2025-09-29,308.4204,308.4204,299.3433,306.6943,2266510
2025-09-30,305.4125,305.4125,297.8073,302.1045,3446896
2025-10-01,302.9549,311.0537,302.9549,310.9960,2841829
2025-10-02,312.8562,320.2909,312.7032,320.2909,3092445
2025-10-03,322.9578,333.5921,322.9578,332.6575,2188082
2025-10-06,328.9573,328.9573,316.2351,316.2351,3253707
2025-10-07,318.2221,334.4462,316.7674,326.1333,2035460
2025-10-08,318.2005,318.2005,302.7917,303.2585,3498392
2025-10-09,300.6612,304.4967,295.5225,295.5225,2737887
2025-10-10,294.7642,300.5926,288.9099,288.9099,2131412
2025-10-13,288.7531,290.9510,287.0934,287.6760,1758552
2025-10-14,290.6177,304.6237,290.3407,304.6237,3911891
2025-10-15,300.3156,300.3156,291.3359,291.7291,1929299
2025-10-16,289.3042,296.9741,282.5622,282.5622,2999603
2025-10-17,282.7831,288.1225,282.6785,283.6711,1414665
2025-10-20,282.8083,283.6209,276.3617,276.3617,2151760
2025-10-21,275.2410,275.2410,267.7748,270.8975,1851923
2025-10-22,272.2517,287.7588,272.2517,283.7748,4206666
2025-10-23,287.5932,296.9710,286.7784,296.9710,2041419
2025-10-24,297.5477,298.9116,296.0128,298.9116,1480207
2025-10-27,301.3728,307.0038,301.3728,307.0038,4008878
2025-10-28,307.4683,310.8440,307.4683,308.8359,1949349
2025-10-29,309.5548,313.4150,309.5548,312.5790,4381004
2025-10-30,312.4992,313.1715,310.9623,311.8779,1906073
2025-10-31,311.3774,312.3051,307.7832,309.7116,1731985
2025-11-03,310.3644,313.1805,309.1232,312.0683,1880007
2025-11-04,312.3864,318.9502,312.3864,317.4739,3913351
2025-11-05,317.5249,320.2479,317.5249,318.0291,2116022
2025-11-06,317.9316,317.9316,314.5588,317.5437,1419302
2025-11-07,317.7232,319.3366,317.2952,318.5836,1580713
2025-11-10,319.2680,321.4089,317.9765,320.9716,1640718
2025-11-11,320.5870,321.2273,319.3255,319.3255,2437880
2025-11-12,319.9282,323.2646,319.9282,321.6883,2765623
2025-11-13,321.5504,322.2909,320.6457,320.6457,1911448
2025-11-14,319.8835,320.5593,315.7544,315.7544,3164853
2025-11-17,316.1092,317.7444,315.2791,317.7369,3227086
2025-11-18,316.8536,317.6934,313.9633,314.0566,1971240
2025-11-19,314.0274,315.7279,313.2576,313.7750,1519764
2025-11-20,314.5099,316.6151,314.5099,316.1729,1726749
2025-11-21,315.1246,316.6980,311.5214,312.5140,2394326
2025-11-24,313.5177,317.7957,313.5177,317.7957,2176782
2025-11-25,317.8453,318.4413,315.6028,318.0305,1482322
2025-11-26,318.3550,323.0114,316.9032,323.0114,4703815
2025-11-27,323.1645,326.1036,323.1645,324.0356,1749575
2025-11-28,324.9501,328.8892,324.5949,327.3798,2407569
2025-12-01,327.4106,328.9997,325.0309,327.6133,1251202
2025-12-02,327.5550,330.5227,326.1209,327.3264,1262980
2025-12-03,327.2513,328.1925,325.2820,326.2287,1311212
2025-12-04,326.2453,327.2536,324.7018,326.3783,2723372
2025-12-05,326.5622,331.1667,326.5622,328.7909,1927545
2025-12-08,327.3268,327.5753,321.4621,322.0264,2571258
2025-12-09,321.1626,321.9074,318.4119,319.3938,1966246
2025-12-10,320.2480,328.7444,320.2480,328.7444,3152595
2025-12-11,326.5761,326.5761,321.2873,322.3289,3592451
2025-12-12,322.7804,325.7703,322.7804,324.5663,1642482
2025-12-15,325.7448,330.5663,324.8096,328.7431,2793909
2025-12-16,329.2248,330.7111,329.2248,330.6463,1880513
2025-12-17,331.6366,334.8858,331.1010,334.8858,2201776
2025-12-18,336.2917,341.1105,336.2917,341.1105,2911964
2025-12-19,340.8359,340.8359,338.1133,339.3648,1474542
2025-12-22,339.1235,339.1235,335.6316,338.3957,1562412
2025-12-23,339.1831,343.7864,338.7786,341.0396,1678586
2025-12-24,340.7518,343.4695,340.0977,340.0977,2434910
2025-12-25,339.1345,341.1389,329.1492,336.2769,1998210
2025-12-26,335.2405,350.7863,329.4264,330.8173,2451227
2025-12-29,327.1508,327.1508,319.1022,319.3877,2975185
2025-12-30,317.3210,317.3210,296.2403,301.9944,3009790
2025-12-31,301.8904,303.3386,299.9714,301.2806,1328532
